seller_id,seller_state,n_orders,avg_order_value,avg_delivery_time,late_delivery_rate,avg_customer_distance,avg_review_score,low_review_rate,n_customer_states,n_items,revenue,avg_item_value,avg_freight_per_item,n_products,n_categories
3442f8959a84dea7ee197c632cb2df15,SP,3,72.9,13.018587962962963,0.3333333333333333,217.6087278368583,3.0,0.3333333333333333,2,3,218.70000000000002,72.9,9.299999999999999,3,1
d1b65fc7debc3361ea86b5f14c68d2e2,SP,39,292.6453846153846,9.19198806980057,0.02564102564102564,501.6627446617475,4.641025641025641,0.02564102564102564,11,40,11413.17,285.32925,35.253750000000004,30,3
ce3ad9de960102d0677a81f5d0bb7b2d,RJ,1,158.0,4.042291666666666,0.0,338.4540347999494,5.0,0.0,1,1,158.0,158.0,16.21,1,1
c0f3eea2e14555b6faeea3dd58c1b1c3,SP,1,79.99,5.6671875,0.0,359.3881055606589,5.0,0.0,1,1,79.99,79.99,15.66,1,1
51a04a8a6bdcb23deccc82b0b80742cf,SP,1,167.99,35.314861111111114,1.0,67.81801524091941,1.0,1.0,1,1,167.99,167.99,31.93,1,1
c240c4061717ac1806ae6ee72be3533b,RJ,1,59.9,6.056956018518519,0.0,365.394973211365,4.0,0.0,1,1,59.9,59.9,13.99,1,1
e49c26c3edfa46d227d5121a6b6e4d37,PE,34,106.5985294117647,11.620668913398692,0.0,1455.2808695906895,4.5588235294117645,0.058823529411764705,12,35,3624.35,103.55285714285714,32.60885714285714,30,6
1b938a7ec6ac5061a66a3766e0e75f90,SP,29,133.09655172413792,11.460889607279695,0.0,592.260352209077,4.413793103448276,0.06896551724137931,8,31,3859.8,124.50967741935484,27.730645161290322,8,6
768a86e36ad6aae3d03ee3c6433d61df,SP,17,34.5564705882353,5.081859340958606,0.11764705882352941,183.2221337333003,4.647058823529412,0.0,5,17,587.46,34.5564705882353,10.602352941176472,8,2
ccc4bbb5f32a6ab2b7066a4130f114e3,PR,184,396.3408695652174,15.867033640297906,0.06521739130434782,1254.341696742387,4.3224043715847,0.1092896174863388,24,189,72926.72,385.8556613756614,27.3789417989418,12,2
8cb7c5ddf41f4d506eba76e9a4702a25,GO,1,69.0,16.01363425925926,0.0,843.0511636157653,5.0,0.0,1,1,69.0,69.0,28.88,1,1
a7a9b880c49781da66651ccf4ba9ac38,SP,3,102.53333333333335,9.482303240740741,0.0,256.62454095740276,3.6666666666666665,0.0,2,4,307.6,76.9,16.3675,4,1
8bd0f31cf0a614c658f6763bd02dea69,SP,33,135.01030303030302,10.002721310325478,0.030303030303030304,444.59564503907177,4.28125,0.09375,9,35,4455.34,127.29542857142857,27.65657142857143,10,3
05a48cc8859962767935ab9087417fbb,SP,1,42.9,11.276516203703704,0.0,388.4609979217555,5.0,0.0,1,1,42.9,42.9,16.49,1,1
7b8e8ec35bad4b0ef7e3963650b0a87b,SC,5,448.85599999999994,21.90199074074074,0.2,469.4724212280627,4.8,0.0,3,5,2244.2799999999997,448.85599999999994,74.404,3,2
1444c08e64d55fb3c25f0f09c07ffcf2,BA,1,2749.0,10.39494212962963,0.0,1465.9475358263683,1.0,1.0,1,1,2749.0,2749.0,69.74,1,1
166e8f1381e09651983c38b1f6f91c11,SC,2,39.4,14.728483796296295,0.0,604.7211793902292,5.0,0.0,2,2,78.8,39.4,15.1,1,0
e38db885400cd35c71dfd162f2c1dbcf,DF,30,68.89333333333335,12.858261959876542,0.1,932.784405775826,4.466666666666667,0.06666666666666667,9,32,2066.8,64.5875,20.9609375,17,1
d2e753bb80b7d4faa77483ed00edc8ca,BA,14,94.33571428571429,12.98053902116402,0.07142857142857142,944.9800247342612,3.6785714285714284,0.07142857142857142,8,15,1320.7,88.04666666666667,30.282666666666668,9,2
f9ec7093df3a7b346b7bcf7864069ca3,SP,9,57.6888888888889,6.317723765432099,0.0,441.9777322260274,4.777777777777778,0.0,5,9,519.2,57.6888888888889,13.214444444444446,9,5
4e6015589b781adaa5ce7f1892d06bb1,SP,3,228.0,5.894976851851851,0.0,124.23537520421775,3.6666666666666665,0.0,2,3,684.0,228.0,18.833333333333332,1,1
4cf490a58259286ada5ba8525ba9e84a,SP,7,153.6142857142857,24.765550595238096,0.0,807.4994778197115,3.4285714285714284,0.2857142857142857,5,7,1075.3,153.6142857142857,20.364285714285717,6,1
f7496d659ca9fdaf323c0aae84176632,SP,25,193.5068,12.427496296296297,0.04,445.53461771967864,4.56,0.08,9,26,4837.67,186.06423076923076,30.93307692307692,15,2
2ff97219cb8622eaf3cd89b7d9c09824,SP,87,49.874712643678166,8.974518545125585,0.034482758620689655,393.2060040922348,4.540229885057471,0.034482758620689655,14,94,4339.1,46.160638297872346,14.463829787234042,44,14
8bd0e3abda539b9479c4b44a691be1ec,RS,6,70.95833333333333,23.688628472222224,0.3333333333333333,841.4310595716362,2.5,0.5,4,12,425.75,35.479166666666664,17.68916666666667,6,1
2a1348e9addc1af5aaa619b1a3679d6b,MG,48,56.19583333333333,27.313096788194443,0.2708333333333333,582.2843621828589,3.1702127659574466,0.3617021276595745,12,51,2697.4,52.89019607843137,14.262156862745098,33,12
116ccb1a1604bc88e4d234a8c23f33de,SP,61,32.86704918032787,9.04657786885246,0.03278688524590164,362.2204393857738,4.639344262295082,0.03278688524590164,11,73,2004.89,27.464246575342468,12.923835616438355,27,5
430315b7bb4b6e4b3c978f9dfa9b0558,SP,19,150.7578947368421,13.557284356725146,0.05263157894736842,562.615384530722,3.9473684210526314,0.21052631578947367,8,20,2864.4,143.22,27.508,13,8
406822777a0b9eb5c50e442dd4cd3ec5,SP,44,80.6384090909091,13.384291351010102,0.11363636363636363,473.4382791228627,4.325581395348837,0.09302325581395349,11,46,3548.09,77.13239130434783,19.589565217391304,18,2
4dbd95a08b31ede5c82d3f861cb1ce1a,PR,4,92.69500000000001,12.341614583333333,0.0,1474.8771052743182,4.75,0.0,4,4,370.78000000000003,92.69500000000001,23.285,4,2
e9e446d01bd10a97a8ffcfc4a3a20cb2,SP,3,17.05,5.304830246913579,0.0,43.072029489603466,4.333333333333333,0.0,1,3,51.15,17.05,7.39,3,1
d52cbce9845184537284a23c3bc3da0e,SC,2,37.5,10.566354166666667,0.0,669.5746980067422,5.0,0.0,2,4,75.0,18.75,15.945,3,1
d9a84e1403de8da0c3aa531d6d108ba6,SP,53,26.137735849056604,7.519655616701606,0.05660377358490566,433.00946845072855,4.584905660377358,0.05660377358490566,13,58,1385.3,23.88448275862069,12.480172413793104,35,5
9c690ceacd5c66731bf443ea810195cb,MG,10,87.17999999999999,7.593199074074074,0.0,241.42865305599554,4.3,0.1,3,12,871.8,72.64999999999999,20.768333333333334,2,2
1f9ab4708f3056ede07124aad39a2554,SP,76,175.17013157894738,14.516997593810917,0.05263157894736842,880.8227531148146,4.093333333333334,0.08,16,77,13312.93,172.89519480519482,30.90545454545455,5,1
1961c3e1272bfeceb05d0b78b5bbfdaf,SP,2,328.5,6.7361921296296305,0.0,392.58606871445136,4.5,0.0,2,3,657.0,219.0,13.003333333333332,1,1
d3e7d37c0df9aef383f3f2a15b0dddfb,PR,1,161.0,13.07738425925926,0.0,647.7267299561676,5.0,0.0,1,1,161.0,161.0,40.34,1,1
ec2e006556300a79a5a91e4876ab3a56,SP,2,38.7,13.50111689814815,0.5,21.753494961116527,1.5,1.0,1,6,77.4,12.9,8.055,1,1
b2a6d334e2833acea353624840e25a0e,SP,25,66.0392,10.790025,0.0,646.1675385430037,4.48,0.08,11,26,1650.98,63.49923076923077,14.908076923076923,6,4
d3674f271c91f824f82d24d92011f669,DF,20,85.91499999999999,13.77093576388889,0.1,776.2168674500291,4.1,0.15,8,20,1718.3,85.91499999999999,19.176,6,2
768de2a4fc06aacecb9a586ccc30746a,DF,13,34.05384615384615,14.864153311965813,0.0,814.6090468237643,4.384615384615385,0.07692307692307693,6,13,442.7,34.05384615384615,17.00076923076923,2,2
a81466620e46a6970b22ef40379fdfc9,SC,2,160.9,7.190133101851853,0.0,497.3450798614165,5.0,0.0,2,2,321.8,160.9,16.49,1,1
5c030029b5916fed0986310385ec9009,SC,7,594.9142857142857,6.232266865079366,0.0,893.4122245237083,4.857142857142857,0.0,7,10,4164.4,416.43999999999994,91.55,6,1
c0f783394e37cd9c9d7f5f81141450fa,SP,6,41.56666666666666,13.170179398148148,0.0,394.9263941264764,3.6,0.2,4,6,249.39999999999998,41.56666666666666,14.558333333333332,5,0
c353f8fc0ce8344999f17d578eb69a5e,RS,2,87.99,9.96112847222222,0.0,1237.8981141414758,5.0,0.0,2,2,175.98,87.99,18.295,1,1
8444e55c1f13cd5c179851e5ca5ebd00,MG,92,233.4886956521739,21.080529388083736,0.06521739130434782,438.4039099546705,3.369565217391304,0.32608695652173914,15,102,21480.96,210.59764705882353,19.26186274509804,52,12
28a26ebce31d5918b181ede016fd693b,MG,1,29.9,11.071064814814815,0.0,672.1723026958725,5.0,0.0,1,1,29.9,29.9,17.14,1,1
41ab63a91b8b264e8c8780368bf1dd5b,MG,12,214.32916666666665,16.308802083333333,0.0,684.9384972163895,4.25,0.16666666666666666,6,13,2571.95,197.84230769230768,23.25153846153846,9,7
8759e7aedd644f487315e5860962f162,SP,3,209.0,32.80336033950618,0.3333333333333333,1055.8252445371047,3.6666666666666665,0.3333333333333333,3,3,627.0,209.0,55.446666666666665,1,1
e546117ed9cafbc40239c0c78635c584,SP,2,228.0,6.369074074074074,0.0,246.71267878363133,4.5,0.0,2,2,456.0,228.0,14.17,1,1
d71d863e5ef30d94e440c11be17dcd8f,SP,23,402.0391304347826,19.15844555152979,0.13043478260869565,732.9394106195533,3.3333333333333335,0.38095238095238093,10,30,9246.9,308.22999999999996,22.439666666666668,6,5
0c7533c71df861ec58ad7ff999ed0e8d,SP,61,49.00491803278688,10.811724537037039,0.04918032786885246,469.3662398095191,4.147540983606557,0.14754098360655737,13,73,2989.2999999999997,40.94931506849315,11.975479452054795,29,1
ef990a83bbea832f36ebe81376335aa8,SC,43,107.96720930232559,16.922471468561582,0.20930232558139536,772.8416772956479,3.627906976744186,0.2558139534883721,9,44,4642.59,105.5134090909091,20.787499999999998,8,2
41e0fa5761c886a630994a55c12087e7,SP,5,84.72,10.239402777777778,0.0,174.14896502558955,5.0,0.0,2,5,423.6,84.72,13.662,2,1
0747d5bb69f0586cc869d8af4c50f93e,RJ,12,26.900000000000002,14.152275270061729,0.08333333333333333,497.0361264272257,3.75,0.25,7,13,322.8,24.83076923076923,13.956923076923077,9,1
7d294cf9a6a69dc6a0c3e540fff0e039,SC,5,51.45,8.816810185185187,0.0,619.8746186365846,4.4,0.0,5,5,257.25,51.45,38.826,1,1
c89cf7c468a48af70aada384e722f9e2,RJ,14,53.214285714285715,14.189191468253968,0.07142857142857142,522.7671210077702,4.0,0.15384615384615385,8,14,745.0,53.214285714285715,16.143571428571427,7,1
b7ba853e9551f4558440881fd3e5c815,RS,1,136.9,34.95599537037037,0.0,1079.4457397173692,1.0,1.0,1,1,136.9,136.9,25.7,1,1
13c2ed7698b3ca92dad49e849219da59,PR,8,62.32625,10.88997974537037,0.0,545.457974439726,4.375,0.125,6,9,498.61,55.40111111111111,17.186666666666667,7,1
cbbd5ae8f53de5f5097cd8217b529e24,SP,1,175.9,20.768761574074073,0.0,1521.7933122845639,4.0,0.0,1,1,175.9,175.9,32.26,1,1
02ecc2a19303f05e59ce133fd923fff7,SP,21,250.67571428571432,11.091394400352733,0.0,487.9402537629027,4.619047619047619,0.047619047619047616,10,24,5264.19,219.34124999999997,19.925416666666667,17,3
c013e57c075a06e5b5c48ee03c525719,SP,42,46.94166666666666,9.190875220458553,0.047619047619047616,501.51299286389906,4.238095238095238,0.09523809523809523,12,45,1971.55,43.81222222222222,19.04688888888889,13,1
55f7a3319d80f7fdf078b8f03e6725fe,SP,22,136.99,6.7771659301346805,0.045454545454545456,400.84071156251974,3.772727272727273,0.18181818181818182,7,22,3013.78,136.99,18.485,4,2
2d50d6282f8aa2257819a77bfaa0efe0,SP,42,71.63047619047619,13.652660659171076,0.09523809523809523,560.8087080557139,3.8095238095238093,0.19047619047619047,9,43,3008.48,69.9646511627907,17.538837209302326,14,3
b7e1750c1157341d2abd0251e07c186b,SP,3,53.199999999999996,10.344594907407407,0.0,614.4033372752701,4.333333333333333,0.0,3,4,159.6,39.9,15.24,4,2
b90e891671cffd9557f33a97dc523645,PR,34,130.85294117647058,7.635536832788671,0.0,475.27364127635343,4.323529411764706,0.08823529411764706,7,39,4449.0,114.07692307692308,16.213076923076922,13,2
a416b6a846a11724393025641d4edd5e,SP,157,158.79133757961785,12.49271017633876,0.10828025477707007,626.2269215394292,4.2165605095541405,0.14012738853503184,21,176,24930.24,141.64909090909092,16.679318181818182,109,2
7e93a43ef30c4f03f38b393420bc753a,SP,319,520.3181504702194,11.314592621618484,0.047021943573667714,675.1360742828571,4.364779874213837,0.08176100628930817,21,322,165981.49,515.4704658385093,18.60888198757764,175,7
f410c8873029fcc3809b9df6d0b28914,SP,2,144.9,7.698258101851852,0.0,556.7446660500406,5.0,0.0,2,2,289.8,144.9,18.65,2,1
ef506c96320abeedfb894c34db06f478,SP,316,30.242088607594937,13.462722178270042,0.07911392405063292,780.2935963663749,3.961783439490446,0.1624203821656051,24,332,9556.5,28.78463855421687,15.338253012048193,115,4
a13aaf2d2886ab9fb30fb9a920160b8f,SC,4,252.88,9.351059027777778,0.25,243.29583550402492,4.5,0.0,2,4,1011.52,252.88,18.5775,1,1
7299e27ed73d2ad986de7f7c77d919fa,MG,335,101.8132537313433,11.29805800856827,0.041791044776119404,662.1740622568642,4.429850746268657,0.06567164179104477,20,358,34107.44,95.27217877094972,19.00695530726257,88,13
8a9260f2b0340411d6d2a56bcf4f7378,MG,8,157.0,10.00283130787037,0.0,528.0903107781572,4.75,0.0,4,9,1256.0,139.55555555555554,15.66,4,4
dedcab67899479e4ea5dcc4eba47f587,SC,2,42.0,5.555057870370371,0.0,57.508848132982976,4.5,0.0,2,2,84.0,42.0,10.82,1,1
b2479f944e1b90cf8a5de1bbfde284d6,SP,101,46.20326732673267,15.400404519618627,0.1188118811881188,550.9382177083902,3.5,0.28,14,129,4666.53,36.174651162790695,17.11395348837209,37,3
7722b1df1b0e383e000397b2c11e3e19,SP,133,52.981954887218045,8.353897852269561,0.03007518796992481,384.5525843220745,4.2272727272727275,0.11363636363636363,17,144,7046.6,48.93472222222223,14.301944444444445,76,8
731ef20c231d9a7103a425e83fd91271,SC,2,846.0,12.976006944444446,0.0,1171.417960324084,3.5,0.0,2,3,1692.0,564.0,168.53333333333333,1,1
78813699ffac347fe27dba345a5f1551,RS,1,152.42,9.042847222222223,0.0,1087.5695055006963,5.0,0.0,1,1,152.42,152.42,48.12,1,1
3296662b1331dea51e744505065ae889,SP,1,517.8,3.404826388888889,0.0,197.79254315137453,5.0,0.0,1,1,517.8,517.8,27.71,1,1
411f3b52d857390502ee4e4d5ceabc2d,SP,21,85.90523809523809,9.823347111992945,0.09523809523809523,327.93634876831806,4.105263157894737,0.15789473684210525,7,30,1804.01,60.13366666666666,12.623666666666667,13,4
bba3293d6f5d5af2f415e004e8b93ae3,SP,17,688.3588235294118,12.072742374727667,0.058823529411764705,632.9998237862127,4.294117647058823,0.11764705882352941,9,17,11702.1,688.3588235294118,19.217058823529413,7,2
4e7c18b98d84e05cbae3ff0ff03846c2,SP,81,111.59135802469136,12.090135888203019,0.037037037037037035,568.0057039630608,4.2125,0.175,15,88,9038.9,102.71477272727272,32.08477272727273,31,4
b56906f7fd1696e043f1bcce164c487b,SP,40,53.71225,12.87296412037037,0.05,855.9479966032102,4.0,0.2,9,42,2148.49,51.1545238095238,20.165,20,2
d650b663c3b5f6fb392b6326366efa9a,SP,57,321.6824561403509,9.836265432098765,0.05263157894736842,450.8534888421281,4.368421052631579,0.07017543859649122,10,57,18335.9,321.6824561403509,14.949298245614035,29,2
669ae81880e08f269a64487cfb287169,SC,161,81.57683229813665,12.194995542903152,0.043478260869565216,693.0232093510429,4.2625,0.11875,14,185,13133.87,70.99389189189189,18.115297297297296,16,3
c2d70ce2c5d0a2eb75e78668236e6dc8,SP,13,190.06923076923078,8.32455039173789,0.0,420.24346918118994,4.615384615384615,0.0,7,15,2470.9,164.72666666666666,15.267999999999999,4,1
674207551483fec113276b67b0d871ff,SP,1,119.9,1.869537037037037,0.0,97.16448392304633,5.0,0.0,1,1,119.9,119.9,13.94,1,1
abe42c5d03695b4257b5c6cbf4e6784e,RJ,49,346.9387755102041,14.357426303854876,0.16326530612244897,714.7776901574048,3.9583333333333335,0.16666666666666666,13,49,17000.0,346.9387755102041,19.337755102040816,36,2
1996942dc085d7773ba77a529b163cd0,SP,9,264.8355555555556,11.793770576131687,0.0,875.0358700387328,4.222222222222222,0.1111111111111111,5,9,2383.52,264.8355555555556,20.586666666666666,7,2
79b93a308a97792cf53ac75f46da00b5,RJ,1,99.9,22.515162037037037,0.0,1208.427434687936,5.0,0.0,1,1,99.9,99.9,16.14,1,1
7cf4ea70955b00d6b3c22542598e2715,SP,1,189.9,7.103148148148148,0.0,327.80290950538193,5.0,0.0,1,1,189.9,189.9,14.91,1,1
63ffcb71394dd8ea3872ed9ffda17c74,RJ,17,23.470588235294116,13.25094566993464,0.058823529411764705,498.5917638846634,3.176470588235294,0.29411764705882354,8,17,399.0,23.470588235294116,15.571764705882355,5,1
83353a83fd769dfafa4f21a72b15e3e5,SP,5,115.9,18.56,0.2,375.2846516051289,3.8,0.2,3,5,579.5,115.9,18.966,5,1
cda598c48d7c614bc1cad7d8ff6f0010,SP,17,65.80000000000001,7.950499046840959,0.0,537.5114199158797,4.0588235294117645,0.058823529411764705,6,18,1118.6000000000001,62.14444444444445,16.755555555555556,4,4
d4910f1cdcfdabd48d6b316e395d4a23,SP,11,104.26181818181819,6.125251473063972,0.0,397.1337386109089,4.909090909090909,0.0,5,12,1146.88,95.57333333333334,17.919999999999998,2,1
709e16e2b25c7474d980076c6bfc4806,SP,60,85.865,10.642324652777777,0.03333333333333333,702.9561515164637,4.516666666666667,0.016666666666666666,13,80,5151.9,64.39874999999999,15.337,39,5
9dc79dd988ac42f4d56c340d7048420a,SP,4,187.4,6.52150462962963,0.0,844.1502785165885,4.75,0.0,4,4,749.6,187.4,23.5825,3,1
276677b5d08786d5dce7c2149dcce48b,MG,31,110.45806451612903,12.060317727001195,0.06451612903225806,544.8051624862342,4.032258064516129,0.1935483870967742,10,45,3424.2,76.09333333333333,17.005555555555556,18,6
9c4d31c7e46ab03a43fc06e3142afd4e,RJ,2,609.45,6.894334490740741,0.0,406.18414461681107,4.5,0.0,2,2,1218.9,609.45,21.910000000000004,2,1
512d298ac2a96d1931b6bd30aa21f61d,RJ,11,672.9036363636363,10.706315235690235,0.0,488.0044391374982,4.2727272727272725,0.18181818181818182,5,12,7401.94,616.8283333333333,26.8275,8,3
422be4cc81a457fdb46f47edeb968ae5,SP,1,239.9,18.136979166666666,0.0,320.84554023468223,5.0,0.0,1,1,239.9,239.9,77.47,1,1
99cd94252748d2bdde08e17858233602,SP,2,79.9,3.0130844907407406,0.0,64.28143691843736,4.5,0.0,1,2,159.8,79.9,10.760000000000002,1,1
698624c6632eeba1774924dbea24c700,SP,1,19.9,6.968645833333333,0.0,500.233572295314,5.0,0.0,1,1,19.9,19.9,15.23,1,0
8bb48dc19fccaa8613b6229bf7f452a2,SP,82,51.10634146341464,11.476086833785004,0.024390243902439025,666.364876260345,4.414634146341464,0.08536585365853659,15,95,4190.72,44.11284210526316,19.55157894736842,47,4
ad87df7699e83b8a91822a4a0b765c3a,SP,5,61.98,10.893604166666666,0.0,717.2690373770718,4.0,0.0,4,6,309.9,51.65,13.229999999999999,5,2
d6b664fa0667064c6d76394e7848d790,SP,6,1013.3333333333334,17.545335648148146,0.0,899.6349514508488,4.833333333333333,0.0,6,6,6080.0,1013.3333333333334,54.056666666666665,2,1
98f52e1020fe788c10c0418de4393fec,RJ,1,21.6,9.267129629629629,0.0,548.3119363451525,4.0,0.0,1,1,21.6,21.6,15.1,1,1
62760d278921b5f352461620d68a9cee,SP,3,132.33333333333334,19.679513888888888,0.3333333333333333,332.0457066790523,3.6666666666666665,0.3333333333333333,2,3,397.0,132.33333333333334,17.7,2,1
eb72802c83dc7547529c9546d1a9b8ef,SP,8,132.99,6.2112832754629625,0.0,270.988953741704,4.625,0.125,3,8,1063.92,132.99,14.71375,7,6
3f9be91358837bff69df67edfa3e42e8,PR,7,81.38571428571429,9.842959656084657,0.0,561.7617528844542,4.428571428571429,0.14285714285714285,3,7,569.7,81.38571428571429,18.90857142857143,4,1
1d4587203296c8f4ad134dc286fa6db0,SP,40,57.1875,9.463649884259258,0.025,568.1322235151713,4.35,0.1,11,41,2287.5,55.792682926829265,15.961219512195122,29,1
791cfcfe22fe4a771ece27f90017da92,SP,1,298.13,28.20550925925926,1.0,512.0827951572389,1.0,1.0,1,1,298.13,298.13,17.85,1,1
392f7f2c797e4dc077e4311bde2ab8ce,RN,2,26.0,5.309016203703703,0.0,708.0985897155631,5.0,0.0,2,2,52.0,26.0,18.28,1,1
0c8380b62e38e8a1e6adbeba7eb9688c,MG,180,95.71661111111112,12.980510288065846,0.05,455.16452959465687,4.073033707865169,0.1348314606741573,15,218,17228.99,79.0320642201835,18.67775229357798,92,3
37be5a7c751166fbc5f8ccba4119e043,SP,269,203.4778810408922,10.649036512116204,0.026022304832713755,583.8517665953756,4.323308270676692,0.09022556390977443,21,278,54735.55,196.8904676258993,21.659028776978417,9,2
87d73636a3acf123e842bb890a4db036,SP,1,269.9,13.000717592592592,0.0,492.8118344171679,5.0,0.0,1,1,269.9,269.9,43.71,1,1
3d3ccf2b2f8134b10dce9dd446f0e075,SP,3,202.86666666666667,16.772862654320985,0.3333333333333333,985.0787727981341,3.3333333333333335,0.3333333333333333,3,3,608.6,202.86666666666667,47.31,3,1
e24d3429d294b2eb200b064ebb035879,SP,19,98.87263157894736,7.711454678362573,0.05263157894736842,681.5438727682592,4.2631578947368425,0.10526315789473684,10,22,1878.58,85.39,16.914545454545454,14,1
44073f8b7e41514de3b7815dd0237f4f,DF,142,129.44112676056338,13.152955301251957,0.035211267605633804,930.9043287765518,3.74468085106383,0.20567375886524822,21,151,18380.64,121.72609271523179,20.78708609271523,76,14
05ca864204d09595ae591b93ea9cf93d,SP,1,179.9,5.168472222222222,0.0,19.55958415080784,5.0,0.0,1,1,179.9,179.9,8.52,1,1
9d39404483343dd55c7ae254494d8388,SP,10,29.32,14.386840277777779,0.1,776.3571255538584,3.5,0.3,6,10,293.2,29.32,14.107999999999999,4,1
75745ef7bc7d4f3ea3380f6f5303f514,DF,3,76.13333333333334,5.69443287037037,0.0,891.4876471460757,5.0,0.0,2,3,228.4,76.13333333333334,16.30666666666667,3,2
0692610d8abe24f287e9fae90ea0bbee,SP,4,43.4975,6.603399884259259,0.25,13.918510769932677,4.0,0.0,1,4,173.99,43.4975,7.9325,3,2
7b07b3c7487f0ea825fc6df75abd658b,SP,91,101.75241758241758,9.585440705128205,0.04395604395604396,449.6506271788231,4.417582417582418,0.0989010989010989,13,96,9259.47,96.4528125,13.465520833333334,65,2
99002261c568a84cce14d43fcffb43ea,MT,36,113.55555555555556,16.837109374999997,0.05555555555555555,1179.876934060337,3.7222222222222223,0.16666666666666666,13,36,4088.0,113.55555555555556,30.56472222222222,19,2
e5899683388855d3dabe8913bbe365de,SP,3,150.96,7.7213618827160495,0.0,1007.0788687114841,4.0,0.0,3,3,452.88,150.96,26.993333333333336,3,1
784ba75dd9d20200c4caed3d7a77141a,SP,19,428.5436842105263,13.691990740740742,0.10526315789473684,557.5033167090627,4.131578947368421,0.15789473684210525,8,22,8142.33,370.1059090909091,27.273636363636363,11,3
099095b050cfe8eb1ddff5317587e96e,SP,16,312.74,11.334448061342593,0.1875,354.5084061082537,3.375,0.375,5,19,5003.84,263.36,36.9521052631579,11,8
0ad80de75c811326389cfb1daba7d45e,RJ,6,241.56666666666663,8.998383487654321,0.0,415.1090069455843,5.0,0.0,5,6,1449.3999999999999,241.56666666666663,19.22,6,1
b9a03475e6447e631b6799ec8274800f,PR,10,134.91,10.848541666666666,0.0,982.2459954884504,4.2,0.1,6,11,1349.1,122.64545454545454,26.816363636363636,7,3
ba6b4a237f92479743cf0ca06b67a9ac,RJ,8,100.23625,12.598758680555555,0.125,553.7448923083084,4.25,0.125,4,8,801.89,100.23625,13.9775,5,5
ea00f977a203ff88adf7057cb7806998,SP,18,21.20722222222222,5.417617669753087,0.05555555555555555,134.7750747473702,4.277777777777778,0.05555555555555555,3,18,381.72999999999996,21.20722222222222,9.793888888888889,5,1
82e0a475a88cc9595229d8029273f045,SP,41,262.1468292682927,16.00178071364047,0.0975609756097561,797.3596301286868,3.6341463414634148,0.2926829268292683,16,79,10748.02,136.05088607594936,18.587088607594936,38,1
ad75519a07f039025e83795a4418470f,GO,3,100.7,9.542349537037039,0.0,656.7539834615704,3.6666666666666665,0.3333333333333333,2,9,302.1,33.56666666666667,12.86888888888889,3,1
ed4acab38528488b65a9a9c603ff024a,SP,31,408.01483870967746,9.886824223416966,0.0,411.43901011899914,3.806451612903226,0.1935483870967742,9,39,12648.460000000001,324.3194871794872,15.414871794871793,29,4
f0837c8d71434931d9e38e7b79234797,RS,22,156.67727272727274,11.822301136363636,0.045454545454545456,888.6677520852423,4.590909090909091,0.0,8,23,3446.9,149.86521739130436,26.19391304347826,8,1
fce62094ffe6a4009188ec44e681dfdd,SP,4,742.425,13.50243923611111,0.25,819.9278330199476,4.0,0.25,3,11,2969.7,269.97272727272724,43.902727272727276,3,3
ebef8d8c92b4fd3226e5d407bbff21ac,SP,3,84.56666666666668,40.11726851851852,0.3333333333333333,315.4078423066126,2.6666666666666665,0.3333333333333333,2,3,253.70000000000002,84.56666666666668,16.12,3,2
d73cbd89533ce8b041a9190241453ac8,MG,3,89.56666666666666,12.21965663580247,0.0,619.3945539777122,4.333333333333333,0.0,3,3,268.7,89.56666666666666,16.863333333333333,3,1
75a4764c108403a7a0575140cb22287c,RS,5,143.38000000000002,11.546094907407408,0.0,1189.9353495699531,4.6,0.0,4,9,716.9,79.65555555555555,23.35,3,2
70c0fda4c313d87115644d39e62eec60,PE,1,25.99,9.881921296296296,0.0,1160.385432239454,5.0,0.0,1,1,25.99,25.99,37.09,1,1
26e13b6ff5b641b329e5524241ee2c93,SP,4,29.924999999999997,6.638492476851852,0.0,223.51424359007555,4.0,0.25,2,4,119.69999999999999,29.924999999999997,17.494999999999997,4,2
0ade5cc4a305ed7093a23f68ca47519c,PR,2,79.44,6.875769675925927,0.0,528.9669860492745,5.0,0.0,2,2,158.88,79.44,21.195,2,1
fc59392d66ef99377e50356ee4f3b4e1,BA,5,103.998,7.950819444444446,0.0,378.98888613082744,3.6,0.4,3,5,519.99,103.998,17.394,5,3
b18dc380845b24038cfc48006478f099,SP,43,180.3246511627907,12.824832848837211,0.11627906976744186,623.5153775479316,4.214285714285714,0.09523809523809523,10,48,7753.96,161.54083333333332,16.601458333333333,12,2
f22a247b79dd22ecd91dc8e3b2a1b07c,SP,8,54.9925,18.033972800925923,0.25,548.856629467304,4.0,0.125,6,8,439.94,54.9925,16.8625,5,1
889009a0ed0bb52c87819941192931b8,SP,1,89.9,12.207511574074074,0.0,2330.2515722407547,4.0,0.0,1,1,89.9,89.9,33.08,1,1
ffc470761de7d0232558ba5e786e57b7,SP,27,56.63444444444445,9.739319272976681,0.037037037037037035,593.8823445308216,4.444444444444445,0.037037037037037035,9,30,1529.13,50.971000000000004,14.036333333333333,15,8
4c498c7345e89aebad651544829beca0,SP,47,97.23978723404257,10.82899847320725,0.10638297872340426,444.7402506198536,4.276595744680851,0.0851063829787234,12,47,4570.27,97.23978723404257,11.944468085106383,20,2
01bcc9d254a0143f0ce9791b960b2a47,GO,10,139.321,12.787733796296298,0.0,978.7302745079371,4.4,0.0,8,10,1393.21,139.321,25.148,3,1
f021c962aaba8ef6eb527a9c2c8394d1,SC,5,879.7,8.171310185185186,0.0,609.5834361455652,4.2,0.2,3,5,4398.5,879.7,27.074,4,1
024b564ae893ce8e9bfa02c10a401ece,SP,2,353.20000000000005,15.339438657407406,0.0,2169.0351902472594,4.5,0.0,2,8,706.4000000000001,88.30000000000001,26.5,2,2
a513150f33f99a06569e9cd5c4bb889b,SP,2,338.5,9.656533564814815,0.0,348.432565515215,4.5,0.0,1,2,677.0,338.5,17.125,2,2
c1dde11f12d05c478f5de2d7319ad3b2,SP,1,12.5,3.2347337962962963,0.0,54.82577436527282,1.0,1.0,1,1,12.5,12.5,7.39,1,1
02f5837340d7eb4f653d676c7256523a,PR,30,129.435,9.659020061728395,0.03333333333333333,362.41125048845964,4.833333333333333,0.03333333333333333,5,30,3883.05,129.435,19.361,3,1
7b98de631987e26dd6d803490c43a13c,PR,8,79.275,10.583616898148147,0.0,612.3645615402231,4.625,0.0,3,8,634.2,79.275,18.05375,5,2
f12ff17ad8bbf01ec5c33b17e506649b,SP,28,217.89285714285714,13.791368220899471,0.10714285714285714,882.3964887837977,3.857142857142857,0.14285714285714285,12,28,6101.0,217.89285714285714,22.424285714285713,13,1
a64e44665225d19dfc0277eeeaaccc57,SP,6,55.833333333333336,7.929162808641976,0.0,483.1236983141011,5.0,0.0,3,6,335.0,55.833333333333336,15.293333333333335,3,1
6a8a889bde935bafa76d7848782dfaf9,SP,26,33.10846153846153,7.8881014066951565,0.07692307692307693,381.7845903264224,4.038461538461538,0.11538461538461539,6,30,860.8199999999999,28.694,12.259999999999998,6,2
42b6488f5b8246d9141712abd4b1b693,PR,2,123.995,7.897939814814816,0.0,750.581033507336,4.0,0.0,2,2,247.99,123.995,20.905,2,2
d6cd01c59123df02fc226eadbadb5f89,SP,1,69.9,18.50306712962963,0.0,399.5773211803169,5.0,0.0,1,1,69.9,69.9,16.25,1,1
c8e135e7b21ecbc36c1153a29d2f5a06,SP,7,166.5,8.14822585978836,0.0,105.96068858087447,4.857142857142857,0.0,2,7,1165.5,166.5,14.56857142857143,5,1
229c3efbfb0ea2058de4ccdfbc3d784a,MG,118,131.17796610169492,10.759132140615192,0.01694915254237288,578.4446267974686,3.623931623931624,0.2564102564102564,15,145,15479.0,106.75172413793103,15.866965517241379,24,1
9523fb39dd240aa958e040f8183d64f3,SP,1,146.99,21.88304398148148,0.0,2370.5580926207913,1.0,1.0,1,1,146.99,146.99,21.3,1,1
95ec4458365c4d11f452ccf538377619,SP,27,69.13925925925926,6.345299211248285,0.037037037037037035,300.3658398606748,4.615384615384615,0.038461538461538464,6,31,1866.76,60.21806451612903,14.086129032258064,15,4
6ec1a01e866584bb679eb9b098345919,SP,30,133.297,13.770480709876544,0.2,394.9004991682416,4.241379310344827,0.13793103448275862,8,31,3998.91,128.99709677419355,25.67258064516129,16,2
f6122bc84774df1b372bdb3bb88ddb9f,SP,3,1599.9566666666667,15.619992283950618,0.3333333333333333,326.21670012856634,3.6666666666666665,0.3333333333333333,2,3,4799.87,1599.9566666666667,24.830000000000002,1,1
fa40cc5b934574b62717c68f3d678b6d,SP,304,52.304210526315785,11.312839836135478,0.05263157894736842,603.2886314004031,4.481848184818482,0.07260726072607261,23,337,15900.48,47.18243323442136,13.30127596439169,16,3
623ad9d0c1e14bb5464a8c72bff7b4af,MG,1,95.0,24.09232638888889,0.0,723.3443768952394,4.0,0.0,1,1,95.0,95.0,38.96,1,0
c0098efcf800861dcae589affca31408,SP,9,132.14222222222222,11.417037037037037,0.0,342.0351111577247,4.777777777777778,0.0,4,9,1189.28,132.14222222222222,20.82888888888889,8,1
a63bfbaa882c8f4542891b4e2246cc7f,RJ,6,947.0,11.690190972222224,0.0,1151.4244748705564,5.0,0.0,6,6,5682.0,947.0,40.665,4,1
48b6c3f4c6a93171da04b75313f2130f,SP,2,145.13,24.125260416666666,0.0,763.3749091565275,5.0,0.0,2,2,290.26,145.13,18.9,2,1
270d3ef21830ad0ecf3a6c53d08a533a,SP,5,94.2,11.543194444444444,0.0,184.3787769181402,2.6,0.4,1,17,471.0,27.705882352941178,12.800588235294118,3,1
89c127985a8b130cfa45c1d36764017a,SP,6,222.44500000000002,10.99207561728395,0.0,882.0302751909436,3.4,0.4,4,6,1334.67,222.44500000000002,17.836666666666666,5,4
8b2492b7ff4468839593fafeed55bad9,RJ,29,126.20965517241379,12.439672733077906,0.06896551724137931,421.8281629487989,4.172413793103448,0.13793103448275862,7,45,3660.08,81.3351111111111,15.026222222222222,15,1
1e9d5a33694bddb76316fd1f54734d20,MT,2,159.0,12.253842592592592,0.0,832.5648423398325,4.5,0.0,2,2,318.0,159.0,75.47,2,1
5e49e3a44bdeb5aab2684258bbd4f525,SC,3,169.0,16.658904320987656,0.3333333333333333,397.75848208137705,4.666666666666667,0.0,3,3,507.0,169.0,17.59,2,1
8e34331b7eedd03be4e5d965c1956225,SP,5,29.0,13.948203703703703,0.2,582.4859325832997,4.8,0.0,3,5,145.0,29.0,13.088,5,1
aaed1309374718fdd995ee4c58c9dfcd,SC,104,89.86009615384616,12.235572471509972,0.028846153846153848,788.820205494984,4.0576923076923075,0.1346153846153846,15,111,9345.45,84.19324324324324,20.849369369369366,53,5
11d4c477d09821164bca4f70a2eae031,SP,3,27.680000000000003,6.984386574074073,0.0,288.6863171349326,5.0,0.0,1,4,83.04,20.76,14.454999999999998,2,1
ff314fa6033cc68ec451c47aee2d6ba4,SP,2,268.95,10.687337962962962,0.0,189.2413787005188,5.0,0.0,2,2,537.9,268.95,16.22,2,0
d1c7fa84e48cfa21a0e595167c1c500e,RS,12,96.33583333333333,11.879826388888889,0.0,870.7176498434877,4.333333333333333,0.16666666666666666,6,12,1156.03,96.33583333333333,26.77916666666667,6,3
c7246702dc991a06d788120dc7544391,CE,1,54.86,20.98670138888889,0.0,2187.14535784846,5.0,0.0,1,1,54.86,54.86,17.66,1,1
e819bcfade7b5d88a27325eb6cfd62c5,SP,5,40.58,9.983587962962963,0.2,210.3502908824543,4.2,0.2,2,11,202.89999999999998,18.44545454545454,12.304545454545455,4,3
6d2f2e3b539480db1e0842b3a4e32e6e,SP,3,101.98666666666666,6.255354938271605,0.0,39.24237610605558,3.6666666666666665,0.3333333333333333,1,6,305.96,50.99333333333333,28.05,2,1
e88165a185134e13fdfc85d4fa654db8,SP,2,54.0,9.153582175925926,0.5,68.8363166873913,3.0,0.5,1,2,108.0,54.0,20.61,2,1
9e6229250fedbe05838fef417b74e7fb,SP,73,177.56575342465754,11.829552733384068,0.0273972602739726,697.6843105680666,3.8904109589041096,0.1506849315068493,10,77,12962.300000000001,168.34155844155845,23.830649350649352,25,3
5abb8ea023c77787f2c15da891c8d384,SC,13,172.3846153846154,19.6782719017094,0.23076923076923078,759.9597905013065,3.923076923076923,0.15384615384615385,6,13,2241.0,172.3846153846154,57.400000000000006,5,4
1d953075c2f0dd990bacf27b83b330f1,MG,1,59.0,7.282638888888889,0.0,1334.5969354851713,5.0,0.0,1,1,59.0,59.0,19.32,1,1
817245bcc3badd82bbd222e0366951a6,SP,28,190.91428571428574,12.42172123015873,0.03571428571428571,682.1757075268973,4.111111111111111,0.07407407407407407,11,44,5345.6,121.4909090909091,15.89159090909091,3,1
caa9bc43a9fe8cf9c564ddd8a03cc4a6,SP,13,61.83615384615385,9.549083867521368,0.0,587.7374855015988,4.666666666666667,0.0,7,14,803.87,57.419285714285714,16.705000000000002,5,1
615005a3ef192c00c6f0e977cee3d2bc,SP,10,28.65,13.925006944444444,0.1,559.221209166837,3.8,0.3,4,11,286.5,26.045454545454547,14.149090909090908,2,1
1284de4ae8aa26997e748c851557cf0e,SP,3,486.6566666666667,19.269425154320988,0.0,1153.1259252859866,2.6666666666666665,0.6666666666666666,3,3,1459.97,486.6566666666667,28.956666666666663,3,1
5fd924b4836098a5be0ecf81ba054ce0,SP,7,164.1142857142857,7.985335648148149,0.0,633.2685726316723,4.0,0.14285714285714285,5,8,1148.8,143.6,16.9425,8,1
7178f9f4dd81dcef02f62acdf8151e01,SC,202,182.15544554455445,15.745930738907225,0.034653465346534656,816.9338298972147,4.059701492537314,0.14427860696517414,18,215,36795.4,171.14139534883722,20.39553488372093,57,14
8132b9bd16876e1b0f8808d43825dd48,SC,1,77.9,16.81113425925926,0.0,1334.84448513982,5.0,0.0,1,1,77.9,77.9,21.0,1,1
3f995f07c49d0d55a99d5c54957f7d81,SP,43,91.99302325581395,9.59438630490956,0.023255813953488372,657.5640327536398,4.209302325581396,0.09302325581395349,13,43,3955.7,91.99302325581395,15.616279069767442,3,2
a6bd7d1ccdac48c6b33b28596b7eb122,PB,15,911.274,15.621216049382717,0.06666666666666667,1577.8179866902835,3.5,0.35714285714285715,9,15,13669.11,911.274,42.519999999999996,15,1
6650fcccd8cd2f7e55ffa524f30c4c59,SP,2,169.9,8.132112268518519,0.0,168.81172297643022,3.0,0.5,2,2,339.8,169.9,48.155,2,1
3db66a856d18a9cba7c9241fc5221c50,MG,94,100.83297872340427,16.00484670508274,0.10638297872340426,681.8197390200779,4.191489361702128,0.10638297872340426,16,97,9478.300000000001,97.71443298969074,21.075876288659792,38,5
8b181ee5518df84f18f4e1a43fe07923,SP,1,27.9,14.560891203703704,0.0,1230.0417827435897,5.0,0.0,1,1,27.9,27.9,27.08,1,1
10ff823eda2b032e2c93d17a7d294736,SP,8,143.1225,9.76951244212963,0.0,442.275648475061,4.25,0.125,4,8,1144.98,143.1225,18.485,5,2
b4a476fbd28de64b1e347abf9089366a,SP,30,149.30133333333333,12.585382716049383,0.06666666666666667,708.5712459696024,4.137931034482759,0.10344827586206896,11,35,4479.04,127.97257142857143,22.744857142857143,12,2
39c763cca83e654764b7a4a650fb9b7c,GO,11,69.18181818181819,13.490741792929294,0.18181818181818182,660.2959675146445,3.8181818181818183,0.2727272727272727,6,11,761.0,69.18181818181819,20.291818181818183,4,2
83b08de96980757220871b31bf6cffca,RJ,5,260.834,13.858328703703702,0.2,929.2655586931876,4.0,0.2,4,7,1304.17,186.31,64.88714285714285,4,1
14a08204d03bb6b6bde8029f801ae0eb,SP,28,78.05,8.836558366402116,0.0,712.7383590955988,3.892857142857143,0.17857142857142858,12,38,2185.4,57.51052631578948,15.623684210526317,24,6
bee36b4f9a2b9fdcaff6ec05df202ed0,SP,1,16.9,13.397164351851853,0.0,78.29899744305634,5.0,0.0,1,1,16.9,16.9,10.96,1,1
28872dc528e978a639754bc8c2ce5a4c,RS,1,1009.9,4.039108796296296,0.0,1254.5405915628508,5.0,0.0,1,1,1009.9,1009.9,29.0,1,1
739c7d7be81f63812dea0d1b1451c651,PB,2,38.75,17.126261574074075,0.0,893.6636931343646,4.0,0.0,2,2,77.5,38.75,35.9,2,1
657969cca82e884d272385ec0ef06edd,RS,3,46.56666666666667,8.105501543209877,0.0,891.2162440314102,4.666666666666667,0.0,2,3,139.70000000000002,46.56666666666667,17.286666666666665,3,1
455befea1bb853c75ccbca94cff26e5c,RJ,1,19.99,12.441516203703705,0.0,834.466792868224,3.0,0.0,1,1,19.99,19.99,22.06,1,1
800214c63934acd05d47e84214db8ba8,SC,3,66.56666666666668,11.791327160493827,0.0,761.3616365962547,5.0,0.0,3,3,199.70000000000002,66.56666666666668,16.903333333333332,3,2
5cf1ec37aea089f45110c70653a166ab,SP,2,17.5,21.465109953703703,0.0,994.543350587335,5.0,0.0,2,2,35.0,17.5,14.290000000000001,1,0
0a82f5fb06a4fe4ac2cf7cb412ec71b8,SP,2,231.0,5.281736111111111,0.0,14.599920879621617,5.0,0.0,1,2,462.0,231.0,11.399999999999999,2,1
e45edf75f568ed2f93f78d060e246e25,RJ,6,27.38333333333333,12.346981095679013,0.0,527.8600585779394,4.166666666666667,0.0,5,7,164.29999999999998,23.471428571428568,16.274285714285714,6,1
3d621842b2ed28e2b474132480edac3c,SP,8,109.24125000000001,9.898842592592594,0.0,389.1933919021514,4.625,0.0,4,8,873.9300000000001,109.24125000000001,15.40125,4,1
baf15155e37ef5492731459bdc05be8a,SP,1,47.0,33.05329861111111,0.0,3.707684239904797,5.0,0.0,1,1,47.0,47.0,8.72,1,1
c0aff2da32c17759d30b22fb0af6649d,SC,4,47.2,7.762465277777777,0.0,636.8870784461899,3.75,0.0,2,5,188.8,37.760000000000005,16.706,3,2
a17f621c590ea0fab3d5d883e1630ec6,SP,63,42.50666666666667,11.55949937536743,0.06349206349206349,418.6950686235144,4.163934426229508,0.14754098360655737,12,78,2677.92,34.332307692307694,14.030128205128204,34,2
4deebb3199eeafb282ae33229144f94b,SP,4,194.925,10.159623842592593,0.25,15.889090578727945,4.0,0.25,1,5,779.7,155.94,28.357999999999997,3,1
9d69ba0a7a626a64dc5db08e529559cf,SP,1,19.3,13.860972222222221,0.0,784.928780734419,5.0,0.0,1,1,19.3,19.3,18.24,1,1
f92d8c817434bd2d84d4e9c61322b7fa,SP,5,34.968,8.32550462962963,0.0,125.399326672963,4.6,0.0,1,5,174.84,34.968,10.154,3,1
8ca5b19e0263150d2c57afdde2b3d011,SP,3,60.20000000000001,4.8608217592592595,0.0,130.91823740396418,4.666666666666667,0.0,2,4,180.60000000000002,45.150000000000006,11.02,2,1
eec3469d83e142f9a104886655338c37,SP,4,46.425,9.977416087962963,0.0,425.3656382626281,4.5,0.0,2,4,185.7,46.425,13.685,4,2
55bb6fe5bebe5012e2d7d9928e1128ff,SP,15,121.10333333333332,15.001960648148149,0.13333333333333333,679.7087856212883,3.466666666666667,0.4,10,16,1816.55,113.534375,36.029375,11,5
d180e07dc1e58c31c3f0cd599dc4d945,MG,1,58.8,7.997523148148148,0.0,467.43596748356316,3.0,0.0,1,1,58.8,58.8,14.16,1,0
d6b1ce66b035a475f00c017792ff9769,SP,92,133.45,10.21028507447665,0.05434782608695652,512.8898374714068,4.277777777777778,0.07777777777777778,13,108,12277.4,113.67962962962963,18.874814814814815,18,3
3aa3c89ae3cd482385568be76120f63c,GO,1,29.9,10.831493055555555,0.0,806.9286235770825,4.0,0.0,1,1,29.9,29.9,19.04,1,1
fe4cd9461203cee790d36792420b310f,MG,3,130.38333333333333,14.347658179012347,0.0,926.5308388282657,4.0,0.0,3,3,391.15,130.38333333333333,18.126666666666665,2,1
c3aad7dc65449ae90a5e9c3c6c1e78e0,SP,6,85.0,7.48622299382716,0.0,631.733488850733,4.666666666666667,0.0,4,6,510.0,85.0,21.72666666666667,5,1
f5fea3ffed6c2e889bab72705557c63a,RJ,1,345.0,28.703055555555554,1.0,1494.7954333196465,5.0,0.0,1,1,345.0,345.0,123.8,1,1
ececbfcff9804a2d6b40f589df8eef2b,SP,97,69.2180412371134,13.180852305269186,0.09278350515463918,697.7148283315723,4.11340206185567,0.13402061855670103,16,103,6714.15,65.18592233009709,17.80883495145631,61,3
a254c682cc01e119f83530446f1df9a9,SP,6,94.89999999999999,15.069197530864196,0.16666666666666666,935.8691019822741,4.0,0.16666666666666666,6,7,569.4,81.34285714285714,34.28857142857143,3,1
830379336fad8c6f3b15a4a3ddb5c66e,SP,2,134.0,6.126064814814815,0.0,174.64837972354786,4.5,0.0,2,4,268.0,67.0,42.595,2,1
7d13fca15225358621be4086e1eb0964,SP,558,201.49853046594984,15.731614292944377,0.11469534050179211,617.3397645310321,4.0414414414414415,0.17117117117117117,24,571,112436.18000000001,196.91099824868652,14.883169877408058,57,7
1b4c3a6f53068f0b6944d2d005c9fc89,SC,111,129.9144144144144,14.552420754087422,0.04504504504504504,972.761838888663,4.254545454545455,0.1,19,115,14420.5,125.39565217391305,25.882521739130436,31,9
b92e3c8f9738272ff7c59e111e108d7c,MG,62,132.75951612903225,16.729624402628435,0.03225806451612903,588.0358089384744,4.161290322580645,0.1774193548387097,15,70,8231.09,117.587,34.48871428571429,36,4
b8555308bfdb4ca1ed54325a58da9a97,SP,26,117.20000000000002,10.219418625356125,0.07692307692307693,642.4675791349952,4.0,0.11538461538461539,12,28,3047.2000000000003,108.82857142857144,20.815357142857145,4,1
71593c7413973a1e160057b80d4958f6,SP,2,149.75,9.129704861111112,0.0,33.57388089564925,3.0,0.5,1,5,299.5,59.9,9.17,2,2
1dc2de47ee26a0a5b12dc14fd6dc0dea,SP,25,66.812,14.610499537037038,0.04,558.3940222383573,4.56,0.04,9,27,1670.3,61.86296296296296,22.859259259259257,11,1
6c6e3d67f969468f3bfd33f827a31222,PR,5,44.8,8.505372685185185,0.0,466.7073548551708,4.8,0.0,3,6,224.0,37.333333333333336,15.401666666666666,4,1
781a66c0d89e30814d49fe8b5e14cd07,SP,1,115.0,33.1228587962963,1.0,422.3753565687832,1.0,1.0,1,1,115.0,115.0,21.3,1,1
a4bd6e9adf39b63f43dc545d3ca1f53d,RJ,4,462.1475,10.501377314814814,0.0,851.4916052609635,4.5,0.0,4,5,1848.59,369.71799999999996,22.476000000000003,4,2
f88adb15807168d3c43d71021090ce4a,SP,3,162.93333333333334,6.365833333333334,0.0,317.9978826243966,3.3333333333333335,0.3333333333333333,2,3,488.8,162.93333333333334,17.419999999999998,2,2
fa8d335d68129e464e60c1826a683e96,RS,1,139.9,22.21934027777778,0.0,1556.312711583246,4.0,0.0,1,1,139.9,139.9,34.78,1,1
f12d3c2a14729ae461b920c11fe20fdc,SP,9,40.49444444444444,5.310752314814815,0.0,61.82094463455197,4.444444444444445,0.0,2,11,364.45,33.13181818181818,8.624545454545455,4,2
4917cee8d902e13428c3ec4b1ca6f315,SC,31,164.64193548387095,18.077756123058542,0.03225806451612903,605.2131877786915,4.161290322580645,0.12903225806451613,8,31,5103.9,164.64193548387095,34.65935483870968,7,2
741f8c587cb4248ebc5b779a0e8e0e51,SP,5,17.990000000000002,13.239328703703702,0.2,377.4258459664218,4.0,0.2,4,5,89.95,17.990000000000002,13.538,5,4
4bcec44888b30ba9001234c534716d3f,SP,5,29.2,9.158854166666666,0.0,354.65383023820584,4.6,0.0,4,5,146.0,29.2,12.645999999999999,2,1
a663d9c3797e90eac99ff60939416a56,SP,1,235.0,5.360590277777778,0.0,41.23817613800394,5.0,0.0,1,1,235.0,235.0,14.08,1,1
f9903dd0f812c7e771fcad47b6fff231,SC,10,168.485,13.84778587962963,0.0,534.5291456619025,3.2,0.3,5,15,1684.8500000000001,112.32333333333334,27.775333333333332,9,3
ac9b01377919cdbd2a1bbb8d5837c70b,SP,1,55.9,9.7975,0.0,1244.2898098911849,3.0,0.0,1,1,55.9,55.9,23.54,1,1
5011f0d93373a4c5753adf58ca77af8d,SP,11,78.13818181818182,10.800631313131312,0.09090909090909091,342.6590391922526,4.090909090909091,0.09090909090909091,4,21,859.52,40.92952380952381,17.317619047619047,3,2
50bf89f1349bc0409a268c3a49678009,SP,1,179.9,9.616319444444445,0.0,703.399594023464,5.0,0.0,1,1,179.9,179.9,102.57,1,1
50c9975695009e5e6473912e83a6d1da,MG,50,79.288,16.47676388888889,0.14,450.04336690199483,3.938775510204082,0.1836734693877551,8,68,3964.4,58.300000000000004,42.934558823529414,36,1
42d4b7e70819438f5ada61c965e92d7e,GO,1,49.6,21.939131944444444,0.0,652.746203207784,1.0,1.0,1,3,49.6,16.533333333333335,17.06,2,2
7aa4334be125fcdd2ba64b3180029f14,SP,214,74.8268691588785,15.997231092073381,0.11682242990654206,540.7743977088263,4.131455399061033,0.14084507042253522,17,237,16012.949999999999,67.56518987341772,18.21759493670886,39,4
b14db04aa7881970e83ffa9426897925,SP,78,71.74230769230769,16.021839535849953,0.10256410256410256,675.9265193636604,3.7733333333333334,0.17333333333333334,18,105,5595.9,53.294285714285714,20.042857142857144,12,2
fac1a9017ade7bdc94058fc1c969f355,SP,9,223.42666666666665,7.714949845679012,0.0,216.6763020869898,4.666666666666667,0.0,3,10,2010.84,201.084,21.207,9,2
31ae0774c17fabd06ff707cc5bde005f,SP,11,610.8954545454545,11.775554503367005,0.09090909090909091,828.5135946852316,4.0,0.18181818181818182,6,11,6719.85,610.8954545454545,77.34727272727274,9,3
cc1f04647be106ba74e62b21f358af25,SP,1,11.9,13.295810185185186,0.0,23.860159596780907,1.0,1.0,1,1,11.9,11.9,8.29,1,1
1099a00e0ee3a50935e6c2447ca090c5,RJ,3,283.2333333333333,15.039498456790126,0.3333333333333333,520.3353221615578,3.6666666666666665,0.3333333333333333,2,3,849.6999999999999,283.2333333333333,20.376666666666665,3,1
3d700782d7818f2c1e0d7a9e9d75fc00,SP,3,49.9,25.728460648148147,0.3333333333333333,1378.8594677943584,3.6666666666666665,0.3333333333333333,3,3,149.7,49.9,28.47,1,1
a3e9a2c700480d9bb01fba070ba80a0e,SP,129,103.65736434108527,13.217738120872811,0.09302325581395349,522.932377094013,4.003937007874016,0.16535433070866143,14,143,13371.8,93.5090909090909,20.063146853146854,72,2
c3f5668699a1b04c0fa61ecea1e2bff6,PR,3,135.93666666666667,12.12863811728395,0.0,488.21360861142267,5.0,0.0,2,3,407.81,135.93666666666667,35.70666666666667,3,2
80f2cf9abf6b5a0e5c612b5eea6646e6,SP,6,109.01333333333334,10.581170910493828,0.16666666666666666,769.0594895371875,5.0,0.0,4,6,654.08,109.01333333333334,37.64,6,2
516e7738bd8f735ac19a010ee5450d8d,RJ,74,87.3404054054054,8.833180837087088,0.02702702702702703,527.5020267853128,4.635135135135135,0.02702702702702703,15,82,6463.19,78.81939024390243,17.591463414634145,52,2
4fe2f67634d00c021aa01f96b6f2d68e,PR,2,43.4,10.984953703703702,0.0,697.6222857164107,5.0,0.0,2,2,86.8,43.4,16.02,2,2
9f505651f4a6abe901a56cdc21508025,SP,393,65.9359796437659,8.07235884341721,0.04071246819338423,506.40519451062556,4.366666666666666,0.09487179487179487,23,426,25912.84,60.828262910798124,13.966549295774648,77,7
7142540dd4c91e2237acb7e911c4eba2,SP,316,117.6643670886076,14.741313767287856,0.07278481012658228,768.0246583362959,4.054140127388535,0.13694267515923567,22,328,37181.94,113.35957317073172,20.865060975609754,265,2
c04d70d515d15a7e3db3a73320598566,RJ,3,52.73333333333333,6.294768518518519,0.0,540.7222032740927,5.0,0.0,3,4,158.2,39.55,14.155,3,1
a3a38f4affed601eb87a97788c949667,SC,251,104.7594422310757,12.546192775195514,0.043824701195219126,688.1449108309127,4.401606425702811,0.08032128514056225,21,260,26294.62,101.13315384615385,19.941,115,12
744dac408745240a2c2528fb1b6028f3,PR,78,286.1871794871795,11.029073480531814,0.01282051282051282,953.2825712451709,4.576923076923077,0.038461538461538464,20,83,22322.6,268.9469879518072,22.624096385542167,75,4
9b013e03b2ab786505a1d3b5c0756754,SP,170,51.26205882352941,8.559827546296297,0.041176470588235294,250.84042494406248,4.218934911242603,0.1242603550295858,10,220,8714.55,39.61159090909091,11.619454545454547,56,6
8b9d6eec4a7eb7d0f9d579ce0b38324d,RJ,48,86.65729166666667,10.403158275462962,0.14583333333333334,514.5312895355875,4.0625,0.16666666666666666,12,52,4159.55,79.99134615384615,32.06346153846154,7,2
38e679b9e0064cd94c6f035707344dae,PR,27,134.96851851851852,11.22948645404664,0.037037037037037035,727.579591537355,4.115384615384615,0.15384615384615385,7,28,3644.15,130.1482142857143,24.73107142857143,11,2
83deb69e889cf80f82be1dc6d5f2d486,SC,40,134.07525,15.945520833333333,0.05,861.7683020088847,4.325,0.15,14,42,5363.01,127.6907142857143,21.753333333333334,14,1
54aa8463e87776b5612f4bdc4bd5d4de,MG,7,92.75714285714285,13.480618386243387,0.0,752.4034516738966,3.857142857142857,0.14285714285714285,4,7,649.3,92.75714285714285,17.647142857142857,4,3
2e7ea2aafec5835e781b21d6d1faf1f1,SP,7,75.48571428571428,7.159899140211641,0.14285714285714285,241.90437909079142,4.5,0.0,3,7,528.4,75.48571428571428,16.888571428571428,4,1
79ebd9a61bac3eaf882805ed4ecfa12a,PR,133,111.15105263157895,15.383875661375662,0.045112781954887216,858.0712215680294,4.052631578947368,0.13533834586466165,14,140,14783.09,105.5935,28.19592857142857,113,1
1cbd50a8c52e6cf8e315c5709fab386f,PR,9,87.33,19.0249537037037,0.1111111111111111,1345.9338681510972,3.7777777777777777,0.1111111111111111,8,9,785.97,87.33,24.52111111111111,7,5
e503f22be6a4f456d9851920a5d9c670,SP,2,99.45,5.669965277777777,0.0,730.1666189097664,4.0,0.0,2,2,198.9,99.45,16.22,2,1
5f3ae9136c875522250f8184f253413a,SP,42,27.21547619047619,7.8619786155202815,0.047619047619047616,498.9734503533019,4.642857142857143,0.023809523809523808,12,45,1143.05,25.40111111111111,13.260444444444445,24,2
b026643914f651e8371425e5b8a1e780,RJ,1,27.9,10.419143518518519,0.0,695.6356838286778,5.0,0.0,1,1,27.9,27.9,15.1,1,1
26af45f5dfd967225a832838aa4e24a3,PR,10,57.31,9.771618055555555,0.0,583.5214064213907,4.1,0.2,6,11,573.1,52.1,18.046363636363637,7,1
9dd459b29a14bf89d47183cf2cd0e4c7,SP,2,90.0,6.62347800925926,0.5,59.417194861748136,5.0,0.0,1,2,180.0,90.0,9.41,2,1
8e6d7754bc7e0f22c96d255ebda59eba,SP,84,167.94500000000002,15.293111083553791,0.13095238095238096,375.5878780716488,3.6011904761904763,0.2619047619047619,13,129,14107.380000000001,109.35953488372094,13.06953488372093,28,1
e250d617a0ad591ba9bd663e584a895d,SP,8,113.015,8.818719618055555,0.0,441.4665694210835,3.5,0.375,6,20,904.12,45.206,15.0395,9,1
92c8bc6e8f925792247656fed09aad65,SP,2,67.4,13.436047453703704,0.5,735.6833655202593,3.0,0.5,2,2,134.8,67.4,13.22,2,1
e53d5b9b29d1218281f4a907ada18626,PR,4,87.6675,6.505842013888889,0.0,1093.9862248912634,4.75,0.0,3,5,350.67,70.134,26.65,4,1
3ca08eeb8d5595949fed424bd3677742,PR,13,129.91384615384615,10.300126424501425,0.0,386.69238432789814,4.6923076923076925,0.0,5,13,1688.88,129.91384615384615,34.54615384615385,6,1
cbd996ad3c1b7dc71fd0e5f5df9087e2,SP,160,51.359375,12.850710575810186,0.08125,550.1314196553858,4.210191082802548,0.11464968152866242,14,189,8217.5,43.47883597883598,14.666349206349206,13,3
8daab2245ebdc277c51098d01c5ad8ef,SP,16,100.286875,10.034896556712964,0.0,558.9969357734318,4.625,0.0,8,16,1604.59,100.286875,17.753125,4,4
15b3b1b81484422eb41df68ac87f1f50,SP,1,43.35,14.629606481481481,0.0,283.4562155554768,1.0,1.0,1,1,43.35,43.35,12.69,1,1
e067ad2c1c0b48758eb1b5228bcf7a68,SP,54,93.38055555555556,14.98370820473251,0.07407407407407407,527.9384842789963,4.148148148148148,0.1111111111111111,15,61,5042.55,82.66475409836066,16.481311475409836,36,1
f626e15b7314c267e4429010866f70e9,SP,5,38.709999999999994,9.946752314814814,0.0,810.1752507722603,3.8,0.2,2,7,193.54999999999998,27.65,17.924285714285713,3,3
f1fd5ab1181f827ffad998c1a5de7d74,PR,15,469.73266666666666,9.45754938271605,0.0,617.8557566035817,4.666666666666667,0.0,7,15,7045.99,469.73266666666666,55.464666666666666,11,2
a7c88262832dfc683781d6a421edefae,SP,5,304.0,11.176726851851852,0.0,580.5848792815158,4.2,0.0,3,5,1520.0,304.0,16.484,5,1
6b1c4d4d9ccf0be3d8544eb0e71e5318,RS,1,1699.0,12.218310185185185,0.0,838.4134095361809,5.0,0.0,1,1,1699.0,1699.0,60.04,1,1
4e85b538b0dad58852641540686d0e14,SP,4,90.49499999999999,17.22519675925926,0.5,798.6183212640086,3.75,0.25,3,4,361.97999999999996,90.49499999999999,18.59,4,2
093805f8f2aeb63881444571e1f48f30,SP,22,55.26318181818181,8.274672243265995,0.045454545454545456,446.60845288033784,4.181818181818182,0.13636363636363635,9,27,1215.79,45.029259259259256,12.738518518518518,18,1
5acd070dd3fe441bbb2ec1f1ede515ee,SP,7,109.16714285714285,26.1123082010582,0.42857142857142855,416.7334894173277,3.0,0.42857142857142855,4,8,764.17,95.52125,15.275,5,1
3c010235b7345c92f125d14ee232a76b,PR,15,238.53333333333333,11.039577932098764,0.0,826.5237583682093,4.666666666666667,0.0,8,15,3578.0,238.53333333333333,28.488,6,1
cb9fb4ca75d7ba8437480e8dde64fe98,SP,10,53.214,9.250421296296297,0.0,366.28882739855453,4.0,0.2,6,10,532.14,53.214,17.342000000000002,3,0
ce33c6211beaa8fef4cae8b52db39862,SP,1,49.0,18.732430555555556,0.0,499.95989450727393,3.0,0.0,1,1,49.0,49.0,14.52,1,1
081acf3de680d554796c9cf041be7bc2,MG,4,399.325,15.513223379629629,0.25,953.9701438640523,3.25,0.25,4,8,1597.3,199.6625,25.6875,4,2
6989574bd97d9773f10d232b6c07da59,PR,7,354.0571428571428,10.962650462962964,0.0,392.62156051622236,4.857142857142857,0.0,4,7,2478.3999999999996,354.0571428571428,45.871428571428574,4,2
535bf14f36346c7f59d87cece104d70c,RJ,1,50.0,4.217708333333333,0.0,12.159331569560111,4.0,0.0,1,1,50.0,50.0,7.77,1,1
7f02656561b680def9986c0795a8a080,SP,1,42.0,14.175138888888888,0.0,325.6198358404848,5.0,0.0,1,1,42.0,42.0,11.85,1,1
57a834594e1e9e9219603bfec184eadc,RS,1,139.0,6.109594907407407,0.0,555.1409369875036,5.0,0.0,1,1,139.0,139.0,27.05,1,1
8fd3b4468f6425810648177996c14cbd,SP,1,354.9,9.97412037037037,0.0,541.949890517488,5.0,0.0,1,1,354.9,354.9,21.67,1,1
6d803cb79cc31c41c4c789a75933b3c7,SP,58,150.19655172413792,13.296695801404853,0.06896551724137931,581.6050779911127,4.25,0.08620689655172414,13,66,8711.4,131.9909090909091,18.388939393939395,17,1
5f2684dab12e59f83bef73ae57724e45,SP,67,132.40253731343282,10.647301340519624,0.05970149253731343,433.3757832261422,3.791044776119403,0.23880597014925373,13,73,8870.970000000001,121.52013698630138,15.202054794520548,28,5
713e3a23ca5e47786eb6f0d99f94cfac,PR,4,281.5,10.095622106481482,0.0,721.0769264131684,4.75,0.0,3,4,1126.0,281.5,21.7575,4,1
f97e2b0650c2068227e1d366140eb62f,SP,16,228.375,14.7938671875,0.0625,426.99491327018364,4.0,0.2,6,21,3654.0,174.0,48.18952380952381,7,2
8b321bb669392f5163d04c59e235e066,SP,930,18.562301075268817,12.67492689665472,0.08709677419354839,563.0314843354155,4.10475161987041,0.14146868250539957,27,1005,17262.94,17.17705472636816,13.854726368159204,103,11
32f83ffe11cd40f7adcf4eef171f52d9,RS,1,29.99,10.574085648148149,0.0,1250.6438626922613,5.0,0.0,1,1,29.99,29.99,15.1,1,1
76d64c4aca3a7baf218bf93ef7fa768d,PR,64,264.246875,10.974288375289351,0.03125,645.6164708977333,4.2265625,0.140625,12,69,16911.8,245.09855072463768,51.35492753623189,37,5
d06d019f72a04e5497a0b64190af170c,SP,17,142.1135294117647,8.503113425925926,0.0,257.4417162156938,4.529411764705882,0.058823529411764705,5,17,2415.93,142.1135294117647,13.26529411764706,5,1
ec80e49e69745ab6c14f984bf2149423,SP,12,309.0833333333333,12.847035108024691,0.08333333333333333,467.56414564568104,4.0,0.09090909090909091,6,12,3709.0,309.0833333333333,15.6925,2,1
f8f35af4634605e6693c17cc3ffff5a8,MG,1,90.0,10.140243055555555,0.0,238.3483541922388,5.0,0.0,1,1,90.0,90.0,16.39,1,1
004c9cd9d87a3c30c522c48c4fc07416,SP,156,125.44698717948718,14.811330202397912,0.0641025641025641,648.96969438818,4.162337662337662,0.11688311688311688,18,168,19569.73,116.48648809523809,20.977916666666665,87,1
3bdff180c7e1f6551a643b99c265a120,SP,56,53.71785714285715,10.034405588624338,0.017857142857142856,468.3540819174931,4.254545454545455,0.09090909090909091,11,58,3008.2000000000003,51.865517241379315,17.308275862068964,17,1
6b89abe95848c850399130d149a39b63,GO,8,141.9,11.262706886574074,0.0,523.3050668909726,4.375,0.125,3,8,1135.2,141.9,41.31625,2,0
aced59e9b31ef866a94f9e7f29d8d418,SP,61,119.15573770491804,9.736964936247723,0.03278688524590164,472.5533381298925,4.426229508196721,0.06557377049180328,11,67,7268.5,108.48507462686567,15.631343283582089,19,3
b4f8921fcc4ff77b66bea6dda43dcd51,RS,18,633.0583333333333,7.78515367798354,0.05555555555555555,625.2641338297137,4.555555555555555,0.1111111111111111,4,20,11395.05,569.7524999999999,73.418,16,1
d2572f31e9023e9850ef986a636ff9bf,MG,1,279.0,10.130671296296295,0.0,798.2111549854657,5.0,0.0,1,1,279.0,279.0,26.69,1,1
c731d18cea9bf687ffee82a241c25b11,SC,24,152.58333333333334,7.912736304012346,0.0,665.3046018914798,4.217391304347826,0.17391304347826086,7,26,3662.0,140.84615384615384,23.486538461538462,18,5
3dc69bf2c42f0568a5c4791ec3fd3745,SP,1,150.0,26.271979166666668,0.0,1312.5371941804203,3.0,0.0,1,1,150.0,150.0,17.62,1,1
d8d9567d0bfb0bc7eb845a205ba42657,SP,4,18.65,13.52205150462963,0.25,657.8989890272727,3.5,0.25,3,4,74.6,18.65,14.9275,3,2
0daf5180aa44356f60f8effa533b55a2,GO,2,72.4,8.025891203703704,0.0,761.0232653370915,5.0,0.0,1,2,144.8,72.4,19.415,2,1
5194c22ed1f616ec0c0f33c571542879,MG,4,61.4,12.323978587962962,0.0,663.2463648956423,4.25,0.0,3,4,245.6,61.4,20.2125,3,3
fe8055980a4ff7f64ed889c2b5926929,PR,3,65.56666666666668,6.485983796296296,0.0,733.1889594871383,4.666666666666667,0.0,3,3,196.70000000000002,65.56666666666668,17.76,2,2
c42fd8e4d47dfb18ce5222f2dd7752f9,SP,7,66.71285714285715,26.340785383597883,0.2857142857142857,452.27428529261584,3.8,0.2,5,11,466.99,42.45363636363636,14.694545454545455,9,2
671585f5a2af58b6e276bc01003c0d2b,PR,27,46.074074074074076,5.58787122770919,0.0,521.449082954332,4.703703703703703,0.037037037037037035,6,27,1244.0,46.074074074074076,16.596666666666668,5,1
2dd1fb6f0e42a2243b8a01e40cd41216,PR,3,228.96333333333334,13.608958333333334,0.0,1032.3954712674074,3.6666666666666665,0.3333333333333333,3,4,686.89,171.7225,20.1075,3,1
a7c53f6b3b61adbdaa99dda97e8cbd56,SP,1,99.0,6.837638888888889,0.0,402.6883558927938,4.0,0.0,1,1,99.0,99.0,11.3,1,1
a11a0e0ca67423425691db355cff69b0,SP,2,224.45,5.527760416666666,0.0,280.7465056031632,5.0,0.0,2,2,448.9,224.45,14.040000000000001,2,1
5bffbafbb22daf6d3bfc216a46db8708,RJ,21,249.5095238095238,8.653910383597884,0.0,772.8957380067168,4.761904761904762,0.0,11,23,5239.7,227.81304347826085,19.76086956521739,8,3
fc0b214b59a83615fea981c6424a02ae,SP,1,159.9,4.384398148148148,0.0,42.91781405569071,5.0,0.0,1,1,159.9,159.9,12.14,1,1
011b0eaba87386a2ae96a7d32bb531d1,SP,1,99.98,25.1803125,0.0,494.4911930086914,4.0,0.0,1,2,99.98,49.99,14.59,1,1
43753b27d77860f1654aa72e251a7878,BA,1,23.9,27.33425925925926,0.0,2255.457152950949,5.0,0.0,1,1,23.9,23.9,42.38,1,1
822b63912576852aea9a8436d72317b7,SP,6,577.6550000000001,23.300331790123455,0.0,638.392121089183,4.833333333333333,0.0,5,7,3465.9300000000003,495.1328571428572,21.334285714285716,4,1
a3fa18b3f688ec0fca3eb8bfcbd2d5b3,SP,1,47.8,14.268726851851852,0.0,720.8640409168994,5.0,0.0,1,2,47.8,23.9,18.23,1,1
5587130f9850696ed7fafbc91c2cee44,SP,2,34.9,6.5392013888888885,0.0,414.752071885761,5.0,0.0,2,2,69.8,34.9,16.845,2,1
9c1c0c36cd23c20897e473901a8fb149,SP,6,90.82833333333333,6.220837191358025,0.0,185.8757428756097,5.0,0.0,3,7,544.97,77.85285714285715,24.58142857142857,3,1
34a557286ead8fe75c989e0afcf7d98c,SP,4,103.725,8.269539930555556,0.0,291.94905076691134,4.75,0.0,2,4,414.9,103.725,14.64,2,1
c716e0b86ed568878475b60fbb6323ad,SP,1,35.0,7.47505787037037,0.0,333.70190990666237,5.0,0.0,1,1,35.0,35.0,15.23,1,1
455c5640e8c5bd1b2ee85c0158f85727,SC,8,841.1875,14.96896701388889,0.0,1103.4139495529037,4.5,0.0,5,8,6729.5,841.1875,57.17375,7,4
87d30a6a0cbf89356e49324971ab1d24,SP,17,125.53705882352942,11.212977260348582,0.058823529411764705,323.9711687494003,4.352941176470588,0.11764705882352941,7,17,2134.13,125.53705882352942,12.692941176470589,12,1
217f005bb37ff3aeef5b2ae1788e75ba,SP,2,24.99,14.454687499999999,0.0,832.1562261726838,4.5,0.0,2,2,49.98,24.99,15.075,1,1
cac4e0bc1a3269fa2b6ea5e763f6115b,SC,2,28.94,11.330792824074074,0.0,317.5054318810757,5.0,0.0,2,3,57.88,19.293333333333333,16.713333333333335,2,1
8ec76bb0965af3f007692b26fa9d6623,SC,1,1999.0,11.309363425925927,0.0,623.2825121993369,5.0,0.0,1,1,1999.0,1999.0,29.75,1,1
aba1721a889e04decc910aa13b768ef4,SP,83,169.91927710843373,9.325860107095048,0.07228915662650602,504.09319446302203,4.445783132530121,0.0963855421686747,17,92,14103.3,153.2967391304348,13.577934782608697,76,4
7238f877570096ae403c51898fa64566,SP,3,400.0,8.923016975308643,0.0,561.7868025420034,5.0,0.0,3,3,1200.0,400.0,16.506666666666664,1,1
044668ccd5316b12a7cf0d54a156e3e9,SP,3,45.93333333333334,7.8470100308641975,0.0,710.2146646632212,5.0,0.0,3,4,137.8,34.45,13.3875,1,1
643c01d7c56a724bec0454f4780e8a3e,SC,2,102.775,9.720231481481482,0.0,524.5082387263758,4.5,0.0,2,2,205.55,102.775,20.55,2,1
cab85505710c7cb9b720bceb52b01cee,SP,201,55.34626865671642,10.137057593974571,0.01990049751243781,525.4086321174169,4.3325,0.065,21,204,11124.6,54.53235294117647,13.859754901960784,28,1
312ba1d77e9c332ef21f9598b7f64cd7,SP,7,73.28571428571429,25.699447751322754,0.5714285714285714,349.8903176353139,3.142857142857143,0.42857142857142855,4,7,513.0,73.28571428571429,14.629999999999999,4,2
8c3b533c63cca56240f94f1e3a6b18ef,MG,3,616.5,43.6256712962963,0.6666666666666666,780.0939066743504,2.0,0.5,3,5,1849.5,369.9,122.06400000000001,2,2
1fdc574883ef3b33ad41562d93f3a74a,SP,18,236.16666666666666,11.25219843106996,0.05555555555555555,369.68005408206034,4.444444444444445,0.0,7,18,4251.0,236.16666666666666,15.181666666666665,14,1
9a03a4e9eb0b947652fae4f6121a3f5e,SP,7,213.85714285714286,13.86299107142857,0.0,598.0286274772678,3.857142857142857,0.14285714285714285,4,7,1497.0,213.85714285714286,26.46,4,2
33cbda8716511e27e556dff9d8418bf2,SC,5,101.48,12.712717592592593,0.0,500.5519646510891,4.8,0.0,3,6,507.40000000000003,84.56666666666668,18.028333333333332,5,3
6cd68b3ed6d59aaa9fece558ad360c0a,MG,149,75.09107382550336,10.53334156723838,0.013422818791946308,628.9357244883532,4.456375838926174,0.03355704697986577,19,157,11188.57,71.26477707006369,16.113949044585986,54,4
3df020b72d3d44b3af9d110fa3940b65,SP,55,91.63454545454545,13.432020412457913,0.09090909090909091,772.1989210621002,4.054545454545455,0.14545454545454545,13,101,5039.9,49.9,16.926435643564357,13,1
537eb890efff034a88679788b647c564,RJ,158,29.227215189873416,9.140936108180966,0.0379746835443038,478.33636561493915,4.237341772151899,0.08860759493670886,17,171,4617.9,27.005263157894735,14.476842105263158,46,10
89de2d6f23e9746ff309705b23581faa,PR,8,42.5,9.644796006944444,0.0,692.7521127945804,2.7142857142857144,0.5714285714285714,3,8,340.0,42.5,20.01,4,1
c611f4ce9ce875bcc063fa97fd4d7d12,SP,1,319.0,4.072800925925926,1.0,47.948481912643956,4.0,0.0,1,1,319.0,319.0,13.25,1,1
3bfba5a77604f6dfae7e6dd7aaf65821,PR,4,523.875,9.362138310185186,0.0,839.0083802429497,5.0,0.0,3,4,2095.5,523.875,30.6725,4,1
48fb026ed7455a42f5d3e9390ed5088e,RJ,9,54.41444444444445,11.88611239711934,0.0,984.2051614663661,2.888888888888889,0.4444444444444444,7,9,489.73,54.41444444444445,21.28222222222222,9,1
0d33a55da925bbf1ff02af5f6059fc7f,SP,22,24.877272727272725,8.47973327020202,0.045454545454545456,353.58318319868704,4.454545454545454,0.09090909090909091,7,24,547.3,22.804166666666664,16.067083333333333,8,4
cea729054f157f5870bdd321a958d994,SP,24,103.42083333333333,7.273115837191358,0.041666666666666664,473.7718634914692,4.125,0.125,7,26,2482.1,95.46538461538461,13.443076923076923,17,2
955fee9216a65b617aa5c0531780ce60,SP,1261,104.54933386201427,10.769856696258113,0.06106264869151467,485.42808178487763,4.201117318435754,0.10215482841181166,27,1472,131836.71,89.56298233695652,16.827289402173914,103,23
0f0c984a4a955310903b6b6008660bad,SP,4,92.4525,14.240300925925926,0.0,781.1700321928106,3.75,0.25,3,4,369.81,92.4525,27.8925,4,2
f805b96fa705ba7995a221f1749dc141,PR,7,392.0628571428571,12.984732142857142,0.0,1239.7940095534443,4.428571428571429,0.0,5,7,2744.44,392.0628571428571,34.63285714285714,6,1
751bdc4d83a466c7206cd42e8f426b03,SP,51,127.86196078431372,10.857696759259259,0.0196078431372549,624.0023780416328,3.938775510204082,0.22448979591836735,15,68,6520.96,95.89647058823529,15.000294117647059,37,3
2f4b0d3b9634b647d4edee577d7ebb7e,SP,10,33.79,6.147945601851852,0.0,30.74678551368183,4.9,0.0,1,11,337.9,30.718181818181815,7.673636363636363,3,1
ba5daa4041e1f15cdf34b76e3e18a450,SP,15,53.78666666666667,5.692246141975308,0.0,299.59845587094543,4.266666666666667,0.13333333333333333,4,15,806.8000000000001,53.78666666666667,10.17,11,1
6e386f64c84e482f0b9abf960797ee1b,SP,29,421.0103448275862,10.478848978288635,0.06896551724137931,944.0021998235959,4.607142857142857,0.03571428571428571,14,29,12209.3,421.0103448275862,21.08655172413793,13,1
83c465a786b06574376909b35ef6752a,SP,3,93.8,5.269764660493827,0.0,284.09342758037246,5.0,0.0,2,3,281.4,93.8,16.353333333333335,2,1
d93b8458c6fe139d85cfa5eadbf55bd2,SP,1,19.9,5.977627314814815,0.0,824.5033030374037,5.0,0.0,1,1,19.9,19.9,14.1,1,1
71592660bbcb6a4664e97b6f8b68babc,SP,6,337.86333333333334,12.457635030864196,0.0,984.1088491417358,4.333333333333333,0.0,5,7,2027.18,289.59714285714284,24.767142857142858,6,4
6a53b90c3ad9e0b56d9fe5c69165fff5,PR,2,69.89,11.870266203703704,0.0,256.6978296710053,3.5,0.0,2,4,139.78,34.945,13.75,2,2
38f276ca6e7cc95a6d1bb55ac9e5550f,SP,1,24.99,5.200891203703704,0.0,215.62725040147757,5.0,0.0,1,1,24.99,24.99,11.85,1,0
eae9af4811c294c56795d70e715b7337,SP,1,15.9,2.8439467592592593,0.0,10.59398692164578,5.0,0.0,1,1,15.9,15.9,11.11,1,0
039b29ff3b3473435d0cd59040575de9,SP,9,12.766666666666667,9.107943672839506,0.0,475.4484233672257,4.444444444444445,0.0,4,9,114.9,12.766666666666667,11.183333333333334,7,2
ac51cac5e20d69ff485a54746488ef48,SP,3,233.33333333333334,16.31224922839506,0.0,1000.9485218575514,3.6666666666666665,0.3333333333333333,3,3,700.0,233.33333333333334,19.566666666666666,3,1
4221a7df464f1fe2955934e30ff3a5a1,BA,5,169.9,16.569189814814813,0.0,1762.3329739576614,4.8,0.0,4,5,849.5,169.9,47.908,1,1
48e954b2da4f6a750c844173b347ed40,RS,2,198.9,8.116221064814816,0.0,822.4129219496565,4.5,0.0,2,6,397.79999999999995,66.3,26.501666666666665,2,1
fc4751cfe3b279c419615b9b00c1abb4,PR,1,453.7,8.010011574074074,0.0,465.7934144867399,5.0,0.0,1,1,453.7,453.7,17.35,1,1
085f6f7e049c996695fb2074fe38d45e,SP,6,50.9,10.56288387345679,0.0,318.5941651513364,4.0,0.16666666666666666,4,8,305.4,38.175,16.32,6,4
34675b28b826facfde119785bf287dc1,PR,1,21.99,5.948611111111111,0.0,717.5778121297898,4.0,0.0,1,1,21.99,21.99,15.1,1,1
7d7866a99a8656a42c7ff6352a433410,SP,5,29.577999999999996,4.886585648148148,0.0,345.7479956681108,4.4,0.0,3,5,147.89,29.577999999999996,11.898,4,3
5a93f3ab0ef4c84ed5e1b5dbf23978bc,SP,38,60.507368421052625,15.09383558723197,0.02631578947368421,529.6597577484478,4.7894736842105265,0.02631578947368421,9,43,2299.2799999999997,53.471627906976735,15.184651162790697,8,2
64cc804291f90c81f02bfc2bb58ff55a,PR,2,258.8,14.760040509259259,0.0,676.5187757616416,5.0,0.0,2,2,517.6,258.8,23.27,2,1
5f57db27027655e6c6a391601daa0258,ES,1,98.0,14.373472222222222,0.0,1006.254746939934,5.0,0.0,1,1,98.0,98.0,53.04,1,1
e1b12447a7563944843191754aeb5562,SP,9,52.49555555555556,14.48102752057613,0.2222222222222222,519.95526454548,4.444444444444445,0.1111111111111111,4,10,472.46000000000004,47.246,12.667,6,4
2f3d8b4c9e2ee165075331fea3f3095a,SC,1,130.0,12.331180555555555,0.0,1025.9577853972091,5.0,0.0,1,1,130.0,130.0,17.35,1,0
1fe5540d7c1c37a595fefbacd5570d9e,RJ,20,226.88000000000002,11.861380787037037,0.05,838.1062883646387,4.3,0.05,10,25,4537.6,181.50400000000002,23.246,2,1
d3f39f05462b79a4562d35893a28f159,SP,33,71.61818181818182,11.970595187991021,0.12121212121212122,335.8064813391096,3.606060606060606,0.3333333333333333,7,37,2363.4,63.87567567567568,14.323513513513515,6,2
528ce32f560edd11add4169f6a5b65be,SP,2,29.9,10.162274305555556,0.0,57.30883700410822,5.0,0.0,1,2,59.8,29.9,7.65,2,1
b86a47b3366e3b5424a7b225781f4908,MG,1,86.5,14.259398148148149,0.0,1218.138159816513,3.0,0.0,1,1,86.5,86.5,19.85,1,0
0176f73cc1195f367f7b32db1e5b3aa8,SP,37,125.49189189189188,13.24754441941942,0.10810810810810811,429.22071729667215,4.108108108108108,0.16216216216216217,7,38,4643.2,122.18947368421053,33.47552631578947,18,1
01cf7e3d21494c41fb86034f2e714fa1,PR,59,159.99254237288136,11.786124646892656,0.05084745762711865,930.1960601257064,4.120689655172414,0.1206896551724138,10,65,9439.56,145.224,30.222307692307695,21,8
ceaec5548eefc6e23e6607c5435102e7,SP,198,259.9908080808081,13.014988075196408,0.050505050505050504,625.6580649151717,4.2,0.11282051282051282,22,206,51478.18,249.8940776699029,29.978398058252427,33,7
c8771b1a10bb99bb34d3c459c5cffb53,SP,1,64.9,6.815891203703703,0.0,454.4342501474913,5.0,0.0,1,1,64.9,64.9,31.2,1,1
2d42ebcda99fd55f6f4bc2f1ca035d50,GO,10,92.15,9.604912037037037,0.0,668.1028043418848,4.3,0.1,5,11,921.5,83.77272727272727,25.679090909090913,3,2
e9bc59e7b60fc3063eb2290deda4cced,PR,209,160.49612440191387,14.27116610180755,0.07655502392344497,668.7435827042042,4.076555023923445,0.14354066985645933,13,260,33543.69,129.01419230769233,17.456653846153845,42,2
13d95f0f6f73943d4ceffad0fc2cd32c,GO,1,249.99,22.338900462962965,1.0,830.0997895010617,3.0,0.0,1,1,249.99,249.99,59.33,1,1
6f229cc508fc6915ed5c499efd93baa4,RJ,13,204.21538461538464,9.2466176994302,0.15384615384615385,632.1547705153879,4.384615384615385,0.15384615384615385,6,14,2654.8,189.62857142857143,23.84857142857143,12,1
83f2b4881141ce3fcd4e985125d3279e,SP,3,20.233333333333334,18.191948302469136,0.0,361.30525087329147,5.0,0.0,2,3,60.7,20.233333333333334,13.56,3,1
c8c1bea22194a4eefa2dc9a9fa89f536,SC,7,180.85714285714286,8.498819444444445,0.0,814.3845517977481,5.0,0.0,4,13,1266.0,97.38461538461539,22.517692307692307,3,1
b0b346d3a89f5eb4c2968af3f083cd43,SP,9,52.111111111111114,23.350222479423866,0.3333333333333333,621.3398718269297,3.7777777777777777,0.2222222222222222,6,9,469.0,52.111111111111114,17.855555555555558,6,2
a0415d9b25ede3c4b1e477e9916ffc03,RJ,9,393.79999999999995,8.927204218106997,0.0,1086.6974231618435,4.222222222222222,0.1111111111111111,7,9,3544.2,393.79999999999995,20.54888888888889,7,2
3dfd3dc96f7f8598eca74e9ac8a2fa31,SP,6,30.5,12.230414737654321,0.16666666666666666,556.3798307575331,4.0,0.16666666666666666,4,6,183.0,30.5,12.616666666666667,6,4
e5545d4d4473876ea78c5bcebca365c3,SP,1,44.5,5.198229166666667,0.0,310.0434897721158,5.0,0.0,1,1,44.5,44.5,12.97,1,1
fa1a9dec3a9940c072684a46728bf1fc,SC,55,121.34545454545454,14.294422348484849,0.0,802.665376969792,4.111111111111111,0.12962962962962962,12,60,6674.0,111.23333333333333,20.0285,35,1
6ddc28b61be28373b4503a1f61cf98a9,SP,11,157.53636363636363,6.850078914141414,0.09090909090909091,365.5679866789414,4.181818181818182,0.09090909090909091,6,11,1732.9,157.53636363636363,15.19909090909091,10,2
c5ebe6598748b0aeaa61cfb820478b92,RS,3,99.0,4.9036535493827165,0.0,362.10020877076704,4.666666666666667,0.0,2,3,297.0,99.0,13.39,3,1
5670f4db5b62c43d542e1b2d56b0cf7c,SP,22,301.3677272727273,8.532830913299664,0.045454545454545456,560.5308408240318,4.409090909090909,0.09090909090909091,9,22,6630.09,301.3677272727273,26.480000000000004,14,1
e1c76f339ebd5460999f25a2aa8c92c5,SP,1,899.9,29.84170138888889,0.0,2210.087719557438,5.0,0.0,1,1,899.9,899.9,28.8,1,1
cb8bcce248bb1fb274ba762d8b971456,MG,66,138.67272727272726,12.631106551627385,0.015151515151515152,585.6073260640652,4.333333333333333,0.045454545454545456,16,67,9152.4,136.60298507462687,17.91179104477612,5,3
6524b847b982cd56bb5d4b02b776ee42,SP,1,779.8,42.330416666666665,1.0,704.2382958328435,4.0,0.0,1,2,779.8,389.9,27.57,1,1
610f72e407cdd7caaa2f8167b0163fd8,SP,16,849.0725,12.704721498842593,0.125,208.90690243615205,3.625,0.3125,4,17,13585.16,799.1270588235294,49.66411764705882,16,1
b6d44737c043328708f6749c2dbe50bd,SP,61,86.6327868852459,8.211718085913782,0.06557377049180328,295.39714410615875,4.524590163934426,0.08196721311475409,8,79,5284.6,66.89367088607595,19.612784810126584,23,1
972d0f9cf61b499a4812cf0bfa3ad3c4,SC,81,97.65950617283951,18.185644861682672,0.1111111111111111,725.7045701619078,3.0253164556962027,0.4177215189873418,11,86,7910.42,91.98162790697674,24.427093023255814,15,1
8c91bfea4263b8fba54081460693e2a1,RS,2,369.5,12.129247685185184,0.0,918.7970762199958,5.0,0.0,2,2,739.0,369.5,23.375,2,1
38af8acfd46ac4a7bf754e8ca6736664,SP,5,69.0,6.385703703703704,0.0,210.21171907330958,4.8,0.0,3,5,345.0,69.0,10.588,2,1
d90fe2229fee1a5da999ccd0c06c1667,SP,3,150.0,9.816265432098765,0.0,517.7734936602975,4.666666666666667,0.0,2,3,450.0,150.0,22.30333333333333,2,1
75fdd0a732287f9497b179f6bd445d32,SP,1,59.9,10.883761574074073,0.0,474.35822387112603,5.0,0.0,1,1,59.9,59.9,16.18,1,0
5b2e94f2c22b39ccc24d34ad0f669672,SP,10,94.978,9.983612268518518,0.1,578.7037108839044,4.9,0.0,7,10,949.78,94.978,39.036,5,1
9ac75591b69c3402684b6ce0310f22ee,SP,1,60.5,2.984837962962963,0.0,13.073343982609474,5.0,0.0,1,1,60.5,60.5,9.17,1,1
e5bd51692380fd8cabb19b756b95e714,SP,2,39.9,33.66361689814815,1.0,360.4952393884279,3.0,0.5,2,2,79.8,39.9,12.975,2,0
cfb1a033743668a192316f3c6d1d2671,SP,143,88.1786013986014,12.206511104636105,0.0979020979020979,403.525550310439,4.038732394366197,0.1619718309859155,15,179,12609.54,70.44435754189945,18.777430167597764,60,1
adcf50477d6a1f5d91bb9d54c4903cb5,MG,16,61.36625,23.489960214120373,0.1875,520.1498273959197,3.5625,0.25,7,31,981.86,31.67290322580645,19.863548387096774,13,4
8476243f92442881ddd5b578975cf115,RS,12,653.1666666666666,17.33558063271605,0.08333333333333333,1024.1878765432905,4.083333333333333,0.16666666666666666,7,12,7838.0,653.1666666666666,22.919166666666666,4,3
f2336e113377dd21c744d9c4fc8293a9,SP,4,890.75,20.24722511574074,0.0,2088.682414727384,4.25,0.0,3,4,3563.0,890.75,49.769999999999996,2,2
f25e239052084705e17a982bc600ab2a,SP,8,922.5,12.39517505787037,0.0,683.2953998665598,4.25,0.125,5,8,7380.0,922.5,50.685,8,4
714b9a1332840f257b49f476bea4e341,SP,6,249.99,32.30243055555556,0.3333333333333333,1201.8886518253582,3.3333333333333335,0.5,5,6,1499.94,249.99,26.358333333333334,2,1
89d9a386b0b6e5fc8403071b03f7206a,SP,2,83.5,13.494710648148148,0.0,413.8587329078827,4.0,0.0,2,5,167.0,33.4,13.65,1,0
bd15ee794d5e640d9dd71b665b2ab15b,SP,12,31.23333333333333,14.46503375771605,0.16666666666666666,698.9784304422245,4.0,0.16666666666666666,7,12,374.79999999999995,31.23333333333333,18.2775,4,2
f326006815956455b2859abd58fe7e39,SP,9,349.6844444444444,12.90150591563786,0.0,668.2349216037767,4.666666666666667,0.0,5,30,3147.16,104.90533333333333,22.200666666666667,6,3
bac692d6c0ed08467878018e6cc9c26c,SC,1,477.0,7.197361111111111,0.0,598.3717662356356,4.0,0.0,1,3,477.0,159.0,27.41,1,1
6a51fc556dab5f766ced6fbc860bc613,SP,24,300.7445833333333,14.152041859567902,0.08333333333333333,635.9908471553573,4.0,0.16666666666666666,4,31,7217.87,232.83451612903227,24.101290322580645,18,5
a90a5da8b09e44264a177c0374a5ac87,PR,3,24.899999999999995,9.380806327160494,0.0,488.13300147864294,4.333333333333333,0.0,2,3,74.69999999999999,24.899999999999995,24.2,2,1
ea6b12bf9ffe2bac34602ec631d97a47,SP,9,116.36666666666666,16.563964763374486,0.0,701.4141653997456,4.333333333333333,0.1111111111111111,5,9,1047.3,116.36666666666666,17.209999999999997,6,3
dc64d75cc406bb0697be983831430e60,MG,4,203.25,10.212702546296295,0.0,756.6722046360463,4.75,0.0,4,4,813.0,203.25,23.137500000000003,2,1
d1ef48b38baca7e831711c4a0aeb398f,PR,28,51.3975,9.90965484457672,0.07142857142857142,661.6408687334049,4.571428571428571,0.0,6,34,1439.13,42.32735294117647,19.19529411764706,18,6
f18112da765e0971ca5d510dec322bdd,SC,2,163.9,17.898136574074073,0.0,570.883176904846,4.0,0.0,2,2,327.8,163.9,41.475,2,0
259f7b5e6e482c230e5bfaa670b6bb8f,SP,136,61.71426470588235,8.735859630310458,0.014705882352941176,366.6452606516463,4.355555555555555,0.0962962962962963,14,162,8393.14,51.809506172839505,16.63135802469136,24,2
dd7ddc04e1b6c2c614352b383efe2d36,SP,121,75.60834710743802,15.020833237679827,0.12396694214876033,422.0194617909258,3.875,0.18333333333333332,15,142,9148.61,64.4268309859155,20.257535211267605,40,1
f457c46070d02cadd8a68551231220dd,PR,195,96.40153846153846,14.550147673314338,0.05641025641025641,641.8430390526931,3.8737113402061856,0.20103092783505155,13,230,18798.3,81.73173913043478,15.872652173913044,23,1
5962468f885ea01a1b6a97a218797b0a,PR,6,112.33333333333333,10.914812885802469,0.0,,4.666666666666667,0.0,3,6,674.0,112.33333333333333,15.29,4,1
1f50f920176fa81dab994f9023523100,SP,1399,76.2371050750536,15.809259557091044,0.08863473909935668,705.9921000207606,4.140602582496413,0.1398852223816356,23,1926,106655.70999999999,55.37679646936656,18.202092419522327,23,3
2b1a40c1daabc6ca280c4b815c101841,MG,22,561.0272727272727,13.425314078282828,0.045454545454545456,581.0759556966177,3.8181818181818183,0.18181818181818182,8,33,12342.6,374.0181818181818,55.54969696969697,19,1
26b482dccfa29bd2e40703ba45523702,SP,3,114.92666666666666,3.5925617283950615,0.0,320.3520042722791,5.0,0.0,3,4,344.78,86.195,16.9075,3,2
f356c348fbc8df6a882823e21f5ce8b7,RS,2,97.59,7.22974537037037,0.0,997.4621218080283,2.5,0.5,2,2,195.18,97.59,15.235,1,1
2ba91c7ad80ff88b23b7db823b43c233,SP,6,123.39999999999999,18.654373070987656,0.16666666666666666,610.6912416438958,3.8333333333333335,0.16666666666666666,4,6,740.4,123.39999999999999,16.655,4,2
3d0cd21d41671c46f82cd11176bf7277,SC,9,49.75555555555556,12.853112139917695,0.0,445.8358202246931,4.666666666666667,0.0,4,11,447.8,40.70909090909091,15.87090909090909,6,4
d93919c944be9cff128f6c9cb899eacb,SP,33,80.80909090909091,22.92127034231201,0.15151515151515152,780.8138162045547,4.0,0.18181818181818182,12,33,2666.7000000000003,80.80909090909091,29.009393939393938,6,2
f7ba60f8c3f99e7ee4042fdef03b70c4,SP,218,312.2477064220183,13.405899857713218,0.13761467889908258,973.4774205365784,4.220183486238532,0.10550458715596331,21,229,68070.0,297.2489082969432,18.855633187772924,9,2
0ee4fb99ac55ffbbc98795aa01b7f8fa,SP,1,59.9,6.882916666666667,0.0,4.911718637081125,5.0,0.0,1,1,59.9,59.9,11.03,1,1
c5f7e746b7e6d07def6c0dae9903279b,PR,10,142.9,5.686640046296296,0.0,541.8083811436038,4.4,0.0,5,11,1429.0,129.9090909090909,20.901818181818182,5,1
2d20f1cd18725c91147da0791d498022,PR,1,99.8,9.953344907407407,0.0,705.2053584384907,5.0,0.0,1,1,99.8,99.8,19.89,1,1
002100f778ceb8431b7a1020ff7ab48f,SP,50,24.331999999999997,16.386808796296297,0.18,530.0541198399383,3.96,0.14,13,54,1216.6,22.52962962962963,14.417777777777777,24,1
70f84699be677ec988d1fa824aef7d90,MG,5,317.65999999999997,17.529266203703706,0.0,1123.492335199163,4.6,0.0,5,5,1588.3,317.65999999999997,23.228,4,1
5bc24d989e71e93c33e50a7782431b0e,MG,17,185.1764705882353,9.188674428104575,0.0,549.5931379394265,4.352941176470588,0.11764705882352941,7,17,3148.0,185.1764705882353,34.61941176470588,9,1
36f98ad67cc981f50ce8aed093d5783c,PR,2,59.7,6.10787037037037,0.0,723.6472442634558,4.0,0.0,1,2,119.4,59.7,19.61,2,1
70ee69419916dc13e3aed619061f996c,SP,1,45.0,14.4346875,0.0,78.1137796444161,3.0,0.0,1,1,45.0,45.0,8.72,1,1
6eb94e1466490d327a09abf8f3552a50,SP,9,152.55,8.174558899176954,0.0,645.4429526402887,4.75,0.0,6,9,1372.95,152.55,23.80777777777778,3,2
8ff1a9df749e454105c55cda13e79143,SP,13,107.73846153846155,12.501949786324786,0.0,561.5441763693408,3.727272727272727,0.2727272727272727,4,14,1400.6000000000001,100.04285714285716,19.800714285714285,9,5
c4fabeea6e569d42d02993bb1f4f1cbc,CE,11,78.11818181818182,21.726757154882154,0.09090909090909091,2129.148671183657,4.0,0.18181818181818182,5,11,859.3000000000001,78.11818181818182,25.201818181818183,3,2
5236605f4d4b0b3e4df85b850393fca0,SP,5,53.06,10.492495370370369,0.2,572.3982359033223,4.8,0.0,2,5,265.3,53.06,16.436,4,1
45c20d94d9171b0bcfab3c955e47d67b,SP,4,32.364999999999995,14.431024305555557,0.0,724.3796853176005,4.5,0.0,4,4,129.45999999999998,32.364999999999995,20.2775,4,3
5bc237df65098fe211bb4818f4d26d78,MG,2,63.400000000000006,12.479837962962963,0.0,1259.7901913122291,4.5,0.0,2,2,126.80000000000001,63.400000000000006,28.545,2,1
6a38087bc8ad4f89ff453561005f6dea,GO,15,122.22866666666667,10.229387345679012,0.0,734.8626764682366,4.6,0.0,8,22,1833.43,83.33772727272728,24.905454545454543,3,2
4e5725ba188db8252977a4f0227bd462,SP,21,88.81380952380952,20.972906746031747,0.23809523809523808,539.4044943766387,3.5238095238095237,0.3333333333333333,7,24,1865.09,77.71208333333333,15.177916666666667,13,2
e4f121bf6ef8b9a1d4d3e65dd0473fab,SP,2,35.0,21.336834490740742,0.5,954.6812414358258,3.0,0.5,1,2,70.0,35.0,18.23,2,2
eebb3372362aa9a46975164bed19a7e7,SP,4,73.99,52.582190393518516,0.5,671.3207422881725,3.25,0.25,3,4,295.96,73.99,14.6625,2,1
2ec6e37d992a95eaddb3369dcbcc76d9,RS,2,79.9,9.651765046296296,0.0,1066.01366551835,1.5,1.0,2,2,159.8,79.9,12.07,1,1
f84a00e60c73a49e7e851c9bdca3a5bb,RJ,88,66.46863636363636,11.796352719907407,0.10227272727272728,444.95812449966564,3.897727272727273,0.19318181818181818,13,97,5849.24,60.30144329896907,19.90824742268041,22,2
e5a38146df062edaf55c38afa99e42dc,SP,120,127.25741666666666,12.190817033179012,0.075,479.9413600751829,3.9831932773109244,0.16806722689075632,16,124,15270.89,123.15233870967741,15.205967741935483,27,9
80cfd480be3eb6d6267139f5cb793555,SP,1,99.9,14.254143518518518,0.0,2345.2169263390774,4.0,0.0,1,1,99.9,99.9,26.44,1,1
62c50c1af4dfdc4149d25c5222043d39,SP,12,193.81916666666666,12.141128472222222,0.0,524.4140705046287,4.083333333333333,0.16666666666666666,6,17,2325.83,136.8135294117647,16.58529411764706,4,4
4de6e4ba574aa9dfdc824bc44dc47fdd,PR,14,32.221428571428575,9.368518518518517,0.07142857142857142,628.2523001343371,4.071428571428571,0.21428571428571427,6,14,451.1,32.221428571428575,18.094285714285714,12,2
6548c2550b6e2d8f18053216e1c7b6f3,SP,3,72.56666666666666,6.486157407407408,0.0,413.6235155698834,5.0,0.0,2,5,217.7,43.54,13.970000000000002,3,1
f45122a9ab94eb4f3f8953578bc0c560,SP,184,118.28630434782609,12.76063166767311,0.07065217391304347,594.9965793791032,3.972826086956522,0.17391304347826086,20,197,21764.68,110.48060913705584,16.6456345177665,88,8
7901646fdd36a55f564ffaf2dbccaaf7,RJ,22,538.9581818181819,9.824321864478115,0.09090909090909091,308.75644699865,4.5,0.09090909090909091,5,27,11857.08,439.1511111111111,23.02777777777778,12,2
6481e96574816ead57975da2c0f6d80d,SP,32,103.903125,6.952938368055555,0.03125,211.30936701364402,4.1875,0.09375,6,43,3324.9,77.3232558139535,23.62697674418605,20,5
e8dba4d70f7f2b20e775d09cae01142d,SP,9,95.10111111111111,8.808996913580247,0.1111111111111111,406.31553632997384,4.333333333333333,0.1111111111111111,4,9,855.91,95.10111111111111,19.608888888888888,6,2
13e85aac53340018b40c2af68001b7e0,SP,1,17.8,17.718125,0.0,97.53475798176977,5.0,0.0,1,1,17.8,17.8,14.12,1,1
b6dc74ed30f124f95227bed4e43a3bed,PR,9,43.062222222222225,18.03835390946502,0.1111111111111111,705.1676738446491,4.666666666666667,0.0,4,10,387.56,38.756,16.433,6,1
48436dade18ac8b2bce089ec2a041202,SP,134,88.21723880597015,14.353559373272526,0.07462686567164178,620.618923187601,4.104477611940299,0.12686567164179105,19,147,11821.11,80.41571428571429,19.325850340136054,22,2
f5f2ab9bdb6b30c14c61be68c5ed37da,SP,18,118.59333333333335,13.4501858281893,0.05555555555555555,652.315627124442,4.277777777777778,0.1111111111111111,12,18,2134.6800000000003,118.59333333333335,18.881666666666668,14,3
8ed8ea9a57c862f2c18c2fe41f601d56,SC,19,201.67894736842106,8.578249878167641,0.0,622.9262942957566,4.473684210526316,0.05263157894736842,6,19,3831.9,201.67894736842106,38.47736842105263,2,2
c76d418370990614e89e956c7a7567d9,SP,2,152.62,10.554403935185185,0.0,1286.473274589535,3.5,0.0,2,2,305.24,152.62,32.265,1,1
ea846a0e7ad98a741783e886d89dfa44,SP,2,68.5,10.279629629629628,0.0,594.3919889482663,5.0,0.0,2,3,137.0,45.666666666666664,18.419999999999998,2,1
2c54051840f19eca309a5423cf22df36,PR,2,11.85,8.931585648148149,0.0,488.7851384826324,4.5,0.0,2,2,23.7,11.85,14.285,2,1
ee27a8f15b1dded4d213a468ba4eb391,GO,1,6499.0,11.955023148148149,0.0,616.734092052941,5.0,0.0,1,1,6499.0,6499.0,227.66,1,1
69b5eaa096c3f9d1e5c398c597f567d6,SP,2,469.0,6.57519675925926,0.0,459.20909190174604,5.0,0.0,1,2,938.0,469.0,24.51,1,1
5b92bfa4120daa27c574daa2e386c693,SP,1,14.0,16.086435185185184,0.0,119.73807372366888,3.0,0.0,1,1,14.0,14.0,10.96,1,1
1554a68530182680ad5c8b042c3ab563,MG,246,117.80341463414634,14.212455632716049,0.06097560975609756,555.838460832129,4.331967213114754,0.10245901639344263,22,267,28979.64,108.53797752808988,25.22441947565543,69,5
fc38b5dceee1a730fad8853453437fbd,SP,5,23.84,7.9680231481481485,0.0,257.1259803708723,4.6,0.0,2,5,119.2,23.84,11.762,5,2
152ee17e4c8aaf53dac99f3462e4999b,SC,6,51.49333333333334,10.735235339506174,0.0,497.59504513362634,4.333333333333333,0.0,4,6,308.96000000000004,51.49333333333334,15.995,3,2
fac35d150712afb921ec59ac5f39bb11,MG,5,139.2,10.14049537037037,0.0,377.3135217587942,4.4,0.0,2,6,696.0,116.0,17.44,2,2
04aa0a1c5ce6b222003403a3e11c3cc0,SP,11,501.6363636363636,17.522946127946128,0.18181818181818182,1286.234619200697,4.090909090909091,0.18181818181818182,8,17,5518.0,324.5882352941176,48.32411764705882,8,2
ede0c03645598cdfc63ca8237acbe73d,SP,43,54.70116279069768,18.589664621016365,0.32558139534883723,490.1317215774254,3.5714285714285716,0.2857142857142857,10,47,2352.15,50.045744680851065,15.070212765957447,24,3
1e47defeeadeca0e9a18fa5a9311e735,SP,3,78.04,12.017928240740739,0.0,838.6125475770981,5.0,0.0,3,3,234.12,78.04,19.166666666666668,3,2
a7b7354cc588f7566a848bcbb1ce3d96,SP,2,39.9,11.876527777777778,0.0,312.7422301077436,4.0,0.0,2,2,79.8,39.9,12.535,1,1
ef0ace09169ac090589d85746e3e036f,RJ,128,125.82343750000001,12.821328848379629,0.078125,611.0516324965348,4.3984375,0.078125,16,139,16105.400000000001,115.86618705035973,16.542302158273383,22,2
a7dc4098e4da6e41b426269d12ae7e91,SP,2,259.0,6.348055555555556,0.0,107.06184355100683,3.0,0.5,1,3,518.0,172.66666666666666,12.15,2,1
918717417d88a9f9ae9735567e6c7682,SP,4,86.42500000000001,8.146559606481482,0.0,261.3836981691357,5.0,0.0,2,4,345.70000000000005,86.42500000000001,10.88,3,3
26f6b7ab07be3e9e69ce82a6552efc19,RJ,2,27.4,10.984780092592594,0.5,386.2720904809736,3.0,0.5,2,2,54.8,27.4,12.975,2,2
cad9969167c09b48ae6f1d123f7fa68d,MG,1,24.0,3.389236111111111,0.0,346.2288963315283,5.0,0.0,1,1,24.0,24.0,13.51,1,1
7c4adcc13272c0e26fa23aac642adb7b,RJ,2,67.5,17.025104166666665,0.5,557.7611772398297,3.0,0.5,1,2,135.0,67.5,15.315000000000001,2,1
f19516b9ff26bfeb091b30108db4ddbd,SP,3,54.23333333333333,10.648128858024691,0.0,1101.809445574707,3.6666666666666665,0.3333333333333333,2,3,162.7,54.23333333333333,18.84,3,1
ed8cb7b190ceb6067227478e48cf8dde,SP,15,38.233333333333334,7.3134652777777776,0.06666666666666667,340.32716391689286,3.4,0.3333333333333333,5,17,573.5,33.73529411764706,14.277058823529412,10,4
97e50a621f8e801f4baf69e08687c192,SP,1,89.9,9.454490740740741,0.0,69.23697922036557,5.0,0.0,1,1,89.9,89.9,7.88,1,1
562f8cfc51f265411f487d07e9c40e7f,MG,13,58.99384615384616,14.032670049857549,0.07692307692307693,706.5517075212582,4.538461538461538,0.0,7,13,766.9200000000001,58.99384615384616,15.333076923076922,4,2
a21c11ec5c3f03e7cc9f9203bff9e1c6,SP,3,128.33333333333334,9.542469135802468,0.0,816.0498530607705,3.6666666666666665,0.3333333333333333,3,4,385.0,96.25,22.72,2,2
97e4a63591ca439a2b8b7efd20e6e19e,RJ,5,69.99,6.431298611111112,0.0,313.57556772328434,4.4,0.0,3,5,349.95,69.99,15.709999999999999,2,1
07017df32dc5f2f1d2801e579548d620,PB,8,118.31125,10.079266493055556,0.0,1388.4271464378303,4.0,0.25,7,9,946.49,105.16555555555556,20.194444444444443,3,1
52092ddbd3a58c450a4459bf051b2287,SP,6,58.61666666666667,12.89526234567901,0.0,476.9478024486712,4.333333333333333,0.16666666666666666,3,6,351.7,58.61666666666667,12.558333333333332,4,1
1a8e2d9c38b84a9702ac7922924b0573,SC,1,80.0,15.598125,0.0,735.2262137192077,5.0,0.0,1,1,80.0,80.0,17.0,1,0
f1198c871e0171278b63f40d112caeec,SP,2,237.9,11.401388888888889,0.0,151.37642534662896,4.5,0.0,1,2,475.8,237.9,41.135,2,1
87142160b41353c4e5fca2360caf6f92,RS,305,101.95403278688525,10.92719637978142,0.03934426229508197,970.6131519314395,4.40625,0.0625,22,339,31095.98,91.72855457227139,21.293008849557523,56,8
289cdb325fb7e7f891c38608bf9e0962,SP,109,123.03256880733944,6.728997196738023,0.01834862385321101,526.9230715237225,4.587155963302752,0.05504587155963303,13,125,13410.55,107.28439999999999,16.60416,25,4
11305281b50fff20ae8bb473f8e11876,MG,35,186.53428571428572,13.579183531746033,0.11428571428571428,481.4254441958822,4.314285714285714,0.08571428571428572,8,40,6528.7,163.2175,36.11275,18,5
723a46b89fd5c3ed78ccdf039e33ac63,RS,1,66.64,7.9987615740740745,0.0,1174.79619832303,4.0,0.0,1,1,66.64,66.64,23.4,1,1
d9b00a97818674c7f8d8b1ef0e689679,PR,1,69.9,2.203148148148148,0.0,94.15312352652852,3.0,0.0,1,1,69.9,69.9,9.18,1,1
9d681c7e12db302cb261e721040dde65,PR,13,60.43076923076923,9.304166666666667,0.0,772.3644509834284,4.923076923076923,0.0,7,14,785.6,56.114285714285714,19.505714285714284,8,1
c7bb64409aa480bb7d0335faaaf3d242,SC,4,24.4,5.879091435185185,0.0,445.29684220934575,2.25,0.5,4,4,97.6,24.4,16.89,2,1
bb7ad8a45c027be8ab075b8e465f8ca0,SC,2,9.99,5.669924768518518,0.0,383.3319427110117,5.0,0.0,2,2,19.98,9.99,16.32,1,1
8a207b6080964f3c1fc9d35bd6096ba4,SP,2,276.85,22.713935185185186,0.5,785.9730881223767,5.0,0.0,2,3,553.7,184.5666666666667,58.78,2,2
fa1c13f2614d7b5c4749cbc52fecda94,SP,578,330.30647058823524,13.354636117518904,0.09169550173010381,685.7007695374459,4.372822299651568,0.09581881533101046,24,579,190917.13999999998,329.7359930915371,17.126701208981004,284,5
bf100ecb7997df312b285358fb32f92c,PR,20,99.595,9.656619212962962,0.0,433.25472013670094,4.444444444444445,0.0,6,21,1991.9,94.85238095238095,16.433809523809526,9,3
3504c0cb71d7fa48d967e0e4c94d59d9,SP,53,44.338490566037734,7.327788478336827,0.0,322.7663923001196,4.415094339622642,0.03773584905660377,9,53,2349.94,44.338490566037734,12.969245283018868,14,6
164a5a8794e6d42e14f55e447b12a3bc,PR,1,73.99,13.407523148148147,0.0,2798.8475562062013,5.0,0.0,1,1,73.99,73.99,62.77,1,1
de09d00cfc265b8804c7df34075a68fa,SP,3,261.3333333333333,6.152604166666666,0.0,315.02159153860555,3.3333333333333335,0.3333333333333333,3,3,784.0,261.3333333333333,14.656666666666666,3,1
638cba8be1fb599bbb76fd6948351eb3,SP,16,33.4625,8.141051070601852,0.0,308.04877405058727,4.6875,0.0625,6,22,535.4,24.336363636363636,12.194090909090908,10,2
2f73e04d12cdf0c945ded66bb3fcf6c7,ES,3,453.0,13.595486111111109,0.0,652.7171403147868,3.3333333333333335,0.3333333333333333,1,3,1359.0,453.0,33.949999999999996,3,1
fbc14c0cf93505ef89f64665ffa4a7b5,SP,18,679.3233333333333,12.070780606995886,0.05555555555555555,631.3832831724532,4.176470588235294,0.11764705882352941,9,18,12227.82,679.3233333333333,29.50611111111111,16,5
c3ee2331a724e6fc02c4b698b57a73f3,SP,2,673.5,6.262175925925925,0.0,85.27337280457881,3.0,0.0,1,3,1347.0,449.0,46.96,2,1
e9874ae10b2d60d43917b6bbfa13a599,PR,1,199.0,6.675798611111111,0.0,459.5778026896888,5.0,0.0,1,1,199.0,199.0,23.1,1,1
df47da4ae86fa4db890d05aaf24e21d8,SP,5,62.1,7.044877314814815,0.0,403.3850961039679,4.2,0.2,3,5,310.5,62.1,15.436000000000002,2,2
ddd51ae8cda92f3995a51fc0f0f3eec7,RJ,8,105.33749999999999,8.139163773148148,0.0,239.5322501919047,4.625,0.0,3,25,842.6999999999999,33.708,11.0768,6,1
e644cbadf7eeb30d0d29f335ce7d52ec,SP,7,109.8442857142857,6.880929232804233,0.0,368.0351774733158,4.0,0.0,4,9,768.91,85.43444444444444,17.90222222222222,4,3
2bdb95a56a36ebbc6640337ac5eac174,SP,1,89.9,5.851944444444444,0.0,65.77720983746045,5.0,0.0,1,1,89.9,89.9,18.0,1,1
34d1ca11b242c0fee2c834ae8d788566,MG,40,335.556,13.179686631944444,0.0,829.2428151046439,4.333333333333333,0.05128205128205128,15,41,13422.24,327.3717073170732,23.95219512195122,4,1
324583d68897f5ddbaf38f6248322176,SP,2,42.0,21.315943287037037,0.5,617.7074141304425,1.0,1.0,1,3,84.0,28.0,14.663333333333332,1,1
96493fab2fbb13a14d0c0e8772eef5c3,SP,63,301.0952380952381,13.384796259553205,0.06349206349206349,807.770559107457,4.064516129032258,0.14516129032258066,18,64,18969.0,296.390625,18.94109375,54,1
d4ffeb15b67e81ff9af2b4252d99fb7e,SP,11,127.30909090909091,9.353339646464645,0.0,765.1078630105714,4.3,0.0,8,12,1400.4,116.7,27.034166666666664,8,3
b5d034ac251546e25afe9067f05c1539,SP,1,69.9,12.577013888888889,0.0,385.50389301785395,5.0,0.0,1,1,69.9,69.9,15.37,1,1
8a1ff5c35f6595a73fef4c7b96e4908a,PR,2,799.0,10.34066550925926,0.0,587.3997286454746,5.0,0.0,2,2,1598.0,799.0,142.39999999999998,1,1
a150c540f572d0fb53992264bc5c10b5,SP,1,119.9,10.858275462962963,0.0,915.3305373794741,4.0,0.0,1,1,119.9,119.9,15.59,1,1
7c1fea10b5b006671d608b1d7c446ec4,SP,14,30.257142857142856,16.23116898148148,0.07142857142857142,733.2902866560206,4.0,0.14285714285714285,8,14,423.59999999999997,30.257142857142856,16.010714285714286,13,3
b6e1504972665f739dec4facb9943775,SP,14,106.03428571428572,11.147410714285714,0.07142857142857142,461.60028398367314,4.357142857142857,0.14285714285714285,6,14,1484.48,106.03428571428572,16.134999999999998,7,2
f76a3b1349b6df1ee875d1f3fa4340f0,SP,24,173.36625,17.02268036265432,0.2916666666666667,281.0729229900723,3.4583333333333335,0.2916666666666667,7,24,4160.79,173.36625,24.50791666666667,6,1
99eaacc9e6046db1c82b163c5f84869f,SP,63,200.67111111111112,14.98057319223986,0.1111111111111111,633.5294972218524,4.0,0.1746031746031746,15,67,12642.28,188.69074626865674,16.14417910447761,18,3
8603f0038fe0e52fedd3382d266723de,SC,10,235.5,21.26354513888889,0.0,375.1678565221208,4.4,0.1,4,10,2355.0,235.5,49.012,9,4
d98eec89afa3380e14463da2aabaea72,RS,168,41.479345238095235,8.557804026124339,0.023809523809523808,1013.7821934110408,4.338323353293413,0.07784431137724551,20,183,6968.53,38.07939890710382,17.79661202185792,26,4
ab75b89cc49c9ab3160d0c91565a442a,SP,1,18.99,9.102488425925927,0.0,657.3495524498711,1.0,1.0,1,1,18.99,18.99,0.75,1,1
08084d990eb3f53af056ccbc1730c8a7,SP,12,31.041666666666668,8.503523341049382,0.0,339.4916484802348,4.454545454545454,0.0,6,12,372.5,31.041666666666668,19.524166666666666,3,1
d85efbc8eff2b7adf524e2820569adc8,SP,1,55.0,2.9467476851851853,0.0,40.97379617573955,5.0,0.0,1,1,55.0,55.0,8.29,1,1
23613d49c3ac2bd302259e55c06c050c,SP,69,60.76956521739131,13.97690838030059,0.08695652173913043,459.50082887417705,3.8676470588235294,0.23529411764705882,12,79,4193.1,53.07721518987342,25.7473417721519,24,1
87d3c3aeb3ead335511b3ce315eb341e,SP,15,49.95666666666666,6.565039351851852,0.06666666666666667,393.886125171461,3.5,0.21428571428571427,7,15,749.3499999999999,49.95666666666666,14.247333333333334,11,2
93b9a99027bd8bd6af682aff18dd19bf,SP,19,100.84210526315789,11.560305799220274,0.0,402.75068699900294,4.111111111111111,0.05555555555555555,7,20,1916.0,95.8,22.5395,15,2
0bf0150d5b9d60d9cd2906003332f085,SP,39,148.06666666666666,14.152253383190883,0.15384615384615385,331.8859655531579,3.789473684210526,0.21052631578947367,8,62,5774.6,93.13870967741936,17.705483870967743,15,2
7ecef8194babfec876ca720714327841,SP,7,141.5,10.141066468253968,0.0,320.8466151447906,4.285714285714286,0.0,4,8,990.5,123.8125,15.47,5,3
87b4428a334b8f676fd9a7f3bf544fb5,SP,1,29.99,6.9279166666666665,0.0,384.7067133127186,5.0,0.0,1,1,29.99,29.99,18.99,1,1
30829ded4523ab9224b93bc49a62c95f,RS,18,383.9838888888889,12.086655092592592,0.05555555555555555,849.9619396410212,3.7777777777777777,0.2222222222222222,8,31,6911.71,222.9583870967742,20.580645161290324,13,1
dcb7367a92f5ffb89f1e2152ed260285,SP,1,79.9,10.07724537037037,0.0,809.8580508467489,5.0,0.0,1,1,79.9,79.9,18.44,1,1
513a54369b6a8a6602fcb0e129c6d78d,SP,2,23.9,3.5719097222222222,0.0,18.417404746684163,4.5,0.0,1,2,47.8,23.9,7.43,1,1
5075aaa8404020ae6aa8bf4792099b41,MG,10,157.288,11.988199074074073,0.0,208.59719701712282,3.9,0.2,4,15,1572.88,104.85866666666668,19.95133333333333,5,2
d354c38a7182125a748cb10474fe963b,RJ,17,88.25529411764705,13.723873229847493,0.058823529411764705,467.31956695228604,4.375,0.0,5,19,1500.34,78.96526315789474,15.440526315789475,6,1
4be9ae93c4fc0f41713d71a4194ee1b3,MG,1,109.9,11.089050925925926,0.0,367.9356730690249,5.0,0.0,1,1,109.9,109.9,27.07,1,1
e0487761face83d64fcada2408959a36,SP,2,24.625,3.5394791666666667,0.0,41.37390014114264,4.5,0.0,1,2,49.25,24.625,7.4350000000000005,2,2
9996ae921c50e8dff411ac69c0b4bb8b,SP,2,14.850000000000001,14.381655092592592,0.0,459.59423372975755,2.0,0.5,2,3,29.700000000000003,9.9,14.556666666666667,3,1
c3cfdc648177fdbbbb35635a37472c53,PR,278,154.84956834532375,9.728549493738342,0.014388489208633094,600.3892341135744,4.469314079422382,0.07581227436823104,17,307,43048.18,140.22208469055374,19.803355048859935,111,2
c8cc60ffd415254af5d9b9f34f32c369,SP,8,90.275,5.47861255787037,0.0,246.365003708097,4.75,0.0,4,9,722.2,80.24444444444445,21.558888888888887,7,1
1ce3ae5a399804d1a87e706f8a813c3e,SC,40,64.075,14.507188368055555,0.075,857.864929800619,3.75,0.2,9,44,2563.0,58.25,19.402045454545455,19,1
5f26c1408a65b42a7224cd463bdf3292,PR,10,113.97999999999999,6.427893518518519,0.0,683.3577284647133,4.8,0.0,5,10,1139.8,113.97999999999999,21.729,9,2
e59e575a175fadcadf8479e191770425,RJ,1,199.9,5.350474537037037,0.0,362.4850591000684,5.0,0.0,1,1,199.9,199.9,50.98,1,1
2138ccb85b11a4ec1e37afbd1c8eda1f,SP,388,31.157783505154637,11.346546511072928,0.04639175257731959,630.8676879172855,3.956072351421189,0.165374677002584,27,419,12089.22,28.85255369928401,14.087517899761338,157,7
ef30892870c278497523264be1be2241,SP,9,87.02222222222223,8.079983281893004,0.0,263.0261670531361,4.555555555555555,0.1111111111111111,3,9,783.2,87.02222222222223,12.148888888888887,5,1
d5b9a084373da994a6e37f732169a853,SP,7,252.71428571428572,17.875863095238095,0.14285714285714285,693.7634327537952,3.5714285714285716,0.2857142857142857,6,7,1769.0,252.71428571428572,25.184285714285718,5,1
e9c2dc0dd4ac38448289be644ac94f42,SC,3,39.46333333333333,5.392226080246914,0.0,409.0209381586612,5.0,0.0,3,3,118.39,39.46333333333333,18.74,3,2
fe87f472055fbcf1d7e691c00b1560dc,SP,6,180.96666666666667,6.001875000000001,0.16666666666666666,181.35106583115154,4.5,0.0,2,6,1085.8,180.96666666666667,21.69333333333333,4,1
5a32c398a06c345440bf2a683b017ad3,RJ,1,34.9,11.96880787037037,0.0,350.1720426013857,5.0,0.0,1,1,34.9,34.9,15.23,1,1
f46490624488d3ff7ce78613913a7711,SP,80,71.136875,10.25233666087963,0.1125,620.7627360092954,3.7625,0.2375,14,87,5690.95,65.4132183908046,19.464482758620687,34,1
4d0041cdbe51b4617d95c70b19decc74,MG,8,654.4000000000001,7.155746527777778,0.0,637.5689543324851,4.5,0.0,4,8,5235.200000000001,654.4000000000001,28.78625,6,1
db46ca7bce82b11f7e247539271fc390,RJ,16,58.373125,8.149848090277779,0.0,342.99169242922954,4.5625,0.0625,5,16,933.97,58.373125,13.493125,8,1
ad420dd0c4f92f8af951ac24b86d0cf5,MG,42,112.03071428571428,15.178687444885362,0.07142857142857142,712.0020751666689,4.125,0.15,9,46,4705.29,102.28891304347826,19.850217391304348,23,2
e8b4225284fbb02d16f200513f1f395d,SP,30,187.954,10.22229050925926,0.1,594.7497952683328,4.3,0.03333333333333333,9,30,5638.62,187.954,42.466,18,1
f61c63d13f7cd800549d5acdd390ae72,SP,26,118.16538461538462,11.74718482905983,0.07692307692307693,359.50031559511297,4.0,0.11538461538461539,7,26,3072.3,118.16538461538462,16.515,11,4
054694fa03fe82cec4b7551487331d74,SP,20,414.305,30.79312268518519,0.3,661.3981127016756,3.4,0.3,8,21,8286.1,394.5761904761905,31.44,14,4
dc50afafdfa325eadc890c7fa42a8f4e,PR,4,106.05,6.205685763888889,0.0,406.67307214940536,4.75,0.0,2,4,424.2,106.05,14.32,3,2
376d67b61dce0c990155286e7ae486a4,SP,1,94.0,14.346273148148148,0.0,906.8779285777454,4.0,0.0,1,1,94.0,94.0,17.91,1,1
7994b065a7ffb14e71c6312cf87b9de2,ES,5,90.6,9.00992824074074,0.0,541.7995136189609,5.0,0.0,2,7,453.0,64.71428571428571,20.62,5,1
a9415cf907dfa12f9ed18693244f5329,MG,1,210.0,11.134502314814815,0.0,143.93831044475192,5.0,0.0,1,2,210.0,105.0,87.71,1,1
b7d5b4b87af9d42b601865d3f3810bff,SC,1,350.0,8.628703703703703,0.0,715.8976666367317,3.0,0.0,1,1,350.0,350.0,20.69,1,1
7315baebc0572ff220d226283dc66728,SP,2,24.924999999999997,8.092291666666668,0.0,321.9290585538364,4.0,0.0,2,2,49.849999999999994,24.924999999999997,13.184999999999999,2,1
4125d9385a25e82d2f72d3a0fd55bc3f,SP,1,42.9,8.990208333333333,0.0,531.1724650678243,5.0,0.0,1,1,42.9,42.9,18.4,1,1
c8b0e2b0a7095e5d8219575d5e7e1181,SP,84,144.8834523809524,10.15878403328924,0.07142857142857142,542.2941231279498,4.0843373493975905,0.14457831325301204,13,85,12170.210000000001,143.1789411764706,17.49564705882353,58,1
38102b031c2a15e54623d711bfc753d3,CE,8,52.25,21.181413483796295,0.0,2257.8606710533622,4.0,0.0,4,10,418.0,41.8,30.821000000000005,5,3
160e4f13fd3a64b1b86807be88b5ffb0,PR,4,221.5,14.298266782407408,0.0,621.9184735943657,4.25,0.25,2,4,886.0,221.5,23.6125,2,2
8ccf3cf69651cc1d8a02c8bfaf3b8568,SP,2,125.0,25.706637731481482,0.5,1519.9718474772274,3.5,0.0,2,2,250.0,125.0,19.314999999999998,1,1
391fc6631aebcf3004804e51b40bcf1e,SP,521,75.76833013435702,14.415952139759721,0.08637236084452975,520.4701930736221,4.047297297297297,0.14671814671814673,19,605,39475.3,65.24842975206612,16.667504132231404,130,2
33cbbec1e7e1044aaf11d152172c776f,RS,15,48.71133333333333,8.429000771604938,0.0,998.7914030980395,4.733333333333333,0.0,7,16,730.67,45.666875,24.926875,9,1
da03c298e3999e9d828591fc2179d109,SP,4,196.925,9.591380208333334,0.0,330.44138919940985,4.75,0.0,3,5,787.7,157.54000000000002,10.956,2,1
49383af7ab774e4e8f3000f49c83dc4b,SP,8,82.5,8.085562789351851,0.0,517.4137120794405,4.375,0.0,4,12,660.0,55.0,20.18583333333333,1,1
8a2d12a90e92f012ce5226fc6592b653,PR,18,88.59166666666665,9.35801440329218,0.0,612.0414013560402,4.588235294117647,0.058823529411764705,6,18,1594.6499999999999,88.59166666666665,18.831666666666667,13,2
52956b80ae65fda598f06f6b9943e7a9,PR,3,264.0,25.609182098765434,0.3333333333333333,840.8595392356065,4.0,0.0,3,3,792.0,264.0,22.28333333333333,1,1
762ed976527cddf02787edba70fffa2a,PR,3,59.93333333333334,7.851986882716051,0.0,519.2231001339675,2.3333333333333335,0.6666666666666666,2,4,179.8,44.95,15.079999999999998,3,2
7994081388d55b9cf976c050653dd359,SP,1,120.0,12.970185185185185,0.0,349.8904405044521,5.0,0.0,1,1,120.0,120.0,14.6,1,1
585175ec331ea177fa47199e39a6170a,MG,1,3549.0,7.919513888888889,0.0,453.53618668921536,5.0,0.0,1,1,3549.0,3549.0,53.47,1,1
e59aa562b9f8076dd550fcddf0e73491,PR,69,445.163768115942,14.033286533816424,0.08695652173913043,681.8435120857013,4.260869565217392,0.10144927536231885,15,82,30716.3,374.5890243902439,26.342317073170733,9,1
e84ad2127668df3aafc6b73531a0beb8,SP,19,51.94736842105263,10.564939692982456,0.05263157894736842,683.5900049946532,4.368421052631579,0.10526315789473684,7,23,987.0,42.91304347826087,12.466521739130435,5,2
e9779976487b77c6d4ac45f75ec7afe9,SP,645,65.47238759689922,9.856124156617858,0.06046511627906977,371.6155641240142,4.2601246105919,0.1059190031152648,22,738,42229.69,57.22180216802168,13.525216802168023,131,8
6b90f847357d8981edd79a1eb1bf0acb,SP,45,73.824,5.575552469135802,0.0,361.14271951487933,4.355555555555555,0.06666666666666667,7,47,3322.08,70.68255319148936,15.69468085106383,12,6
48328ec9a579151d9cc6a86d4a59336c,RS,1,1099.0,21.226134259259258,0.0,1482.7300324429539,2.0,1.0,1,1,1099.0,1099.0,97.78,1,1
73a63f72308aa20a46f4b1632018f196,PR,27,282.9925925925926,11.633753000685871,0.0,633.0549842004929,4.1923076923076925,0.07692307692307693,6,35,7640.8,218.30857142857144,28.494285714285716,15,3
f62d7bb4a613ec758a03342d46b580b2,MG,32,770.78125,13.872097077546297,0.09375,839.6482305053016,4.375,0.0625,14,32,24665.0,770.78125,66.4246875,2,2
252e76235acb79183cfca6e34f13337d,SP,3,87.06666666666666,14.127746913580248,0.0,539.096223118721,3.3333333333333335,0.3333333333333333,3,4,261.2,65.3,15.1425,4,2
7c5b05cbdb5542049f38d90d7815b97d,SP,21,47.33190476190477,7.548407186948853,0.047619047619047616,364.26094523285946,4.523809523809524,0.09523809523809523,7,23,993.97,43.21608695652174,12.996521739130435,10,1
db4350fd57ae30082dec7acbaacc17f9,SP,136,24.29647058823529,10.788565410539217,0.03676470588235294,722.0791819265419,4.162962962962963,0.11851851851851852,20,145,3304.3199999999997,22.788413793103445,14.239310344827585,50,5
845e8036c3f7bf62099352f5ed910240,RJ,21,75.45714285714287,7.565779872134039,0.0,499.548981062,3.9523809523809526,0.23809523809523808,7,24,1584.6000000000001,66.025,19.19333333333333,18,2
712efd3b68f9686dc856b84abd0f21ae,PR,1,139.0,7.23662037037037,0.0,551.091503029772,4.0,0.0,1,1,139.0,139.0,17.16,1,1
3364a91ec4d56c98e44174de954b94f6,RO,6,596.6566666666666,14.826041666666669,0.0,2565.126941147728,3.8333333333333335,0.3333333333333333,4,6,3579.94,596.6566666666666,45.65166666666667,4,1
b00af24704019bd2e1b335e70ad11f7c,BA,1,189.0,15.554780092592592,0.0,760.3245293306425,5.0,0.0,1,1,189.0,189.0,18.25,1,1
4324dd16853115efb0fd9d0d131ba6f4,SP,12,87.6875,13.36244888117284,0.08333333333333333,573.3428687211389,4.083333333333333,0.16666666666666666,5,18,1052.25,58.458333333333336,18.178888888888892,6,1
0a198e95d32b1be2da9424c962a6ebfa,MG,1,69.99,16.04769675925926,0.0,485.89792357268783,5.0,0.0,1,1,69.99,69.99,16.68,1,1
55a5b51f93f2b70ea513f5a047b0262a,MG,39,102.62307692307692,13.739854582146249,0.02564102564102564,805.348339944337,4.461538461538462,0.05128205128205128,17,41,4002.3,97.61707317073171,20.66048780487805,5,1
6426d21aca402a131fc0a5d0960a3c90,SP,23,52.593043478260874,10.963011272141706,0.0,644.4527299166454,4.173913043478261,0.08695652173913043,11,23,1209.64,52.593043478260874,16.703478260869566,9,4
8a432f4e5b471f8da497d7dc517666e2,SP,95,79.52631578947368,7.845326023391812,0.021052631578947368,666.31264109693,4.191489361702128,0.1276595744680851,12,106,7555.0,71.27358490566037,18.53877358490566,48,3
da3fede3469bf49b7293ce3fc45b294d,SP,1,44.9,11.242916666666666,0.0,464.175441718835,5.0,0.0,1,1,44.9,44.9,12.79,1,1
c092292535a57dacd95a8765f5518f87,RJ,1,125.0,8.097824074074074,0.0,445.12090519379717,5.0,0.0,1,1,125.0,125.0,18.98,1,1
20a8b0dc55da94fe74d112082427c84f,SP,7,58.199999999999996,8.23525462962963,0.14285714285714285,606.4520572735561,4.285714285714286,0.14285714285714285,5,7,407.4,58.199999999999996,17.711428571428574,3,2
bfd27a966d91cfaafdb25d076585f0da,SP,114,168.640350877193,12.418292417966212,0.05263157894736842,573.6623058786442,4.31858407079646,0.10619469026548672,18,115,19225.0,167.17391304347825,22.925304347826085,53,6
fadb07c842a2aef5d5a676b85f220e71,SP,7,56.964285714285715,6.430039682539683,0.0,575.1088678655515,4.714285714285714,0.0,5,7,398.75,56.964285714285715,24.517142857142858,6,2
6b15924333bd1a741595fe981ea04822,SP,21,29.25333333333333,7.780927579365079,0.0,366.93728544673024,4.666666666666667,0.0,6,21,614.3199999999999,29.25333333333333,11.435238095238097,5,1
1c83418358f249c9d6affa52d579db0e,SP,1,24.9,10.189027777777778,0.0,511.7087047175716,5.0,0.0,1,1,24.9,24.9,14.52,1,1
04e38a233f726ef161074ab1c9b0399a,SP,19,52.189473684210526,11.993331505847953,0.05263157894736842,269.1183291168669,4.105263157894737,0.10526315789473684,7,24,991.6,41.31666666666667,14.819583333333334,10,3
1b4b28463457a256e9a784ebe2a8f630,SP,1,699.42,14.144814814814815,1.0,190.60304423733825,1.0,1.0,1,1,699.42,699.42,15.92,1,1
db7ed69a53aa9fb1c01930ba54a88bbe,SP,1,109.0,3.9548032407407407,0.0,118.41930429389771,5.0,0.0,1,1,109.0,109.0,11.78,1,1
f664f98bfda2eaf266a23ff144e7a872,SP,2,76.995,2.6854803240740743,0.0,28.890108868000947,3.0,0.5,1,2,153.99,76.995,3.9050000000000002,2,1
7ade73f1b9b4e965f9009a4c3a7e2c15,SP,26,70.58846153846154,9.665827101139602,0.0,451.90833166197797,4.769230769230769,0.0,9,27,1835.3000000000002,67.97407407407408,16.275925925925925,12,6
a369d693961cb93b61ca2cc518872a85,SP,11,236.0909090909091,11.026400462962963,0.0,683.2933727016606,3.909090909090909,0.18181818181818182,5,18,2597.0,144.27777777777777,34.26611111111111,7,2
fb8904a8ea99f8831b64ce27db2c1765,SP,2,139.0,11.159346064814816,0.0,70.68913469653303,4.5,0.0,1,2,278.0,139.0,12.18,2,1
2ef086a599b597572aca4433b7ed6b3d,SC,1,49.0,11.24431712962963,0.0,416.958779318737,5.0,0.0,1,1,49.0,49.0,15.1,1,1
134285d1f41da5c13a756ee8142c8a4e,SP,3,524.2333333333332,8.01778163580247,0.0,635.9518550290595,3.3333333333333335,0.3333333333333333,3,4,1572.6999999999998,393.17499999999995,20.2325,2,1
9ed65337433adfbedefd23dd76eaa494,SP,6,210.4333333333333,7.400858410493828,0.0,479.9457224864198,4.833333333333333,0.0,2,6,1262.6,210.4333333333333,13.508333333333333,3,1
aec99834ab5d38ead22766ada8497e87,PR,1,459.0,7.261747685185185,0.0,199.2536651172396,5.0,0.0,1,1,459.0,459.0,17.51,1,1
b8578d2d823bd8e251f6fdd02b40902d,SC,9,139.5111111111111,9.916325874485597,0.0,826.4646170894039,4.444444444444445,0.1111111111111111,4,9,1255.6,139.5111111111111,27.11111111111111,6,1
d9d43faf741ceaa8da52fdbb81d9e0e3,SP,4,40.25,9.143130787037038,0.0,1009.8132278780754,4.0,0.25,2,6,161.0,26.833333333333332,29.131666666666664,6,1
964ff64dc05b13811c6d0f41e0aa5f6b,SP,1,180.0,6.680775462962963,0.0,740.4098304210393,5.0,0.0,1,1,180.0,180.0,24.06,1,1
96e5dc09087bad639b4ee193104ec2e5,RJ,2,50.95,7.808726851851851,0.0,554.3020158433264,4.5,0.0,2,2,101.9,50.95,26.27,2,2
24c1de8d9551c0b4fbc53317d53efda8,PB,1,355.0,12.779282407407408,0.0,1928.3009197407473,5.0,0.0,1,1,355.0,355.0,57.12,1,1
0336182e1b3e92f029d5354832045fdf,SP,1,29.8,13.061111111111112,0.0,218.72156492413117,2.0,1.0,1,2,29.8,14.9,8.785,2,1
c03121937e54a93fcc1825c3098bbb6e,PR,7,149.0,11.15910052910053,0.0,892.4855108903829,5.0,0.0,6,7,1043.0,149.0,22.134285714285713,1,1
b87a7ea0c30fad2dd6781b74a0064859,SP,9,57.266666666666666,15.243249742798355,0.2222222222222222,676.5881469177906,3.4444444444444446,0.3333333333333333,5,9,515.4,57.266666666666666,13.594444444444443,8,1
84c945f15571830c1a91a33978e94009,SP,2,25.99,9.44066550925926,0.0,447.0986879728325,4.5,0.0,2,2,51.98,25.99,13.030000000000001,1,1
2d378dbb39815785238c0139c7647fb7,SC,2,577.0,19.639346064814816,0.0,636.788212541588,5.0,0.0,2,2,1154.0,577.0,150.22,1,1
0b0ddbc7b9d9584f442c7ac92b0ff6c9,SP,3,472.25333333333333,11.944313271604939,0.0,1386.5918978562202,4.666666666666667,0.0,3,3,1416.76,472.25333333333333,44.626666666666665,3,1
51209b446b2073894bdc0face6c73ffc,ES,2,179.8,9.960538194444446,0.0,928.755917276855,4.0,0.0,2,4,359.6,89.9,19.82,1,1
5996cddab893a4652a15592fb58ab8db,SP,1,810.0,5.080324074074074,0.0,548.0901725821951,5.0,0.0,1,1,810.0,810.0,70.75,1,1
aa8af66c623d7d544dfe4bb85b5ebe3b,MG,1,99.0,8.003946759259259,0.0,477.7932364426361,5.0,0.0,1,1,99.0,99.0,15.57,1,1
1690cada046eb7e92c12f98b1f8a8167,SP,10,176.0,7.352841435185185,0.1,710.2504721500261,4.9,0.0,5,10,1760.0,176.0,23.291,3,1
385799a1cddbd26dfeb9157356a42282,SP,4,137.98499999999999,8.503075810185186,0.0,260.1103058353481,4.75,0.0,3,6,551.9399999999999,91.99,12.463333333333333,3,1
42b729f859728f5079499127a9c2ef37,SP,103,39.77631067961165,7.848344570298454,0.07766990291262135,242.0650272462277,4.480392156862745,0.06862745098039216,12,131,4096.96,31.274503816793892,9.923358778625955,18,4
556a6409838156ea299c9d1f9e2dde43,PR,4,340.7,7.399207175925927,0.0,512.0079904670029,3.25,0.5,4,4,1362.8,340.7,21.71,4,1
179d859f51292aac5c10806a356f7af9,SP,18,22.470555555555553,8.988954475308642,0.05555555555555555,775.0830319519341,4.388888888888889,0.05555555555555555,10,19,404.46999999999997,21.287894736842105,20.83157894736842,8,1
934ed5cd1b9c1c7382d0a94a94b9e639,PR,1,125.85,13.127384259259259,0.0,2068.512016311078,5.0,0.0,1,1,125.85,125.85,26.62,1,0
be3b4b0f050a6aa1b2d901c4b77e979f,PR,3,192.73333333333332,8.301018518518518,0.0,538.549153289892,4.0,0.3333333333333333,3,8,578.1999999999999,72.27499999999999,19.44,3,2
6806dad1da97bfb5a9038eac6881f706,PR,10,147.7,16.814755787037036,0.0,827.8209616801942,3.95,0.1,7,14,1477.0,105.5,21.875714285714285,9,4
94231344608e603693b0a8891143f65d,SP,3,240.66666666666666,12.531454475308642,0.0,1246.5499882707597,4.0,0.0,2,3,722.0,240.66666666666666,34.059999999999995,3,1
446cc09cdbb130904da114e807dbec40,SP,3,84.26666666666667,4.268302469135803,0.0,67.82394918139684,4.666666666666667,0.0,1,3,252.8,84.26666666666667,18.05666666666667,3,1
47efca563408aae19bb7206c2d969ea9,PI,11,216.63636363636363,13.789200336700338,0.0,1373.6747187812855,4.363636363636363,0.09090909090909091,9,11,2383.0,216.63636363636363,37.14090909090909,4,1
00ab3eff1b5192e5f1a63bcecfee11c8,SP,1,98.0,9.052488425925926,0.0,232.11690291362515,5.0,0.0,1,1,98.0,98.0,12.08,1,1
71271995e85f5b8530be99ed54a91b89,RS,6,97.0,12.30955825617284,0.16666666666666666,441.25545031632606,3.0,0.3333333333333333,2,6,582.0,97.0,15.358333333333334,1,1
a435b009cd956ea60748b5cfbddf2e24,SP,3,120.39333333333333,30.40936342592593,0.3333333333333333,835.4793026376761,4.333333333333333,0.0,3,3,361.18,120.39333333333333,15.069999999999999,2,2
11938fcc75f6902fea1d0a6f72b54a57,SC,2,297.49,22.36358796296296,0.0,746.8776356031631,3.0,0.5,2,2,594.98,297.49,71.08,2,1
9b76ad3d04236f76bc71c59470305e13,SP,2,197.35000000000002,5.747731481481482,0.0,321.25027995282295,5.0,0.0,2,3,394.70000000000005,131.5666666666667,20.643333333333334,2,1
d7ab82074b5f1dfba46db123df101bff,SP,2,19.335,5.941001157407407,0.0,407.0363880344337,4.5,0.0,2,3,38.67,12.89,15.1,2,0
9c0e69c7bf2619675bbadf47b43f655a,SP,151,216.69139072847682,14.620721578366444,0.08609271523178808,359.51598536898126,4.173333333333333,0.10666666666666667,16,200,32720.4,163.602,14.1171,67,3
94d76e96eedd976258cd3278ce56d5f2,SP,1,385.61,7.032673611111111,0.0,312.8359380610384,5.0,0.0,1,1,385.61,385.61,68.56,1,1
52f976b17ea7f2f087f56dcc419328f6,PR,6,1271.6666666666667,10.383350694444443,0.0,731.9545605750527,3.6666666666666665,0.3333333333333333,4,6,7630.0,1271.6666666666667,143.775,5,1
4e326052e5dbba8adcd512f3450a307e,SP,3,190.0,17.967380401234568,0.0,606.1575368920829,2.3333333333333335,0.6666666666666666,3,6,570.0,95.0,14.326666666666666,1,1
3586b8580d9c917874e053a1bb37b5ff,SP,36,42.352777777777774,13.619744727366255,0.027777777777777776,711.2974396367465,4.416666666666667,0.05555555555555555,12,43,1524.7,35.45813953488372,19.24767441860465,5,2
6edacfd9f9074789dad6d62ba7950b9c,SP,205,63.25073170731707,9.093437387082204,0.04390243902439024,397.71982084445017,4.390243902439025,0.08292682926829269,15,216,12966.4,60.029629629629625,13.453148148148149,142,15
52831e5990d0771cb4951d6f12928167,SP,1,65.0,5.106226851851852,0.0,475.9961083675737,3.0,0.0,1,1,65.0,65.0,13.12,1,1
9e7c5f4d7770eab65738cca38f9efccf,SP,2,92.4,7.437210648148148,0.0,1092.8150977819814,3.5,0.0,2,2,184.8,92.4,19.04,2,1
4677a5437afda5fa7140b927b07be1cc,PR,11,310.5181818181818,12.510571338383839,0.09090909090909091,699.2803410104256,4.363636363636363,0.0,7,11,3415.7,310.5181818181818,38.18181818181818,9,3
3e8bd881d92466e63ba9e3e809cd3c50,RJ,8,232.7975,13.973683449074073,0.25,932.6450969238258,4.571428571428571,0.0,6,9,1862.38,206.93111111111114,20.825555555555557,7,4
4a1917ef994878940e1fb03eeb787ad7,DF,2,384.0,10.306412037037036,0.0,797.3354535866872,3.0,0.5,1,3,768.0,256.0,26.206666666666667,2,1
334cab711dee080b079fa5779b584783,SP,11,97.24545454545455,8.1149515993266,0.0,542.2876657795799,4.909090909090909,0.0,5,26,1069.7,41.142307692307696,13.52576923076923,10,1
9dd59e43f0c9f0553244e8f9c2fb247e,PR,10,35.63,13.135447916666667,0.1,809.158711621454,4.8,0.0,5,10,356.3,35.63,15.181999999999999,8,1
ccf8813e5a7d6c84d865cd38bfc2b130,SP,26,101.36538461538461,11.43051549145299,0.038461538461538464,428.6243891255451,4.384615384615385,0.11538461538461539,7,26,2635.5,101.36538461538461,15.991923076923078,8,2
8d956fec2e4337affcb520f56fd8cbfd,SP,210,52.32476190476191,9.265147211199295,0.06190476190476191,575.4069977208952,4.214285714285714,0.09523809523809523,20,227,10988.2,48.40616740088106,14.598458149779736,52,13
e5a3438891c0bfdb9394643f95273d8e,SP,216,34.95351851851852,15.663077578446503,0.1574074074074074,495.7222267531116,3.9953488372093022,0.17209302325581396,18,247,7549.96,30.56663967611336,13.282348178137651,179,1
f9f68daa2af419d38f745478bcb3da1a,SP,1,11.2,11.757013888888888,0.0,248.020598245681,5.0,0.0,1,1,11.2,11.2,18.0,1,1
138dbe45fc62f1e244378131a6801526,SP,49,22.970612244897957,6.5323514266817835,0.02040816326530612,358.47244506929314,4.081632653061225,0.16326530612244897,12,58,1125.56,19.406206896551723,11.883448275862069,22,7
5058e8c1e82653974541e83690655b4a,SP,62,158.27145161290323,26.679335050776583,0.11290322580645161,516.7693256593407,3.2459016393442623,0.3114754098360656,13,77,9812.83,127.43935064935064,39.07311688311688,30,4
cd2169d9f31ff6fbb9ca3373b0c9e354,RJ,1,569.0,15.16494212962963,0.0,2203.256185957156,4.0,0.0,1,1,569.0,569.0,56.33,1,1
9674754b5a0cb32b638cec001178f799,SP,84,58.83011904761905,8.410468474426809,0.023809523809523808,349.91005794616893,4.107142857142857,0.15476190476190477,12,95,4941.7300000000005,52.0182105263158,12.591052631578949,40,5
c161d1327ebc3a156c09582ab2f59f6c,SP,2,17.995,3.5126793981481486,0.0,14.05260248173741,4.0,0.0,1,2,35.99,17.995,7.78,2,2
4d232b78ab7ef10393dc3807d827bc0d,MG,5,295.0,6.1659699074074075,0.0,977.111524283845,4.4,0.0,5,5,1475.0,295.0,42.998000000000005,2,2
23ff42c4bf1f8f16cddb19d8b972974a,MG,2,87.35000000000001,11.843969907407407,0.0,894.7751696178846,4.0,0.0,2,3,174.70000000000002,58.23333333333334,17.656666666666666,2,1
d3dcf0604eabf0224fbd5948b5e02f69,SP,9,322.47777777777776,17.632256944444446,0.3333333333333333,914.4233003451502,3.888888888888889,0.2222222222222222,7,9,2902.2999999999997,322.47777777777776,18.345555555555553,8,4
49067458c68f7701fd334ce326accbe0,MG,17,61.626470588235286,12.204551334422657,0.0,392.6430041821063,3.3529411764705883,0.35294117647058826,6,37,1047.6499999999999,28.314864864864862,15.50945945945946,15,1
dfa0c4c6229ab200a4a1336b4d7128ff,SC,77,62.04025974025974,9.787441528379029,0.012987012987012988,739.6165600709045,4.0,0.18181818181818182,13,86,4777.1,55.54767441860466,20.54779069767442,35,11
35281d148dcf7134bae913c57db4e6da,SP,1,119.99,5.274907407407407,0.0,365.8675061135138,5.0,0.0,1,1,119.99,119.99,17.03,1,1
76833248bbc0e65a0293ec62023e4396,SP,2,1199.99,18.68045138888889,0.0,227.26570066892964,5.0,0.0,2,2,2399.98,1199.99,115.35,2,1
48e5ee06fb2dc74df1c711a9b6dfac2a,MG,1,57.0,11.242453703703704,0.0,279.45251246367775,5.0,0.0,1,3,57.0,19.0,15.1,1,1
2cb6eb1b7185064167657fa09f541105,MG,6,202.98333333333335,8.200736882716049,0.0,371.83112787832306,4.5,0.16666666666666666,4,7,1217.9,173.9857142857143,23.54,6,4
0f7eea709efdf942b5f95c7516dbacd7,SP,3,65.24666666666667,8.043919753086419,0.0,546.9888150549255,4.0,0.0,2,3,195.74,65.24666666666667,14.773333333333333,2,1
54583ab379489add547fe47b628db589,SP,10,224.0,5.116539351851852,0.0,472.08187666461697,4.8,0.0,5,10,2240.0,224.0,15.107999999999999,6,2
51e0557bc7b86de13e946c60ee91ce39,MG,1,45.8,10.434085648148148,0.0,571.2335537182287,5.0,0.0,1,1,45.8,45.8,17.6,1,1
0bebbb2cea103a4a020c95d43fd7d754,SP,9,151.91111111111113,5.9149704218106995,0.0,430.2045745344774,4.888888888888889,0.0,4,9,1367.2,151.91111111111113,16.34888888888889,9,2
9da1ca0bef29ee170e541927a5aeabdc,SP,6,247.39999999999998,16.803595679012343,0.16666666666666666,744.8077865022882,3.0,0.3333333333333333,4,6,1484.3999999999999,247.39999999999998,21.271666666666665,2,2
6c7d50c24b3ccd2fd83b44d8bb34e073,SP,112,75.41035714285715,12.268236813822751,0.017857142857142856,799.7823444287733,4.45045045045045,0.06306306306306306,15,126,8445.960000000001,67.03142857142858,21.252619047619046,12,2
3faf68a3b0af94b10bac70d86077be49,SP,7,188.99,16.159052579365078,0.0,222.26812893432995,4.571428571428571,0.0,4,7,1322.93,188.99,17.02285714285714,3,0
05feb94f19d094d4b0f9281f0b1d4c99,SP,6,1558.8333333333333,15.371317515432098,0.0,1088.3401321220251,4.5,0.0,5,6,9353.0,1558.8333333333333,116.17333333333333,2,2
f650a9708fa1bab22bdd8d3a818cc415,SC,4,104.01,15.323486689814816,0.0,1086.1348282302395,4.0,0.25,4,4,416.04,104.01,17.86,4,1
5cbbd5a299cab112b7bf23862255e43e,PR,36,75.7238888888889,10.853688593106996,0.0,636.7265939792693,4.277777777777778,0.1111111111111111,11,38,2726.06,71.73842105263158,17.346052631578946,22,5
07d75e33f2750d97d467fb57e4dfdd8a,SP,2,361.2,11.796643518518518,0.0,577.097262718009,2.5,0.5,2,2,722.4,361.2,18.595,2,2
8a8835a43bda99fd37310ad76c457510,SP,2,112.17,7.462633101851852,0.0,370.68992275537244,4.5,0.0,2,3,224.34,74.78,11.4,2,1
ca3bd7cd9f149df75950150d010fe4a2,SP,68,136.08044117647057,13.584718137254903,0.014705882352941176,388.51452938833853,4.088235294117647,0.14705882352941177,12,135,9253.47,68.54422222222222,24.58437037037037,51,2
323ce52b5b81df2cd804b017b7f09aa7,SP,29,81.87241379310345,17.057155970625796,0.13793103448275862,605.5258586504959,4.428571428571429,0.07142857142857142,9,29,2374.3,81.87241379310345,13.563793103448276,13,1
ebd1417732defaf66c50b5a800eb293e,PR,1,309.0,6.121712962962963,0.0,467.3306642787731,5.0,0.0,1,1,309.0,309.0,16.33,1,1
76ea5315acb3f5f7ade3cd261faf922a,SP,15,72.47066666666666,8.683984567901234,0.06666666666666667,464.7972064778685,4.266666666666667,0.06666666666666667,7,15,1087.06,72.47066666666666,14.934666666666667,12,7
4b1eaadf791bdbbad8c4a35b65236d52,SP,5,192.01799999999997,22.54623148148148,0.2,338.54228841607727,2.6,0.6,3,5,960.0899999999999,192.01799999999997,13.790000000000001,4,1
4cc43a222a0f94910728b62b97a8c5f8,SP,1,108.5,14.14508101851852,0.0,301.32378826055617,3.0,0.0,1,1,108.5,108.5,12.26,1,1
bc503e244f187939d10c92a5c8e378ce,SP,6,71.71833333333333,11.930763888888889,0.0,708.3976645060238,3.5,0.3333333333333333,4,13,430.31,33.10076923076923,13.339230769230769,3,1
b6f52e346160519c24a23af05410ad32,SP,1,129.9,12.60994212962963,0.0,123.78389029613817,4.0,0.0,1,1,129.9,129.9,13.35,1,1
70125af26c2d6d4ef401a1d02ae7701f,GO,5,74.24,10.582993055555555,0.0,670.7898993850354,4.6,0.0,5,8,371.2,46.4,32.3025,3,1
c84592044b180dec206770c38603814b,SP,14,35.13857142857143,12.918706183862435,0.0,586.1097405159014,4.428571428571429,0.07142857142857142,8,14,491.94000000000005,35.13857142857143,14.930714285714286,5,4
1caf283236cd69af44cbc09a0a1e7d32,RJ,33,27.80606060606061,13.810502244668912,0.09090909090909091,644.4107057576667,4.606060606060606,0.06060606060606061,10,37,917.6,24.8,16.558108108108108,22,4
ba90964cff9b9e0e6f32b23b82465f7b,SP,38,1163.4868421052631,10.018161245126706,0.05263157894736842,543.764070915295,4.421052631578948,0.05263157894736842,10,38,44212.5,1163.4868421052631,34.5,11,5
5e9f5bd34e0830569f05c9d4f56e04a8,RS,2,119.99,10.026510416666667,0.0,762.4810635407232,4.5,0.0,2,2,239.98,119.99,17.44,1,1
15fa791d5e017f66402dc28c44480657,SP,8,225.25,11.574577546296297,0.125,274.5130600175163,4.25,0.125,4,8,1802.0,225.25,22.66125,4,1
20d83f3ef0e6925fd74bfd59170babf7,SP,40,72.59,9.074369791666665,0.05,433.0056204776756,4.4,0.075,12,54,2903.6,53.770370370370365,12.10388888888889,48,1
59417c56835dd8e2e72f91f809cd4092,SP,18,2025.5,12.569483024691358,0.0,574.7686749340625,4.277777777777778,0.1111111111111111,8,18,36459.0,2025.5,66.59833333333333,9,1
a13580f0e8f782b7a543885a0ef99f08,RJ,10,130.49,25.04871990740741,0.2,1294.8131942212574,4.4,0.0,7,10,1304.9,130.49,25.877999999999997,5,2
ccada0ef508e698917a6eab263375905,PR,3,57.6,9.912824074074074,0.0,819.0418732205922,3.6666666666666665,0.3333333333333333,3,3,172.8,57.6,19.720000000000002,3,1
4bde6149c15cf7e177b36fa060dd6de8,RS,2,79.9,10.623096064814815,0.0,810.5356595736403,5.0,0.0,1,2,159.8,79.9,16.33,2,2
fe1bbc5feda5c8979a8a1b3b2512d5a6,MG,9,80.52444444444444,11.927600308641976,0.1111111111111111,728.1221935895119,3.888888888888889,0.0,4,10,724.72,72.47200000000001,13.753,7,1
23a0ffca143a15b9b5bbdb7d552f626a,SP,23,161.67434782608697,11.501923812399356,0.13043478260869565,765.9785726821128,3.9130434782608696,0.21739130434782608,11,24,3718.51,154.93791666666667,24.407083333333333,12,2
32b8764b4ef628b53608fc34011fcc13,SC,36,246.77777777777777,11.231865033436215,0.027777777777777776,853.2345906607673,4.194444444444445,0.05555555555555555,9,38,8884.0,233.78947368421052,78.16894736842106,11,1
e7df4cd29ab5abab70fb0783ddb53987,SP,23,417.76956521739123,10.157143719806763,0.08695652173913043,286.35724570250926,4.304347826086956,0.08695652173913043,6,24,9608.699999999999,400.36249999999995,17.22375,21,3
0432ead42b6c8a0bdf68154add917fdf,SP,82,92.37073170731708,8.89543289859982,0.024390243902439025,556.9472965684777,4.536585365853658,0.07317073170731707,17,87,7574.400000000001,87.06206896551724,13.563218390804598,53,3
2a261b5b644fa05f4f2700eb93544f2c,SP,51,105.0,14.071188725490197,0.1568627450980392,558.1987092651552,3.8627450980392157,0.21568627450980393,13,82,5355.0,65.3048780487805,24.899146341463414,21,1
f680f85bee2d253556ac91be391d2c82,SP,45,115.19822222222223,9.748835648148148,0.022222222222222223,417.6985027608843,4.333333333333333,0.06666666666666667,9,54,5183.92,95.99851851851852,16.544814814814814,10,2
3785b653b1b82de85ab47dd139938091,PR,21,73.9047619047619,11.928460648148148,0.0,783.6318929961552,4.714285714285714,0.0,7,24,1552.0,64.66666666666667,20.052916666666665,7,1
d379f449f2a3b271bc01c0782020f705,MG,28,157.9664285714286,13.299655257936507,0.03571428571428571,658.1099474952563,3.892857142857143,0.21428571428571427,10,29,4423.06,152.5193103448276,37.12896551724138,13,3
7ea5bfa6c340f58f8e71fc1f0412b0d6,MG,96,112.90010416666667,13.051441695601852,0.0625,630.0253822873909,4.189473684210526,0.09473684210526316,16,102,10838.41,106.25892156862744,15.998529411764705,8,3
dc120d932ddf9d4dfb6fd68beefda622,PR,1,130.0,14.64236111111111,0.0,701.10120955602,1.0,1.0,1,1,130.0,130.0,14.44,1,1
6902157ee16728322d61a1321fa79e58,SP,2,79.9,10.457511574074074,0.0,333.23958960195,3.0,0.5,2,2,159.8,79.9,15.815000000000001,1,1
f3041c2e75ec683697a6a5ea82192210,MG,1,145.0,4.528425925925926,0.0,347.1249642193172,5.0,0.0,1,1,145.0,145.0,24.0,1,1
c54679b132454625907c773d273d4126,SP,7,147.42857142857142,6.164588293650794,0.0,308.1743447646358,4.857142857142857,0.0,3,8,1032.0,129.0,13.491249999999999,2,1
d26aa40b90272d4843d63be7c1462c8d,SP,2,76.45,4.590243055555556,0.0,202.38892133507912,4.5,0.0,2,2,152.9,76.45,12.26,2,1
a2fa0bdc798ee84cdb08281337cf4fb6,SC,8,44.3575,18.204419849537036,0.0,923.5091047456656,4.75,0.0,5,11,354.86,32.26,17.01,6,1
bd697db56ff8e7c9cd1abeb7f72029b2,SP,21,136.65666666666667,10.883916997354497,0.0,857.4377000132578,4.333333333333333,0.09523809523809523,9,21,2869.79,136.65666666666667,15.673333333333332,17,1
2aafae69bf4c41fbd94053d9413e87ee,RS,2,47.0,8.844872685185186,0.0,,4.5,0.0,2,2,94.0,47.0,14.934999999999999,2,1
483ca627d131e18f988349b1655c0acd,SP,1,264.0,15.342986111111111,0.0,363.9956534353263,5.0,0.0,1,1,264.0,264.0,19.73,1,1
1a3df491d1c4f1589fc2b934ada68bf2,SC,160,140.45250000000001,14.842359664351852,0.0375,645.9880884285066,4.271875,0.09375,16,171,22472.4,131.41754385964913,23.849298245614037,5,1
e81e1f9c3e762e620f3fb60a51499e16,SC,17,262.70529411764704,25.360643382352944,0.058823529411764705,1112.0999963850945,4.0,0.125,11,18,4465.99,248.11055555555555,28.52777777777778,7,3
4170f6a9367e6b5d6401d03ce6d54569,DF,4,142.195,24.803373842592592,0.25,927.9590944772846,4.0,0.25,3,5,568.78,113.756,18.606,3,2
4e480be820e37de1444325ff358c9296,MG,1,430.3,12.108287037037037,0.0,1965.3777345151161,5.0,0.0,1,2,430.3,215.15,71.72,1,1
6560211a19b47992c3666cc44a7e94c0,SP,1819,66.35669598680593,9.627301720013032,0.052776250687190766,597.5043928926294,3.979501385041551,0.16066481994459833,25,1996,120702.83,60.47235971943888,13.701457915831664,254,7
3da38366e7bd9baf6369071f782ecdf0,CE,1,59.47,53.34842592592592,1.0,1352.8676796908346,1.0,1.0,1,1,59.47,59.47,26.96,1,1
e3e290b38963293022cdcd6db8328103,SP,3,45.23333333333333,9.766523919753086,0.0,455.6235984422561,3.3333333333333335,0.3333333333333333,2,3,135.7,45.23333333333333,15.446666666666667,2,1
70b52a4cfc823994561b00bad161b4ed,SP,8,73.125,12.888871527777777,0.0,133.98111157685258,4.375,0.0,3,10,585.0,58.5,10.035,1,1
c1552b1dab6e6f760950368ae61fb600,SP,2,26.9,5.066215277777777,0.0,77.89951533402147,2.5,0.5,1,2,53.8,26.9,7.445,2,1
596849622429351f47b32e6cae1055ff,SP,13,82.29230769230769,5.483386752136752,0.0,371.70535137222976,4.083333333333333,0.16666666666666666,4,13,1069.8,82.29230769230769,11.776923076923076,11,3
bf0045791395e66460eb04749c68672a,SP,2,59.9,14.245839120370372,0.0,1418.1621589015517,4.0,0.0,2,2,119.8,59.9,17.725,1,1
718539d38d07dd351c76db862760e2e2,SP,35,36.37171428571428,8.635720899470899,0.0,545.6126161337936,4.628571428571429,0.02857142857142857,9,43,1273.01,29.604883720930232,14.758139534883721,13,2
b76f4d90e85657a240495c876313adc5,SP,1,299.0,2.6615972222222224,0.0,90.46390448204163,5.0,0.0,1,1,299.0,299.0,19.3,1,1
979e9f8b5b39dd243a2550c8b05aecf0,SP,3,175.0,9.339444444444444,0.0,316.6766629649378,5.0,0.0,2,4,525.0,131.25,11.72,2,1
22a23e5ac7061fc538cc2a019afaaf16,MG,1,95.0,11.029351851851851,0.0,629.6775240137573,3.0,0.0,1,1,95.0,95.0,14.42,1,1
0b90b6df587eb83608a64ea8b390cf07,PR,163,174.80220858895706,14.456224863667348,0.03680981595092025,662.4743073840871,4.033950617283951,0.16666666666666666,14,209,28492.76,136.328995215311,17.216172248803826,46,1
9200e6ce317b67196b6b0bad4d4bd567,RJ,1,36.9,16.296388888888888,0.0,385.86547890121585,3.0,0.0,1,1,36.9,36.9,14.52,1,1
4c60877808f4318ef1107fbeb8f89afa,SP,2,59.0,15.193721064814815,0.0,224.3017773446402,4.0,0.0,2,2,118.0,59.0,16.315,2,1
3bb32fedaa74e4ad20f4ce067733bd31,SC,2,51.849999999999994,7.152453703703704,0.0,834.8896285330259,4.5,0.0,2,3,103.69999999999999,34.56666666666666,19.62,2,1
ae8bfdbf1c2a2a2dee92d799db0a31c6,PR,8,42.49,8.8746875,0.0,898.590036041874,4.125,0.0,4,8,339.92,42.49,18.2775,6,4
1927cdb9fa74f5270097f6250e8e8f34,SP,1,120.0,8.128900462962964,0.0,920.754111894407,5.0,0.0,1,1,120.0,120.0,58.92,1,1
8a87611c08849ffeeccab52aa798b6c7,PR,6,97.98333333333333,8.858441358024692,0.0,555.8698098365768,4.666666666666667,0.0,3,6,587.9,97.98333333333333,18.841666666666665,4,2
679769a98cfcc6da877c8486ff1c13f3,MG,21,334.7142857142857,9.536956018518518,0.0,703.7702153428877,4.571428571428571,0.047619047619047616,7,21,7029.0,334.7142857142857,20.875714285714285,2,1
acf974e4d5950ad143a247471b831eb9,RS,5,84.76,11.84618287037037,0.0,1239.330474405847,4.75,0.0,3,12,423.8,35.31666666666667,27.485,3,1
20a7efa9721046319bdde5d60b6b5365,SP,3,167.0666666666667,19.369699074074074,0.0,928.2707548327627,5.0,0.0,3,6,501.20000000000005,83.53333333333335,15.898333333333333,2,1
febab0275244b9a49a623f0bd613ca2f,SP,106,66.9322641509434,8.647835975716282,0.03773584905660377,349.9699256694446,4.443396226415095,0.07547169811320754,12,126,7094.82,56.308095238095234,23.06738095238095,45,3
f3da5b2ff499efb8d4a6d371d175d7dd,SP,77,45.98558441558441,11.518876713564214,0.11688311688311688,392.016663986628,3.914473684210526,0.17105263157894737,13,82,3540.89,43.18158536585366,13.410975609756099,29,11
436bf27f2f18474fc6047702e9f8a866,SP,1,29.9,19.17042824074074,0.0,383.4579037928828,5.0,0.0,1,1,29.9,29.9,14.52,1,1
d2f3e277560ed4c6361284429b00f037,SP,7,45.792857142857144,8.06350033068783,0.0,415.94451422239973,4.714285714285714,0.0,3,7,320.55,45.792857142857144,19.15857142857143,7,1
cd843d4cf8ef32827de0396605163ba3,MG,5,383.0,16.075208333333332,0.0,519.0601294740943,3.8,0.0,4,5,1915.0,383.0,139.512,3,1
67883baaae6134ee81b271a542613728,SP,19,429.8894736842105,5.838590399610137,0.05263157894736842,450.3035830062001,4.105263157894737,0.10526315789473684,7,19,8167.9,429.8894736842105,17.269473684210528,16,2
7dc9a3355bae96dd82008b313d3a456c,MG,1,899.0,12.486354166666667,0.0,447.9982704372812,5.0,0.0,1,1,899.0,899.0,50.62,1,1
05e107217c7266362fd44b75b2cd4cc4,SP,5,38.676,8.186863425925926,0.2,604.9241719978656,4.2,0.0,2,8,193.38,24.1725,10.251249999999999,3,1
1acde099eb406aa220b1169b188b42da,SP,9,34.56666666666667,12.07942772633745,0.0,614.7489590072832,4.222222222222222,0.1111111111111111,6,10,311.1,31.110000000000003,14.74,9,1
d97df38225e5abadaff1e72cb72b823c,SP,28,63.42857142857143,12.152008101851852,0.14285714285714285,519.3070125516285,3.925925925925926,0.2222222222222222,10,28,1776.0,63.42857142857143,17.9125,18,1
45213867cefbf2cd4c6177e10216a951,SP,14,353.9585714285714,14.91580357142857,0.07142857142857142,989.7362447988868,3.857142857142857,0.21428571428571427,7,14,4955.42,353.9585714285714,30.981428571428573,9,2
a420f60ff1aa9acc80d0e42959f2b313,SP,67,111.09402985074627,11.55845581122167,0.07462686567164178,601.8261796522996,3.953846153846154,0.15384615384615385,15,69,7443.3,107.87391304347827,15.941594202898552,23,9
ff4ea69c2a729e83e63c7579e4ef8170,SP,8,796.0,11.463975694444445,0.0,644.9267096685712,5.0,0.0,5,8,6368.0,796.0,19.9775,3,1
fa5fdc4e4bb6bd1009ad0e4ac4096562,SP,1,161.99,7.057268518518518,0.0,2323.4869917935025,5.0,0.0,1,1,161.99,161.99,32.86,1,1
916748bc99315c2d202898ae58b1617e,SP,25,14.776000000000002,10.472281944444443,0.0,348.7350573928922,4.28,0.08,8,32,369.40000000000003,11.543750000000001,11.7846875,5,2
bc2ac6b95e1accce9858528ee566c17e,SP,18,113.61111111111111,4.748575102880658,0.0,142.42679856351947,4.555555555555555,0.1111111111111111,3,22,2045.0,92.95454545454545,10.661818181818182,14,1
25debeafbce801fdd479539350185eee,SP,5,47.57,14.982872685185185,0.0,394.0035626787827,3.0,0.4,4,6,237.85,39.641666666666666,14.520000000000001,3,2
02c988090b766852e088c69d7fb3b551,SP,12,130.36416666666668,9.480911458333333,0.0,268.3686907988053,4.583333333333333,0.08333333333333333,5,16,1564.3700000000001,97.77312500000001,12.910625,10,2
e5f9e61ceb5f523cc966e0f34095032f,SC,4,559.5,20.252138310185185,0.25,685.946272213138,4.0,0.25,3,4,2238.0,559.5,28.86,2,2
ad97a199236354e53fcd91a5a913e9a2,SC,16,777.928125,15.631237702546295,0.125,490.1755685247713,4.5,0.0625,6,17,12446.85,732.1676470588236,49.245294117647056,7,3
3606774ec64634822d78dc2db6d37045,SP,1,179.9,15.816574074074074,0.0,84.03031856506153,5.0,0.0,1,1,179.9,179.9,16.37,1,1
94165aea8a35c3c21499cbcae239b16c,MG,1,180.0,6.158113425925926,0.0,605.8585008842853,2.0,1.0,1,1,180.0,180.0,16.11,1,1
c8665a4dd081a2c436b1cd921079d0d9,SP,1,79.39,4.243194444444445,0.0,233.689031119174,5.0,0.0,1,1,79.39,79.39,14.14,1,1
c7dcd301ecfe5ab7f778ac172cf74be7,MG,3,135.93,25.347723765432097,0.0,397.77407764092027,3.0,0.3333333333333333,3,3,407.79,135.93,16.8,3,2
6c17baf138731a4aaacc3210adf2037b,SP,4,134.7,7.55021412037037,0.0,391.33986781954985,5.0,0.0,3,5,538.8,107.75999999999999,17.984,5,1
32e5635e63cb374eb63afdd242fb6134,RJ,1,910.0,7.309675925925926,0.0,23.907182693107636,5.0,0.0,1,1,910.0,910.0,17.82,1,1
c1f12f926d0ba950578b4fa41115cbb6,SP,2,239.8,36.750966435185184,0.5,836.5798381187111,4.0,0.0,2,4,479.6,119.9,19.24,2,2
8602a61d680a10a82cceeeda0d99ea3d,SP,17,48.646470588235296,7.840296840958605,0.0,471.19017905500147,4.411764705882353,0.11764705882352941,7,19,826.99,43.52578947368421,13.311052631578947,10,1
c3acdfac4e3e97ff87529454fbc03642,SP,12,1399.0,11.161102430555557,0.08333333333333333,515.0311600011646,4.25,0.08333333333333333,7,12,16788.0,1399.0,22.44,9,1
fde0cc9ea29c8ccfc0a2c22256a58c71,PR,35,112.05714285714286,8.711281084656084,0.02857142857142857,485.7854105362657,4.485714285714286,0.08571428571428572,8,35,3922.0,112.05714285714286,28.550571428571427,9,3
e63e8bfa530fb16910dd6956e592bb81,SP,41,31.287804878048778,9.379565548780487,0.04878048780487805,295.61046242982474,4.317073170731708,0.0975609756097561,8,42,1282.8,30.54285714285714,15.366904761904761,12,2
c4f7fee5b0db50e87766f5a4d1b1b758,SP,5,552.406,11.528446759259259,0.0,473.0689297314457,4.0,0.2,3,5,2762.0299999999997,552.406,30.538,4,4
d7485b33791774c36108f8c69602d48d,PR,10,39.982,8.889136574074074,0.1,312.1589103917886,3.7,0.1,5,10,399.82,39.982,21.932,8,1
515d781150feed28a6ac091bb0e3cb8c,MS,6,167.05833333333334,9.780329861111111,0.0,974.6338357772755,4.166666666666667,0.0,4,6,1002.35,167.05833333333334,25.395,3,2
e908c0f3646e8b60375734a350d95d71,SP,1,2951.0,27.108946759259258,0.0,1456.9940617038772,4.0,0.0,1,1,2951.0,2951.0,58.53,1,1
2646baaf662d4d92ac48f047e35db92d,SP,15,84.20333333333333,5.729047067901234,0.06666666666666667,205.23209755017942,4.466666666666667,0.13333333333333333,5,18,1263.05,70.16944444444444,15.907777777777776,10,4
13fa2a6c6b9d0f43cb588d7c82117a12,SP,9,503.1111111111111,21.192283950617284,0.3333333333333333,737.3092191582587,4.111111111111111,0.1111111111111111,8,10,4528.0,452.8,19.144,4,1
5343d0649eca2a983820bfe93fc4d17e,SP,70,140.2717142857143,11.265936342592592,0.1,597.0345449533094,3.869565217391304,0.2318840579710145,17,110,9819.02,89.26381818181818,21.591545454545457,48,1
7c9130f5f3729edd32aa059141d92484,SP,3,42.0,7.452966820987655,0.0,368.32561174760855,3.3333333333333335,0.3333333333333333,2,4,126.0,31.5,16.7875,1,1
e4ebd3f87bf70440014f07ddda7fbe03,SP,7,95.92857142857143,17.889925595238093,0.0,1040.9107599045292,4.571428571428571,0.0,4,7,671.5,95.92857142857143,16.537142857142857,4,2
33a17d60c64393351ebf1ef860f4e0f2,RS,43,189.5925581395349,10.61319982773471,0.023255813953488372,655.6718109763789,4.627906976744186,0.023255813953488372,8,47,8152.4800000000005,173.45702127659575,27.22085106382979,11,1
640e21a7d01df7614a3b4923e990d40c,SP,115,65.46860869565218,10.319995068438002,0.043478260869565216,493.984926661788,4.3304347826086955,0.0782608695652174,13,136,7528.89,55.35948529411765,17.87985294117647,12,1
d57e18d5f73c7ccb7f7339b61166898d,SP,61,52.25737704918033,9.213413213418336,0.0,516.7183222263374,4.426229508196721,0.08196721311475409,15,63,3187.7,50.598412698412695,14.65857142857143,25,3
dd2bdf855a9172734fbc3744021ae9b9,MG,105,101.01904761904763,15.350510802469136,0.05714285714285714,667.8156577559606,3.871287128712871,0.1782178217821782,19,110,10607.0,96.42727272727272,18.109181818181817,43,8
9d213f303afae4983637247556438ede,SP,2,23.85,7.0355439814814815,0.0,450.68306165002764,5.0,0.0,2,3,47.7,15.9,24.37,2,1
aadfe0417e61315688b6bd7043361e25,GO,1,289.9,6.484421296296296,0.0,185.91658072718067,4.0,0.0,1,1,289.9,289.9,14.28,1,1
079d295dcbf06ee8bb1b65ba964eb2b6,SP,5,69.86,8.265361111111112,0.0,904.7503338171977,4.6,0.0,4,10,349.3,34.93,19.079,3,1
55c26bcb609f480eb7868594245febb5,SP,6,110.73333333333335,9.694230324074075,0.0,376.2925572583395,4.0,0.16666666666666666,4,6,664.4000000000001,110.73333333333335,26.971666666666664,4,2
cbf09e831b0c11f6f23ffb51004db972,SP,10,153.52,5.281611111111111,0.0,336.24277783001304,4.4,0.0,5,10,1535.2,153.52,28.02,4,2
7fdb0720c8d7c9075538b365dc8c3a22,PR,9,200.44444444444446,19.195639146090535,0.1111111111111111,777.0130081906299,2.4444444444444446,0.5555555555555556,5,10,1804.0,180.4,48.431,3,3
933446e9a59dece7ae9175103820ca8f,PR,1,64.99,24.027141203703703,0.0,1221.8275117273884,5.0,0.0,1,1,64.99,64.99,22.38,1,1
4aba391bc3b88717ce08eb11e44937b2,BA,27,269.88444444444445,16.923858882030178,0.14814814814814814,944.7903216283206,4.0,0.18518518518518517,8,28,7286.88,260.2457142857143,27.162857142857145,25,2
fcba71d4d5db057f43249145e4eb1e27,SP,3,164.85,18.62317901234568,0.0,697.7124081424967,4.666666666666667,0.0,3,3,494.55,164.85,17.906666666666666,3,1
c747d5b92c7648417faea95d36d763e8,CE,1,139.0,12.949432870370371,0.0,2521.753294388849,5.0,0.0,1,1,139.0,139.0,85.75,1,1
715bbd5ba4e6b74cb0d2f29eb45058b0,SP,62,65.21451612903226,11.924290434587814,0.08064516129032258,387.02850660958416,4.467741935483871,0.06451612903225806,9,64,4043.3,63.1765625,19.8840625,28,5
1430239a858e7682bbc43b20758af153,SP,17,37.29352941176471,7.671258850762528,0.0,333.0284939337905,4.176470588235294,0.11764705882352941,6,22,633.99,28.81772727272727,11.575000000000001,9,3
bb7a14e229b1c95156719c3d9552eeee,RJ,10,276.02,11.600447916666667,0.1,572.7447329224053,4.5,0.1,6,10,2760.2,276.02,28.740999999999996,6,3
d598f929fc44e1e38678e7f47250ec04,GO,1,69.9,11.235752314814814,0.0,896.008148582225,5.0,0.0,1,1,69.9,69.9,37.4,1,1
edc518ba25576a0188a0e8f2c3af186f,SP,6,274.565,6.654861111111111,0.0,259.82023058814815,3.6666666666666665,0.3333333333333333,3,8,1647.3899999999999,205.92374999999998,32.769999999999996,5,4
4c18691b6037662be2df78a765d98ab5,SP,63,50.72253968253968,9.23715057319224,0.06349206349206349,510.46705604140374,3.873015873015873,0.1746031746031746,13,67,3195.52,47.694328358208956,16.731194029850748,31,6
8f2b51a30523cdecddc2f179f351c7d6,SP,7,146.84285714285716,13.126109457671959,0.0,468.54458520806327,4.142857142857143,0.14285714285714285,4,8,1027.9,128.4875,18.541249999999998,4,1
6b536a23086fba0d58c08d68814397f6,RJ,18,110.93333333333334,12.088557741769547,0.05555555555555555,598.1648295107315,4.111111111111111,0.16666666666666666,6,22,1996.8,90.76363636363637,16.35181818181818,5,2
95f83f51203c626648c875dd41874c7f,MG,50,61.553200000000004,11.724691898148148,0.04,337.4802651891165,3.7,0.28,7,65,3077.6600000000003,47.34861538461539,23.909846153846157,11,2
6b243f80ed07b10f0e8aa0f21a205f3c,PR,79,79.24177215189874,11.161837494139709,0.0379746835443038,601.0971331296853,4.265822784810126,0.10126582278481013,12,89,6260.1,70.33820224719102,17.385393258426966,31,1
e7f3bf1ecd8526eb7f3b18059e6716e5,SP,17,81.2964705882353,8.975147739651415,0.0,536.2272240862159,4.647058823529412,0.058823529411764705,7,18,1382.04,76.78,14.487222222222222,10,3
4d600e08ecbe08258c79e536c5a42fee,PR,7,545.1671428571428,12.936089616402116,0.0,1019.614133469131,4.428571428571429,0.14285714285714285,4,7,3816.17,545.1671428571428,20.422857142857143,7,2
2089a6d640999f9b9141ac719b2af596,SP,41,187.22,19.527540932700994,0.12195121951219512,515.704336081875,3.926829268292683,0.24390243902439024,11,41,7676.02,187.22,15.624634146341464,22,3
2a167ca73899c85001a837d8fb4962f6,SP,2,2048.5,6.509230324074074,0.0,448.4950636654007,4.5,0.0,2,3,4097.0,1365.6666666666667,33.54,2,1
458c6fa920810ce2492da71bc26d9eec,SP,2,378.38,25.40222800925926,0.0,1564.477095998016,2.5,0.5,2,2,756.76,378.38,52.805,1,1
7494d0dcba8551df6cf37f1b905dc2f7,SP,1,45.9,6.993611111111111,0.0,343.8243700528318,3.0,0.0,1,1,45.9,45.9,17.07,1,1
698f5fa55a5f73d0740e9d9a773e8093,RJ,4,30.0,6.034730902777778,0.0,258.8887160952975,4.75,0.0,2,6,120.0,20.0,13.998333333333333,2,1
4f0d637c1197fd65405ebd755ac9f86b,SP,2,99.9,7.353680555555556,0.0,393.0601730451555,5.0,0.0,2,2,199.8,99.9,16.335,2,1
3969863bb8af7f72580b3b1ffd3a17b3,SP,12,51.92916666666667,10.236331018518518,0.0,480.9386744861722,4.083333333333333,0.08333333333333333,6,13,623.15,47.934615384615384,17.451538461538462,5,4
2a5b78b41cd05baeac8df54c6606b92c,MG,46,338.1365217391304,9.040109450483092,0.021739130434782608,387.0968214610424,4.543478260869565,0.043478260869565216,7,56,15554.28,277.755,18.235535714285714,23,1
1f7dfad2cb384ea4d2d7e1ffbd78c407,SP,1,49.0,6.361909722222222,0.0,44.983705779834565,1.0,1.0,1,1,49.0,49.0,8.29,1,1
08f5819815f3d06545011850bd70f0a8,SP,3,150.66666666666666,8.471766975308642,0.0,940.7106722297813,4.666666666666667,0.0,3,3,452.0,150.66666666666666,23.61,3,1
b32be1695eb7ec5f10f72d9610a12527,RS,44,603.9772727272727,12.276737163299662,0.045454545454545456,878.8911158919407,4.1395348837209305,0.11627906976744186,10,45,26575.0,590.5555555555555,65.28177777777778,14,4
b94cc9f10ddc85e4ba73a6f7974e7101,RJ,39,649.9,10.580454059829059,0.05128205128205128,711.8076098839999,4.297297297297297,0.13513513513513514,11,39,25346.1,649.9,26.215128205128206,7,2
53243585a1d6dc2643021fd1853d8905,BA,348,626.265632183908,13.432182877022138,0.034482758620689655,1161.1938518081085,4.19364161849711,0.10404624277456648,26,400,217940.44,544.8511,32.14145,23,2
6df688df543f90e9b38f4319e75a9d88,MG,39,48.50666666666667,7.93724210588794,0.0,491.9986133864452,4.564102564102564,0.02564102564102564,9,55,1891.76,34.39563636363636,13.989818181818181,23,1
7f40d06aa0b5f1aa4f41af8c0480e2ef,SP,6,218.32333333333335,4.130244984567901,0.0,330.3289118306643,4.833333333333333,0.0,3,6,1309.94,218.32333333333335,20.946666666666665,4,2
dd88d13bea9e4c2bf47daf224f8141e5,RS,1,458.0,5.675613425925926,0.0,54.87472107888072,5.0,0.0,1,1,458.0,458.0,29.38,1,1
72c38a04bd6a1c3dbc5298425a0db86d,PR,4,161.825,8.807887731481483,0.0,1151.2257835146438,3.75,0.25,2,5,647.3,129.45999999999998,22.669999999999998,4,3
b5bb2b985208834bd5bd86c7a402bbad,RS,2,310.53,11.335590277777778,0.0,1109.9910295208444,5.0,0.0,2,2,621.06,310.53,19.33,1,1
b1fecf4da1fa2689bccffa0121953643,MS,19,193.13894736842104,10.201297514619883,0.0,1065.4483128942031,4.947368421052632,0.0,9,20,3669.64,183.482,19.854,8,1
7b1222c3624aa89b9558b50a2594188c,SP,22,459.2509090909091,17.665475063131314,0.13636363636363635,851.0997152061681,4.454545454545454,0.09090909090909091,10,22,10103.52,459.2509090909091,20.798636363636362,9,3
e595809a6c31ec4314fd06ef198c244d,SC,1,39.0,15.85357638888889,0.0,434.9130637767654,5.0,0.0,1,1,39.0,39.0,18.23,1,1
ba6b68b55fe8704377a7d43c8e5c0185,MG,5,147.954,10.590298611111113,0.0,597.2290413658351,4.2,0.2,3,5,739.77,147.954,18.49,3,2
b8114f2f589a6804810f04f99b36b498,SP,8,174.9525,4.987507233796296,0.0,337.7291303123172,4.75,0.0,4,11,1399.62,127.23818181818181,26.582727272727276,4,1
570d4583587a5fe2d47c7be89b91ad27,SP,2,62.625,5.748657407407407,0.0,51.35826554794443,5.0,0.0,1,2,125.25,62.625,11.835,2,1
0af977692321d895349eded183341d28,SP,2,128.875,2.5402256944444446,0.0,50.03001574030867,4.5,0.0,1,2,257.75,128.875,9.735,2,1
b33aaadd1a8891d2dfef0c4c3bdf0371,SP,16,94.0,14.021278211805555,0.125,440.0223222659585,3.9375,0.1875,7,17,1504.0,88.47058823529412,21.12,4,1
5d9dc90a686a8fddacffab6bab5653a3,SP,12,313.495,8.628353587962962,0.08333333333333333,221.74484545611347,4.166666666666667,0.08333333333333333,5,12,3761.94,313.495,30.7775,5,1
cc80e2f693fa6e2408f47ccf62413fc1,PR,2,210.0,14.152598379629628,0.0,743.906587838758,4.0,0.0,2,2,420.0,210.0,44.315,1,1
dee656f0f566ed1aa85bd137c943f08f,SP,92,67.52260869565217,12.59528004227053,0.043478260869565216,552.4631739269826,4.369565217391305,0.07608695652173914,15,94,6212.08,66.08595744680851,17.77648936170213,32,12
d673a59aac7a70d8b01e6902bf090a11,SP,79,49.48025316455696,14.116783725972807,0.0759493670886076,693.4064118253455,3.911392405063291,0.1518987341772152,14,84,3908.94,46.535000000000004,18.93595238095238,16,2
966cb4760537b1404caedd472cc610a5,SP,67,685.4964179104478,10.040945273631841,0.029850746268656716,679.2399521989472,4.119402985074627,0.11940298507462686,17,67,45928.26,685.4964179104478,22.45238805970149,15,1
d4a5e99e0dd915df64ba55a7fbd583fd,SP,2,32.575,12.585381944444444,0.0,612.036341905953,3.0,0.5,2,6,65.15,10.858333333333334,14.1,2,1
6bcb2352a2a0c38b845f598298ab9d26,PR,1,15.9,11.037233796296297,0.0,512.7061985482727,5.0,0.0,1,1,15.9,15.9,15.1,1,1
2c2c9832d1bb38c5b0034a3b47d313ee,RS,1,49.9,12.09361111111111,0.0,1000.2876602193228,3.0,0.0,1,1,49.9,49.9,18.45,1,1
f3b80352b986ab4d1057a4b724be19d0,DF,86,114.12906976744186,10.455703461455641,0.0,788.1582082534435,4.209302325581396,0.11627906976744186,15,91,9815.1,107.85824175824176,23.365494505494507,4,2
b452cb0ae35044c4a53179c39f49fb06,SP,2,31.849999999999998,16.722858796296297,0.0,465.0990144176216,4.0,0.0,2,2,63.699999999999996,31.849999999999998,19.145,2,2
0307f7565ff85b299b6e5ef162b1b1a9,SP,6,785.3166666666666,15.198894675925926,0.0,661.9190286946281,3.5,0.3333333333333333,4,6,4711.9,785.3166666666666,42.83166666666667,6,3
ffeee66ac5d5a62fe688b9d26f83f534,SP,14,131.41857142857143,18.07488095238095,0.14285714285714285,714.8710990344947,4.214285714285714,0.14285714285714285,7,14,1839.8600000000001,131.41857142857143,29.977857142857143,3,1
9aa388272ee334b6ae07bc73706e254a,MG,6,113.0,8.413715277777778,0.0,573.8372099118772,4.333333333333333,0.16666666666666666,4,7,678.0,96.85714285714286,26.208571428571428,2,1
74bafed391319577bce6f4d2acc0589a,SP,3,615.6666666666666,7.031435185185185,0.0,567.1950208217298,2.6666666666666665,0.6666666666666666,3,3,1847.0,615.6666666666666,79.24333333333333,2,2
2b03ac196f5ed62ac483960fe0fa3b65,SP,7,120.44285714285715,12.89291832010582,0.14285714285714285,303.2114077699537,4.142857142857143,0.14285714285714285,5,7,843.1,120.44285714285715,13.155714285714286,5,2
0b64bcdb0784abc139af04077d49a20e,RS,4,34.4,8.495092592592592,0.0,816.7202023315956,4.75,0.0,1,4,137.6,34.4,17.052500000000002,2,1
0bfd0b434243adc5c2e1aa6baf19c6aa,RJ,6,61.866666666666674,8.463200231481482,0.0,672.047849176688,3.6666666666666665,0.16666666666666666,5,6,371.20000000000005,61.866666666666674,10.964999999999998,6,4
92d14edfb62ee5ae7fdff70b0f4e7233,SP,8,40.25,8.299565972222222,0.0,295.31717600722243,3.375,0.25,4,13,322.0,24.76923076923077,12.742307692307692,5,3
5e105f5c9f63f5f1fd75d6cb942e55b1,SP,8,183.9875,9.292110821759259,0.0,642.8250373976229,4.5,0.125,4,8,1471.9,183.9875,34.22875,6,1
2fb25ab44bdbeae6a4d816e0d0c9d500,RJ,5,136.616,8.520905092592592,0.0,493.64079517721973,4.8,0.0,3,5,683.08,136.616,15.642000000000001,2,2
ed4311e67debd72b8610a5347a743087,SP,25,145.44,7.809243981481481,0.04,517.0130202681248,4.625,0.041666666666666664,8,26,3636.0,139.84615384615384,27.185,7,1
5bf397d04035b5f45cc41e82ec106803,SP,3,508.3333333333333,4.018661265432098,0.0,143.33172929848845,4.333333333333333,0.0,2,4,1525.0,381.25,11.82,2,2
f9bbdd976532d50b7816d285a22bd01e,SP,1,89.0,14.890231481481482,0.0,854.2631187160238,5.0,0.0,1,1,89.0,89.0,15.37,1,1
a5bff0f43eb51f0cad7c37fac7244c8a,SP,4,111.25,15.874427083333334,0.0,1028.5737257573855,4.75,0.0,3,5,445.0,89.0,19.254,2,1
f52c2422904463fdd7741f99045fecb6,SP,12,47.31583333333333,5.673889853395061,0.0,519.8112835623598,4.25,0.08333333333333333,5,13,567.79,43.676153846153845,13.616153846153846,10,3
14f2b3587172b9db894c9bad8dab520b,RS,2,122.0,14.027887731481481,0.0,526.0565691584618,2.5,0.5,2,2,244.0,122.0,43.03,1,1
1354d51653f645349064725ed204e85e,SP,18,133.88888888888889,9.560979938271606,0.0,693.7297302989941,3.888888888888889,0.2222222222222222,7,20,2410.0,120.5,14.236,13,3
eaaa46e98c9e61f6764dd1d7a2ab8b3e,RN,1,98.0,11.097199074074075,0.0,731.280978814355,5.0,0.0,1,1,98.0,98.0,27.64,1,1
5b664594895aefb418afaee6d40a9a23,RJ,16,63.05,10.405842737268518,0.0,315.7522658277311,3.9375,0.1875,5,22,1008.8,45.85454545454545,10.29,3,3
bf00385a5f7fc1ef39a13c2e9ee50a5f,SP,28,30.55,5.772894758597884,0.0,278.40147546346697,4.428571428571429,0.07142857142857142,5,28,855.4,30.55,11.923214285714286,18,6
391bbd13b6452244774beff1824006ed,SP,1,63.9,44.565300925925925,1.0,537.0906429972699,1.0,1.0,1,1,63.9,63.9,17.7,1,1
c714262700f93defc16bf17a51a4cb23,SP,4,105.45,10.20859375,0.0,748.5697162081899,3.75,0.25,3,4,421.8,105.45,17.3825,4,2
bcd2d7510d58e293f20fad6438c1b314,PR,1,23.9,33.19689814814815,1.0,312.94051137245816,,,1,1,23.9,23.9,15.56,1,1
ec4608a1f76453166bb312b2968aeaf4,SP,17,56.98882352941177,15.286932189542483,0.17647058823529413,287.58757425289116,3.2941176470588234,0.29411764705882354,4,29,968.81,33.40724137931034,30.84655172413793,5,1
2bd05d410a8fd26dc4184a15f4f2f588,MG,6,219.455,10.176797839506174,0.0,557.7453813781325,5.0,0.0,5,7,1316.73,188.1042857142857,28.36285714285714,6,2
4dab98ca6cd6d3df586203cefd28a042,RS,1,154.9,28.008784722222224,0.0,678.0381486154722,5.0,0.0,1,1,154.9,154.9,18.33,1,1
293dee954235e4e4e43f129313625ebe,DF,8,222.365,14.440222800925927,0.0,1197.6535824452967,5.0,0.0,6,8,1778.92,222.365,30.0375,6,1
cd68562d3f44870c08922d380acae552,SP,122,148.522131147541,16.261454823163326,0.1557377049180328,694.4668030571878,4.016528925619835,0.1652892561983471,18,129,18119.7,140.46279069767442,16.745426356589146,57,9
082e0bf4cb865a6533b1e8e498cc0255,SP,11,188.4818181818182,14.3659617003367,0.18181818181818182,749.2364927125535,3.272727272727273,0.36363636363636365,7,23,2073.3,90.14347826086957,43.08826086956522,17,2
c286ec035ee04ba81c97508f0b5df544,PR,1,294.0,14.242025462962962,0.0,834.7402060525271,4.0,0.0,1,1,294.0,294.0,50.67,1,1
dd8a29ce82d5c705ba932d81494600a5,SP,2,102.875,8.930642361111111,0.0,407.611526393407,3.5,0.0,2,2,205.75,102.875,13.75,2,1
41da412d33e8da4f22baf55cb1bde82c,ES,15,57.526666666666664,10.254511574074074,0.0,569.934631257978,4.666666666666667,0.0,5,21,862.9,41.09047619047619,17.81714285714286,10,1
782f78b632a43875dd5b53e3e49c9564,SP,1,97.34,9.88162037037037,0.0,823.7634712778313,5.0,0.0,1,2,97.34,48.67,16.11,1,1
28405831a29823802aa22c084cfd0649,SP,6,35.0,7.19403163580247,0.0,453.13968580705045,4.5,0.0,3,6,210.0,35.0,12.138333333333334,1,1
fe19dce63ae80346207c6c55713d1023,MG,1,49.9,7.0012384259259255,0.0,592.4551352858875,5.0,0.0,1,1,49.9,49.9,21.82,1,1
a67780aba9dd436e7ac0aa1f889e73ec,SP,6,143.83333333333334,21.632880015432097,0.16666666666666666,763.0126703969862,3.6666666666666665,0.16666666666666666,5,6,863.0,143.83333333333334,29.673333333333336,5,2
d594982fd877af63ace38ea1fca27c76,SP,7,31.005714285714284,8.089442791005292,0.0,419.57839257895955,4.428571428571429,0.14285714285714285,3,7,217.04,31.005714285714284,13.237142857142857,2,2
dda37071807e404c5bb2a1590c66326f,SP,1,199.99,16.582835648148148,0.0,533.9893154102771,5.0,0.0,1,1,199.99,199.99,19.28,1,1
5bc55dbe2f12b6af6d83ed46023e0dc8,MG,17,176.0058823529412,13.928327886710239,0.23529411764705882,618.558117805095,2.411764705882353,0.5882352941176471,6,21,2992.1,142.48095238095237,19.87047619047619,9,2
b1b3948701c5c72445495bd161b83a4c,SP,14,1537.107142857143,23.403023313492064,0.6428571428571429,331.5430902496625,1.9285714285714286,0.7142857142857143,4,14,21519.5,1537.107142857143,28.910714285714285,2,1
4e92348462c75b6c842b994ce84a0ed4,RS,1,69.9,9.837280092592593,0.0,831.5192755213269,5.0,0.0,1,1,69.9,69.9,15.59,1,1
6e13dd869aa7185f601c941423abcc8f,SP,5,104.4,4.2793425925925925,0.0,370.1947743144959,4.8,0.0,2,6,522.0,87.0,12.68,2,1
723cd880edaacdb998898b67c8f9da30,SP,11,194.23,9.960010521885522,0.09090909090909091,498.5269233694244,4.090909090909091,0.18181818181818182,6,12,2136.5299999999997,178.04416666666665,34.425000000000004,8,2
00ee68308b45bc5e2660cd833c3f81cc,SP,135,150.07407407407408,9.61941718106996,0.07407407407407407,264.03610889477255,4.298507462686567,0.11194029850746269,10,172,20260.0,117.79069767441861,18.49220930232558,23,2
1fbe10c70e30765ed1de86d9f7e98409,SP,2,49.375,13.666018518518518,0.0,713.985114338833,2.5,0.5,2,6,98.75,16.458333333333332,9.893333333333333,2,1
685b870da5b52a710782c9c0fefbeb5b,SP,2,313.5,39.61394675925926,1.0,360.8483710305212,2.0,0.5,1,2,627.0,313.5,21.99,2,1
701938c450705b8ae65fc923b70f35c7,SP,74,160.53094594594594,12.979548298298297,0.04054054054054054,484.3311349986256,4.0,0.1232876712328767,9,111,11879.289999999999,107.02063063063062,33.97837837837838,9,2
f3862c2188522d89860c38a3ea8b550d,SP,1,15.5,5.868530092592593,0.0,302.6285444618464,5.0,0.0,1,1,15.5,15.5,12.79,1,1
f5f1f2c5f923f36ad79ea1d07185ddc9,SP,10,151.777,13.051210648148148,0.1,510.377174405144,3.7,0.2,4,11,1517.77,137.9790909090909,15.793636363636363,5,1
cf8ab1616079e2793aa29d524df01bb1,SP,6,1599.0,26.40703896604938,0.16666666666666666,721.3101779797213,2.5,0.6666666666666666,4,6,9594.0,1599.0,72.92666666666666,2,1
160851d3ece7aa1a510f8d1a4bb8a8af,SP,2,51.025,5.577158564814814,0.0,507.6317562595121,5.0,0.0,2,2,102.05,51.025,19.549999999999997,2,1
61c36f0fc4a47f9532e5512b66668e62,SP,1,750.0,12.314270833333333,0.0,109.662614710466,1.0,1.0,1,1,750.0,750.0,17.69,1,1
59b22a78efb79a4797979612b885db36,MG,125,217.476,12.668354259259258,0.112,654.4175687312014,3.9838709677419355,0.20161290322580644,16,133,27184.5,204.39473684210526,36.82383458646616,67,4
553a440137d6e0cf776aee0bb83ac9f5,SP,2,72.4,23.00158564814815,0.5,757.9867945788834,1.0,1.0,2,2,144.8,72.4,15.17,2,2
ea8482cd71df3c1969d7b9473ff13abc,SP,1132,32.417632508833925,13.323272651240021,0.08480565371024736,664.6403193902207,4.0266429840142095,0.14564831261101244,25,1188,36696.76,30.889528619528622,14.555446127946126,219,2
72bc2cce903c872fe376a8faaa81d237,SP,17,126.42352941176469,8.813901143790849,0.0,412.67954204774566,4.647058823529412,0.058823529411764705,8,18,2149.2,119.39999999999999,14.209444444444445,6,2
65c255b299faf2d12050937cc219c46c,SP,2,44.1,7.089606481481482,0.0,6.462018290850004,4.5,0.0,2,2,88.2,44.1,10.94,1,1
72c73be2b085b9d57650dd53eb2004c9,SP,1,29.4,17.34197916666667,0.0,1135.3592860351118,5.0,0.0,1,1,29.4,29.4,17.92,1,1
c2bda99904207edd1834f03e0022b007,SP,1,39.9,12.421550925925926,0.0,18.987893704213565,4.0,0.0,1,1,39.9,39.9,7.78,1,1
3d4824f20035949c710eaf111f869d39,SP,8,56.24625,8.629752604166667,0.125,375.67846521280995,4.0,0.25,5,9,449.97,49.99666666666667,13.955555555555556,7,6
042573af89b6d931f672efaf789d8358,SP,3,137.82666666666668,20.024783950617284,0.3333333333333333,196.4906271632142,3.6666666666666665,0.3333333333333333,2,3,413.48,137.82666666666668,21.69666666666667,3,2
5b925e1d006e9476d738aa200751b73b,SP,63,122.9920634920635,10.885000367430923,0.06349206349206349,621.0172383230923,4.603174603174603,0.047619047619047616,13,63,7748.5,122.9920634920635,16.719682539682537,8,1
06bb3a2fe5e7b7a845b13e8fb91bd944,MG,17,90.36411764705883,8.82025258714597,0.0,491.947637392939,4.588235294117647,0.0,7,18,1536.19,85.3438888888889,18.11888888888889,14,1
5f5a58930c3c35f3b5af264f34fb8c85,SP,3,186.66666666666666,7.959606481481482,0.0,688.2901745772128,5.0,0.0,2,3,560.0,186.66666666666666,22.863333333333333,2,2
fe2032dab1a61af8794248c8196565c9,SP,293,224.19696245733792,10.766724813550752,0.08873720136518772,575.5205120724505,4.387543252595155,0.09688581314878893,23,305,65689.71,215.37609836065576,15.44554098360656,70,2
3092c0b297aacfb4bb6e056ebe13b9b8,SP,16,74.01875000000001,13.21931857638889,0.0,713.1439942842933,4.125,0.125,10,17,1184.3000000000002,69.66470588235295,18.46941176470588,15,6
c004e5ea15737026cecaee0447e00b75,SP,1,2350.0,33.83170138888889,1.0,779.2447201784884,1.0,1.0,1,1,2350.0,2350.0,105.12,1,1
8629a7efec1aab257e58cda559f03ba7,GO,1,45.22,59.22667824074074,1.0,928.6009718373651,1.0,1.0,1,1,45.22,45.22,18.89,1,1
1c56ffe0e9dea2657fc6e95b53f40b13,SP,3,61.0,6.678163580246913,0.0,1001.8526081670681,4.333333333333333,0.0,3,3,183.0,61.0,28.13,2,1
74a9b9bddf14ece02beb81f52c41a88d,SP,2,47.5,12.172760416666668,0.0,1053.1503168846305,3.5,0.5,2,2,95.0,47.5,11.03,2,2
1cbd32d00d01bb8087a5eb088612fd9c,SP,11,95.04272727272728,12.533015572390571,0.09090909090909091,831.877098121644,4.181818181818182,0.09090909090909091,9,12,1045.47,87.1225,20.338333333333335,11,5
850857dfac77488c307e2b1cbd84ab5a,PR,1,1599.0,2.9255555555555555,0.0,281.6872511807835,5.0,0.0,1,1,1599.0,1599.0,39.72,1,1
e0a366315b1b726b6c7832d664c0f530,SP,43,172.09511627906977,7.974509313092161,0.023255813953488372,384.2006777564772,4.3023255813953485,0.13953488372093023,10,51,7400.09,145.09980392156862,14.609411764705882,21,4
4049512728d969bec69f84088b012416,MG,7,55.69142857142857,10.469077380952381,0.0,499.99855372015685,5.0,0.0,5,9,389.84,43.315555555555555,17.825555555555557,7,2
120476eb7a04c149d14772edaf5d9bf2,RJ,4,592.2,7.798266782407407,0.0,633.9680304595456,4.25,0.0,4,6,2368.8,394.8,25.138333333333335,4,3
cd6efc47efaabf134f8bdb654e10b4f1,RJ,31,134.1467741935484,8.592231556152926,0.06451612903225806,501.36397316342095,4.483870967741935,0.06451612903225806,10,32,4158.55,129.9546875,18.7065625,10,6
2a7c6c0b0d5efde2bf75ec1e1cec2d41,PR,3,49.199999999999996,10.607287808641976,0.0,638.0198849009338,3.3333333333333335,0.3333333333333333,3,3,147.6,49.199999999999996,14.813333333333333,3,1
4e17c65a516f69d023a2ae78b84f28d6,SP,61,125.23377049180328,13.33190023527626,0.04918032786885246,526.1650718635127,4.229508196721311,0.18032786885245902,15,74,7639.26,103.23324324324325,15.615405405405404,47,5
a8739afb32aaa45e01815ca76f76f54b,SP,13,22.986923076923077,9.569594017094017,0.0,538.628182309659,3.769230769230769,0.23076923076923078,6,15,298.83,19.922,17.648666666666667,8,1
d4828feed4cda2cd9d6b37899a95a71e,CE,1,39.9,13.50712962962963,0.0,494.9523609867949,2.0,1.0,1,1,39.9,39.9,22.21,1,1
e3d3b3efac954a60d61be70b7e05b49b,SP,3,427.34999999999997,11.115142746913582,0.0,327.67181562472143,4.333333333333333,0.0,2,3,1282.05,427.34999999999997,41.26,3,1
d558ebe531605a1285ab2b1bc3256dfb,MG,3,236.33333333333334,9.418445216049383,0.0,732.4817405547218,4.666666666666667,0.0,3,3,709.0,236.33333333333334,24.41,2,1
c7a0a13cbcf29d5ce51c8f80afdc0b89,SC,8,60.385000000000005,10.866258680555555,0.0,524.1677445607677,4.125,0.125,6,9,483.08,53.675555555555555,19.413333333333334,4,2
33ac3e28642ab8bda860a2f693000e78,SP,34,107.67735294117648,8.721855936819173,0.0,457.6556501653744,4.205882352941177,0.11764705882352941,10,35,3661.03,104.60085714285715,14.002571428571429,18,2
8936ba0de1073ee888cb3185ae5dc661,SP,1,389.99,13.190671296296296,0.0,308.51236897485865,5.0,0.0,1,1,389.99,389.99,22.22,1,1
18a349e75d307f4b4cc646a691ed4216,SP,109,68.12119266055046,11.15451558783554,0.05504587155963303,460.59433274678776,3.6018518518518516,0.26851851851851855,16,128,7425.21,58.009453125,14.77078125,40,17
a72c2f59332659e361d647515c698798,RS,5,160.57999999999998,10.203472222222222,0.0,1046.8985030620959,4.8,0.0,3,6,802.9,133.81666666666666,21.838333333333335,3,2
b55638ad525e906c698fa2ce742c1742,SC,11,99.52727272727272,23.431376262626262,0.18181818181818182,875.1676063710408,4.181818181818182,0.0,4,12,1094.8,91.23333333333333,24.239166666666666,6,1
be9a160a9011f627c3e121d076c1ec7b,SC,5,411.0,14.817761574074074,0.0,704.7286039430959,4.6,0.0,3,5,2055.0,411.0,35.024,5,1
ed859002ad59dbf8cf3602696a6c3000,PR,6,343.98333333333335,18.509108796296296,0.0,432.53614391450725,4.166666666666667,0.16666666666666666,2,11,2063.9,187.62727272727273,20.494545454545456,4,3
12b9676b00f60f3b700e83af21824c0e,RS,133,198.31578947368422,15.053846247563353,0.007518796992481203,1224.99398923582,4.537878787878788,0.03787878787878788,21,133,26376.0,198.31578947368422,26.508796992481205,37,3
ef2fbc2b607d8492bcffe657a4645434,RJ,19,48.46842105263158,7.037629751461989,0.10526315789473684,601.1727250557353,4.0,0.21052631578947367,7,21,920.9,43.852380952380955,16.83857142857143,7,5
a080fc8a850289b27500f6b49cca2553,SP,4,95.75,5.423171296296296,0.0,266.44027757638605,4.75,0.0,2,4,383.0,95.75,13.1425,4,2
9c57bc60cfad5ee62d35d3f1ce4593a1,PR,1,180.0,37.03043981481481,1.0,365.1744963314016,1.0,1.0,1,1,180.0,180.0,15.43,1,1
9539213aa8e023c01937bef95dc006da,SP,9,25.455555555555556,11.792710905349795,0.1111111111111111,144.19352010213598,4.555555555555555,0.0,3,9,229.1,25.455555555555556,9.993333333333332,2,1
69a43819c758c65a5befb0b471c954d7,PR,2,149.925,12.98847800925926,0.0,1471.4584906173422,4.0,0.0,2,3,299.85,99.95,33.63666666666666,3,1
8fdca8e349553f99bc738833a62c8802,SP,22,44.97,10.5466109006734,0.045454545454545456,504.7568535192922,4.190476190476191,0.09523809523809523,10,29,989.34,34.115172413793104,13.133793103448276,4,3
0bb27263628258b8111a0262769fa9db,SP,1,22.2,41.68077546296296,0.0,80.72282562510185,5.0,0.0,1,1,22.2,22.2,10.96,1,1
08061dc0fc165ed41288cc7acde738ee,SP,4,30.950000000000003,20.068133680555555,0.25,713.8268526780053,4.5,0.0,3,4,123.80000000000001,30.950000000000003,14.605,3,1
4ebdc7e6cd6102a022dadc49156d4ea8,SP,29,32.02413793103448,9.965408684546615,0.034482758620689655,339.11299132305004,3.793103448275862,0.20689655172413793,7,32,928.6999999999999,29.021874999999998,11.5375,23,4
f918546be4bec7104d117789ba758b2b,SP,20,74.15,12.358811921296297,0.15,297.81940555234746,3.85,0.2,7,23,1483.0,64.47826086956522,15.093478260869563,3,1
eb4a59a06b3948e851a7d7a830bcbc42,BA,1,32.0,11.078020833333333,0.0,1443.8666937956568,5.0,0.0,1,1,32.0,32.0,21.15,1,1
4091f77d8c768fc3e81c20761471761d,SP,8,134.875,18.032364004629628,0.25,495.0892026378029,2.75,0.375,6,8,1079.0,134.875,28.85875,6,1
0dfbed20065e425d2eaefb101f9816c0,SP,3,28.116666666666664,21.56864197530864,0.3333333333333333,452.32195997414533,2.6666666666666665,0.6666666666666666,3,3,84.35,28.116666666666664,16.416666666666668,2,2
26bad72add1f86e08a776ce4ffdaf1ca,SP,7,88.85714285714286,10.942886904761906,0.0,568.5540482815085,4.428571428571429,0.0,4,7,622.0,88.85714285714286,17.702857142857145,5,1
612170e34b97004b3ba37eae81836b4c,RS,107,215.56093457943925,10.988303046036691,0.009345794392523364,1034.3385639925714,4.429906542056075,0.07476635514018691,20,110,23065.02,209.68200000000002,20.973272727272725,48,12
2a84855fd20af891be03bc5924d2b453,MG,155,96.70322580645161,8.584483497610513,0.025806451612903226,525.7153150806857,4.376623376623376,0.07792207792207792,18,159,14989.0,94.27044025157232,20.608301886792454,53,8
cf2384dd2f1dddea3f838efed0945e65,SP,16,131.34375,14.251440248842593,0.0,662.7749751867392,3.9375,0.125,8,16,2101.5,131.34375,27.09,5,2
377bc18334c78dd2f1535ef22a3ad225,PR,1,135.98,9.886643518518518,0.0,1226.912530335686,5.0,0.0,1,1,135.98,135.98,88.46,1,1
439a47cc365d6e3bd526812ea9de3c29,SP,8,148.3125,7.241585648148148,0.0,412.85089578940637,4.25,0.125,4,13,1186.5,91.26923076923077,17.263846153846153,5,1
6ba4733aa33f6386e9fb0c0fd3993b38,RS,3,49.93,12.429888117283951,0.0,781.3558359096324,4.666666666666667,0.0,3,3,149.79,49.93,20.03,3,1
4b39558c138930b9e5489c93b6df5fe3,SE,4,274.175,12.827239583333334,0.0,1747.0802872213626,4.5,0.0,3,5,1096.7,219.34,26.48,3,2
4b9750c8ad28220fe6702d4ecb7c898f,SP,217,72.88202764976958,9.455059790493259,0.059907834101382486,431.1620862446505,4.364055299539171,0.06912442396313365,17,221,15815.4,71.56289592760182,15.196606334841627,33,2
ba8e85df286308fe68a2ce83a8f8b2d6,SC,1,80.9,9.845416666666667,0.0,338.8256175424376,5.0,0.0,1,1,80.9,80.9,16.76,1,1
2059c39f76271d4ca3f15b5ffaccc8b8,PR,12,50.40833333333333,9.585923032407408,0.0,519.9837472439516,4.5,0.0,4,12,604.9,50.40833333333333,15.5325,2,1
5a05a16bb50629ee31afab8a6d4c2674,RS,14,56.73571428571428,7.040058697089948,0.0,332.1287124008387,4.214285714285714,0.07142857142857142,4,15,794.3,52.95333333333333,18.745333333333335,5,1
edb65fe661681b1c0de8bd47c8655855,SP,1,69.0,14.114236111111111,0.0,471.2994063334474,3.0,0.0,1,1,69.0,69.0,15.24,1,1
8cbac7e12637ed9cffa18c7875207478,SC,66,44.78757575757576,13.94055345117845,0.06060606060606061,623.9129424075062,4.166666666666667,0.10606060606060606,11,81,2955.98,36.49358024691358,20.255925925925926,21,4
fdb9095204a334cd8872252ffec6f2db,SP,46,177.30434782608697,8.719879730273751,0.06521739130434782,389.35909542571466,4.184782608695652,0.13043478260869565,11,61,8156.0,133.70491803278688,18.57983606557377,14,1
0cab2da43793a6f3c5ed8514c5f54627,PR,3,103.23333333333335,5.005370370370371,0.0,540.6154188546792,5.0,0.0,3,3,309.70000000000005,103.23333333333335,19.066666666666666,2,2
5b97c06a046398e7005b2b7c0d707a92,MG,3,379.99,26.17675925925926,0.3333333333333333,1158.921169887614,4.0,0.0,3,3,1139.97,379.99,66.14666666666666,1,1
aae3bfea055532c57fb453ed3ec80b30,SP,48,63.70666666666667,12.522698929398148,0.0,853.3712416141176,3.595744680851064,0.2127659574468085,18,50,3057.92,61.1584,15.985,5,1
866558b3bccef2dbc6d29a2b5995016f,PR,5,303.88,11.550611111111111,0.0,535.4609298234915,4.8,0.0,4,6,1519.3999999999999,253.23333333333332,58.55833333333334,4,2
cb5df0dcb9e280b1780e9d589889f2c7,SP,11,146.80727272727273,21.566878156565654,0.18181818181818182,595.3337397248755,3.4,0.3,4,12,1614.88,134.57333333333335,37.82666666666666,10,4
9bcdfa7b615b3abb9461d9e3ad9886ae,SC,14,151.86214285714286,12.67588210978836,0.07142857142857142,704.5945160831114,4.428571428571429,0.07142857142857142,8,20,2126.07,106.30350000000001,19.886000000000003,10,1
271c58a1d139c45eaf3316107c6d3a3b,SP,27,133.24555555555557,13.15568329903978,0.07407407407407407,822.4828718017135,4.185185185185185,0.14814814814814814,12,27,3597.63,133.24555555555557,23.515555555555554,6,1
2dee2ce60de9709b1a24083217181a1f,MT,54,144.15740740740742,14.143901963305897,0.018518518518518517,1576.6270025882634,4.425925925925926,0.05555555555555555,15,55,7784.5,141.53636363636363,37.455636363636366,8,1
a154d7316f158bb42e6fa18bbe3afd3a,SP,2,69.9,47.48453125,0.5,1393.1454934049395,3.0,0.5,2,2,139.8,69.9,25.165,1,0
f84fa566034f5e8e880a07ec624c56af,SP,89,56.11134831460674,11.963886418019142,0.10112359550561797,441.59741578237634,4.247191011235955,0.11235955056179775,14,100,4993.91,49.939099999999996,12.1042,8,3
4c1c7281388a33dd06daac44f9fadbd1,SP,5,37.664,8.786493055555557,0.0,491.78193351475795,4.8,0.0,4,5,188.32,37.664,16.318,5,3
2063dd1b9f568df1c16741ea7d3e6adb,PR,3,254.36666666666667,12.651215277777778,0.0,820.6594290809138,5.0,0.0,3,3,763.1,254.36666666666667,19.05666666666667,3,1
9cea4682e16655f7da87f406902e989e,PR,4,21.939999999999998,10.071336805555555,0.0,373.9059171600087,4.0,0.25,4,9,87.75999999999999,9.75111111111111,14.607777777777777,2,1
b1ac6ea7895bc3dd6f0f6f4abbdd2821,RS,38,77.94736842105263,10.18083455165692,0.0,964.587010898692,4.526315789473684,0.02631578947368421,11,38,2962.0,77.94736842105263,20.32526315789474,3,1
851773c885feb5e2da3b4f82bc2b17ce,SP,10,58.529999999999994,16.660394675925925,0.2,971.2831162539969,4.2,0.1,7,10,585.3,58.529999999999994,25.183,8,1
0ff83046c3fa22efee8ecf291888b191,RS,10,76.89000000000001,12.543672453703703,0.0,1283.141574285935,4.8,0.0,8,11,768.9000000000001,69.9,23.134545454545457,6,1
2b2fed75b8e5ea3a052fc4c0825da485,MG,3,170.29999999999998,5.570671296296297,0.0,210.87334826444405,5.0,0.0,3,4,510.9,127.725,14.9825,3,1
9f50216bfd01913736a55a11b55ea842,SP,17,79.6470588235294,10.244364787581699,0.11764705882352941,422.0519552538548,4.411764705882353,0.058823529411764705,7,19,1354.0,71.26315789473684,16.689473684210526,14,8
2d518637f53161b973e01f56ea4bb88e,SP,13,93.8376923076923,13.663798967236467,0.0,1381.3778266757536,4.923076923076923,0.0,11,13,1219.8899999999999,93.8376923076923,24.60076923076923,2,1
aafe36600ce604f205b86b5084d3d767,SC,129,71.71627906976744,12.49871348334769,0.03875968992248062,732.6028185917951,4.403100775193798,0.09302325581395349,16,131,9251.4,70.62137404580153,18.48702290076336,30,4
efff9341f3f8f5237b44ff67ed36a7bf,ES,5,174.598,11.931902777777777,0.0,1055.8581311782596,4.4,0.0,4,5,872.99,174.598,19.932,4,3
a7d0f8dd44f57ef6de7f7f02e3d82630,SP,2,36.894999999999996,6.127939814814814,0.0,216.14452945255266,4.5,0.0,2,2,73.78999999999999,36.894999999999996,12.94,2,2
5b07547f10dd980738a1a27f685af669,SP,13,87.27692307692308,6.257921118233619,0.15384615384615385,275.6745760397071,4.461538461538462,0.07692307692307693,4,14,1134.6000000000001,81.04285714285716,13.247857142857143,3,2
a99504ac23ed125aaf5302af6cc30af9,SP,1,978.0,16.25554398148148,0.0,769.3245112132118,5.0,0.0,1,1,978.0,978.0,47.24,1,1
5882820ef11c4c068eea0677a7a879b4,RS,14,708.9642857142857,14.96869460978836,0.0,721.8410017621878,4.153846153846154,0.0,5,14,9925.5,708.9642857142857,52.80785714285714,6,2
7357b52d27cbaa90f81a96cbc1279396,MG,12,110.66833333333334,9.850832368827161,0.08333333333333333,494.5929104606837,4.333333333333333,0.08333333333333333,4,12,1328.02,110.66833333333334,18.150833333333335,3,2
180c3376aff0e43dd5788709df48a843,SP,5,902.6,20.710101851851853,0.2,1328.0033320823131,4.4,0.2,5,10,4513.0,451.3,20.997,3,2
b4b447d715f9ab302a188fb43d3e96b3,SP,5,137.186,3.623861111111111,0.0,203.81184823852558,4.8,0.0,2,5,685.9300000000001,137.186,18.746000000000002,2,1
5e25c632f9db6cfb8bc100421c2737b6,SC,1,259.0,6.050219907407407,0.0,714.8203796935409,5.0,0.0,1,1,259.0,259.0,19.91,1,1
f4c4daa86e30c7e5a553a8d518ac03a5,PR,18,332.46166666666664,16.640676440329216,0.05555555555555555,713.1194689965271,4.0,0.16666666666666666,7,18,5984.3099999999995,332.46166666666664,18.899444444444445,18,2
398cb257329ef7af7f1943a8974a3cbc,BA,1,145.9,7.091377314814815,0.0,712.4717093714164,5.0,0.0,1,1,145.9,145.9,15.47,1,1
4003520d80d0bad1d5623f7aa3c63cda,RJ,1,70.0,17.079074074074075,0.0,364.54046948318125,1.0,1.0,1,1,70.0,70.0,16.74,1,1
3289d8c3eef4873f91ce0b1343c0dd58,SP,1,199.99,13.827824074074075,0.0,399.7414600381543,5.0,0.0,1,1,199.99,199.99,19.28,1,1
b0f2a6122a90a93eb03e68653dd960e3,PR,6,270.05,7.8698900462962955,0.0,333.4928810918053,4.833333333333333,0.0,2,7,1620.3,231.47142857142856,19.71142857142857,4,1
6c1b6d0c604b776f844125f911eb7377,SP,4,81.7675,17.514010416666668,0.0,488.6650313417098,4.0,0.0,3,4,327.07,81.7675,14.035,3,3
c4af86330efa7a2620772227d2d670c9,SP,4,1349.0,15.150208333333333,0.0,668.4647660824829,4.333333333333333,0.0,4,4,5396.0,1349.0,91.24,1,1
a888faf2d1baececa6baf9c3d603ee1f,PR,53,331.41132075471694,18.016654437456324,0.09433962264150944,931.3470799159121,4.09433962264151,0.1509433962264151,12,54,17564.8,325.27407407407406,20.517592592592592,19,1
681fce914360217db47784ae28905a96,PR,23,179.4491304347826,12.635159520933977,0.13043478260869565,729.3647803905423,4.0,0.22727272727272727,9,24,4127.33,171.97208333333333,18.519583333333333,9,3
31be790e64fc99f8ff48ec2bd18a3104,SP,6,40.23333333333333,6.493200231481481,0.3333333333333333,109.68696034768122,4.333333333333333,0.0,1,6,241.39999999999998,40.23333333333333,12.046666666666667,3,1
7b3447b497e55af8c15fc7bd89d7b81a,SP,1,49.9,13.094965277777778,0.0,2121.982517492154,5.0,0.0,1,1,49.9,49.9,20.75,1,1
e560e4022d8f7aebf155db95946c5c0f,MG,2,390.0,10.134334490740741,0.0,814.5133919822839,5.0,0.0,2,2,780.0,390.0,45.105000000000004,1,1
2f9b7ce230a057a98a9f5df5893ee36c,SP,2,70.91,10.458252314814814,0.0,172.60081668279193,4.5,0.0,2,2,141.82,70.91,15.015,2,1
41b39e28db005d9731d9d485a83b4c38,SP,187,87.20187165775401,12.370251534957418,0.0481283422459893,414.139815345207,4.179144385026738,0.12299465240641712,17,223,16306.75,73.12443946188341,16.850986547085203,126,5
809413606dbfe5deefd2db646693ef67,SP,3,65.56,7.579143518518518,0.0,144.1201884538888,4.333333333333333,0.0,2,5,196.68,39.336,10.074,3,1
609e1a9a6c2539919b8205cf7c4e6ff0,SC,87,75.80724137931034,10.212838175819499,0.011494252873563218,579.0735803855755,3.8117647058823527,0.21176470588235294,8,130,6595.23,50.73253846153846,20.67069230769231,69,3
c3e2398fcc7e581cda2e546557bf6968,SP,1,14.9,11.835428240740741,0.0,880.0391393214478,5.0,0.0,1,1,14.9,14.9,15.23,1,1
740205fedfe4e90ca6857bc77db0f2b4,SP,1,229.9,3.4825694444444446,0.0,776.4515064844885,5.0,0.0,1,1,229.9,229.9,21.93,1,1
c79151301b9d90985d1fa52879213105,PR,3,89.03333333333335,9.062461419753086,0.0,818.9559539268602,4.666666666666667,0.0,2,7,267.09999999999997,38.15714285714285,16.62,2,1
3e46a38ee171c503c3b4a3f23fe3bf0c,SP,1,59.9,4.184652777777778,0.0,79.41290088505413,5.0,0.0,1,1,59.9,59.9,9.11,1,1
3d4b1ae7539303b5704493798893e82c,SP,6,179.33333333333334,12.075733024691358,0.0,437.5656118355959,4.833333333333333,0.0,4,9,1076.0,119.55555555555556,16.18777777777778,6,2
bdf0d02d36a1d839d0c39c4a887cdd49,SP,5,24.0,8.347087962962963,0.0,502.4824305365158,5.0,0.0,4,7,120.0,17.142857142857142,13.707142857142857,2,1
65a7c0788e4d632ccb5e1b594b87f0bb,SP,3,88.89999999999999,11.02778549382716,0.0,291.8346768074714,4.333333333333333,0.0,2,9,266.7,29.633333333333333,13.046666666666667,6,1
d7f1cfc638473be93baedbfd02208016,RJ,1,30.0,12.67605324074074,0.0,1119.9532395543697,5.0,0.0,1,1,30.0,30.0,17.14,1,1
001cca7ae9ae17fb1caed9dfb1094831,ES,195,125.57451282051281,13.405804902659069,0.06153846153846154,812.3089243126607,4.0625,0.140625,17,234,24487.03,104.64542735042734,36.99089743589744,11,2
7f35f9daf223da737b78738fbae4d977,SP,5,50.4,7.866502314814815,0.0,837.6878387048866,4.0,0.2,5,5,252.0,50.4,20.202,2,2
2eb70248d66e0e3ef83659f71b244378,SP,187,208.50652406417112,18.013339027530204,0.11229946524064172,492.68641406250913,2.7907608695652173,0.47282608695652173,21,197,38990.72,197.92243654822335,15.51274111675127,28,10
6061155addc1e54b4cfb51c1c2a32ad8,SP,28,558.3357142857143,5.969917741402116,0.03571428571428571,389.7106577835315,4.642857142857143,0.03571428571428571,7,33,15633.4,473.73939393939395,26.663939393939394,15,2
8b87cd0d43d49b9bdf40f56229364d59,SP,2,364.5,15.342019675925926,0.0,1098.194610371014,5.0,0.0,2,2,729.0,364.5,67.94,2,2
52a50b42accf164f9f019941e5759d9b,SP,4,34.99,5.381053240740741,0.0,231.3702455761992,4.75,0.0,2,4,139.96,34.99,14.264999999999999,2,1
c6bda72e4dbf5c5866b13cb1810c6d03,SP,59,238.29457627118646,10.208053005335843,0.03389830508474576,519.3674251431463,4.398305084745763,0.0847457627118644,14,59,14059.380000000001,238.29457627118646,19.26677966101695,27,4
270572bb714b00531be85e16e1550f26,SP,1,96.99,11.073055555555555,0.0,66.90710377009275,5.0,0.0,1,1,96.99,96.99,14.77,1,1
16bdc8cefd0e32a6f0824d296c5ad14a,SP,1,41.76,9.316840277777779,0.0,398.7478410809705,5.0,0.0,1,1,41.76,41.76,19.32,1,1
4a82c4af97ffc0fb2dc26bfdc03b1842,MG,3,47.9,12.739297839506174,0.0,900.631543792383,5.0,0.0,3,3,143.7,47.9,22.400000000000002,3,1
3985a3c45be355a4c57fde108bfabd1c,RS,7,49.17142857142857,11.443118386243386,0.0,1308.9655949368737,4.0,0.14285714285714285,6,8,344.2,43.025,21.5,5,1
07e8e8fc5222bb358e6f259da3197074,SP,2,25.9,8.63806712962963,0.0,432.28355576841983,4.0,0.0,2,2,51.8,25.9,11.53,2,0
cd06602b43d8800bd0afad514919d35c,SP,43,59.42581395348837,12.598744616709734,0.046511627906976744,397.1324273065703,3.744186046511628,0.2558139534883721,11,52,2555.31,49.14057692307692,14.087307692307691,19,3
8f0fbe2cd4d472157dc1cdef6edecaa9,SP,2,35.94,7.662847222222222,0.0,336.6236544518928,3.0,0.5,2,2,71.88,35.94,11.44,2,2
f44b6f775a2b390380e0e30b5c9d3eee,SP,10,293.0,8.694234953703702,0.0,340.15464965383154,4.9,0.0,4,10,2930.0,293.0,25.824,10,2
365e4bce19bda0082c3d15d83fdb8bcd,SP,6,132.73333333333332,10.377220293209875,0.0,509.12614504384806,4.666666666666667,0.0,4,7,796.4,113.77142857142857,14.088571428571427,6,2
2e0dba2da448400b1c11d7b4b22f32a4,SP,7,33.69571428571429,8.869021164021165,0.0,540.1137263368353,3.142857142857143,0.42857142857142855,4,13,235.87,18.143846153846155,13.217692307692309,5,1
e882b2a25a10b9c057cc49695f222c19,RJ,57,895.7463157894737,9.549082399285249,0.0,393.5737064001026,4.578947368421052,0.05263157894736842,7,58,51057.54,880.3024137931035,49.2451724137931,19,8
734def04b237117a09321dd6d8f3f2a2,SP,2,626.215,2.288153935185185,0.0,83.00732686059052,5.0,0.0,1,2,1252.43,626.215,14.4,2,2
28c7d8743fbc8679f484868cc0fcaefb,SP,3,67.16666666666667,13.52462962962963,0.0,1114.3097937473115,5.0,0.0,3,3,201.5,67.16666666666667,22.953333333333333,2,1
9baf5cb77970f539089d09a38bcec5c3,SP,31,193.21548387096774,15.171590128434888,0.0,366.8708275406207,4.419354838709677,0.06451612903225806,10,32,5989.68,187.1775,16.614375,25,7
e3dd723429d1b23614b7fa85e2c7a853,SP,7,67.29285714285714,13.620887896825396,0.14285714285714285,299.4100527142249,3.7142857142857144,0.14285714285714285,4,8,471.05,58.88125,15.82125,4,2
f4a04f7be452aa3bb31760bf00055dd0,SP,18,72.89444444444445,9.141429398148148,0.0,440.3828461907642,4.666666666666667,0.0,7,18,1312.1,72.89444444444445,13.43611111111111,8,1
dbc22125167c298ef99da25668e1011f,MG,394,83.32263959390863,11.481770892084977,0.025380710659898477,551.488097348403,4.320610687022901,0.07633587786259542,22,417,32829.12,78.72690647482015,18.674892086330935,100,4
bc302730ea8cf49b5c74f579febb5bbf,SP,11,240.0818181818182,11.243857323232323,0.09090909090909091,538.3305890351007,3.8181818181818183,0.18181818181818182,6,11,2640.9,240.0818181818182,26.297272727272727,9,3
e64ddbe1cbcf4f2fc3092b7c481f3f9d,SP,1,20.9,5.512708333333333,0.0,88.75355607990707,5.0,0.0,1,1,20.9,20.9,7.39,1,1
56e361f411e38dcef17cdc2a3d99628b,SP,5,259.6,10.307650462962963,0.2,1038.346130307597,4.0,0.2,4,10,1298.0,129.8,185.776,4,2
048c2757535328e0d7dac690ad3c0aae,SP,50,181.3016,18.514625925925927,0.12,926.3307110179118,4.244897959183674,0.14285714285714285,20,50,9065.08,181.3016,24.9466,20,1
bdb3edbaee43a761e2d4f258dc08f348,SP,5,51.9,11.946273148148148,0.2,301.47987644738595,3.8,0.2,2,5,259.5,51.9,13.772,3,2
b127efdabeffb5d559349c7b172eb75d,SP,10,30.85,9.848835648148148,0.1,554.5225449621898,4.8,0.0,5,10,308.5,30.85,11.277,10,1
951e8cef368f09bb3f3d03c00ca4702c,SP,62,64.40822580645161,9.414246378434886,0.06451612903225806,440.4161685432504,4.133333333333334,0.13333333333333333,9,69,3993.31,57.874057971014494,19.713478260869564,47,2
33d677f27a69b84051204ee4ae76eaca,SC,9,18.333333333333332,8.826325874485597,0.0,389.075212492903,4.555555555555555,0.1111111111111111,4,10,165.0,16.5,17.349,5,3
b88e7c57cb2d8b973b7dd4a2bfa14b36,PR,4,88.475,9.365081018518518,0.0,620.2644301507244,4.25,0.0,3,4,353.9,88.475,16.4425,3,1
9da15f4a4ea758d9eeb49000dbe57e22,SP,1,196.9,22.51039351851852,1.0,36.43276695924749,2.0,1.0,1,1,196.9,196.9,37.71,1,1
d91fb3b7d041e83b64a00a3edfb37e4f,SP,524,76.19540076335878,11.27949595349166,0.03816793893129771,528.6136247255241,4.139102564102564,0.1346153846153846,24,525,39926.39,76.05026666666666,17.25344761904762,309,6
749e7cdabbaf72f16677859e27874ba5,SP,1,41.9,11.03644675925926,0.0,324.2077759871679,1.0,1.0,1,1,41.9,41.9,19.84,1,0
3d5d0dc7073a299e31fa718ce1bc00b6,RJ,21,32.13333333333333,8.493292548500882,0.047619047619047616,644.6856169813959,4.428571428571429,0.14285714285714285,9,22,674.8,30.672727272727272,16.014545454545456,7,5
688756f717c462a206ad854c5027a64a,SP,81,72.07000000000001,10.75715292066758,0.037037037037037035,504.53389825910824,3.8875,0.175,15,99,5837.67,58.96636363636364,19.27323232323232,40,5
9b00ed88b7fdb95d6ff76e27c1b52d16,SP,46,34.08434782608696,9.403925372383252,0.06521739130434782,327.20951883607347,4.543478260869565,0.06521739130434782,7,50,1567.88,31.3576,11.356,18,2
4be6b962d83299498bae2190f95d6566,SP,11,46.25454545454546,7.897717803030304,0.09090909090909091,426.31255895133114,4.1,0.1,5,12,508.8,42.4,15.190833333333332,6,2
c13fb473e7cb8b83ccd543c094df0608,SP,2,27.4,12.762152777777779,0.0,1191.2892394712194,3.5,0.0,2,2,54.8,27.4,14.36,2,2
17998cf586426bf0f2c3726cb0a4b211,MG,2,34.9,8.385243055555556,0.0,1174.362580214761,4.0,0.0,2,2,69.8,34.9,22.86,2,2
c864036feaab8c1659f65ea4faebe1da,PR,58,180.2448275862069,12.280721982758621,0.034482758620689655,658.256933593549,4.568965517241379,0.05172413793103448,12,58,10454.2,180.2448275862069,31.820172413793102,29,1
8d899e15a5925f097cca50faa49b15e3,SP,4,161.25,6.067864583333333,0.25,350.38159537833087,3.75,0.25,2,10,645.0,64.5,15.098000000000003,3,2
79565f7d5603b24ddf07ade262547f2f,SP,7,49.42857142857143,13.240676256613757,0.2857142857142857,510.3341913824303,4.428571428571429,0.14285714285714285,4,7,346.0,49.42857142857143,14.015714285714285,5,2
ba143b05f0110f0dc71ad71b4466ce92,SP,83,72.2734939759036,10.241654395359214,0.12048192771084337,392.9840970334107,4.457831325301205,0.08433734939759036,13,84,5998.7,71.41309523809524,15.603214285714287,22,3
4e0d109ccfba9a1151c103049880c857,RJ,2,139.945,19.22804398148148,0.0,1211.7926808006214,3.0,0.5,2,2,279.89,139.945,33.92,2,1
89dda63a3c907c468ec88c310ed91213,SP,1,44.99,25.440254629629628,0.0,2476.991990390601,5.0,0.0,1,1,44.99,44.99,20.4,1,1
c522be04e020c1e7b79f3acff36513d5,SP,6,108.32333333333334,15.649359567901236,0.3333333333333333,791.5234012502906,4.0,0.16666666666666666,4,6,649.94,108.32333333333334,15.08,3,3
5f5b43b2bffa8656e4bc6efeb13cc649,SP,27,136.19259259259258,13.945222479423867,0.037037037037037035,794.1219693761033,4.407407407407407,0.07407407407407407,11,29,3677.2,126.8,19.153448275862072,18,4
87f3e35268860433e13d577825aada95,SP,1,19.9,51.49710648148148,0.0,445.90857938168256,,,1,1,19.9,19.9,14.52,1,1
c5e60e39c0f42b8e827daa13cff74afa,SP,6,22.333333333333332,3.7670466820987656,0.0,66.07512609438312,4.5,0.0,1,8,134.0,16.75,11.137500000000001,4,1
bca9230d3bbb4efa51872bf605a2f1ad,SP,5,23.514,7.055643518518518,0.2,127.19569027074417,4.0,0.2,2,5,117.57,23.514,10.126000000000001,3,1
6e864f5c4669eff3d98140a07cc50202,SP,13,56.96846153846154,9.844045584045585,0.07692307692307693,515.4567659533781,4.461538461538462,0.07692307692307693,7,13,740.59,56.96846153846154,14.751538461538463,5,3
7bcd7c5f8631701474db233ccf1c094b,SP,8,52.375,14.234526909722222,0.0,806.7169799356057,4.375,0.0,7,8,419.0,52.375,16.505,4,1
8b2d4ab22f42c5cfc338b846decfda60,PR,6,76.33333333333333,15.661452546296298,0.0,782.2150570601121,4.833333333333333,0.0,5,9,458.0,50.888888888888886,20.59111111111111,3,2
d9bd94811c3338dceb4181f3dbc0c73e,SP,54,127.98185185185186,8.041346021947874,0.05555555555555555,334.5014026286091,4.796296296296297,0.037037037037037035,10,61,6911.02,113.29540983606559,12.640819672131148,20,5
e70053bf73d1b5863932e53a9fa47496,SP,7,575.0,13.455330687830687,0.0,680.6924735740175,4.285714285714286,0.0,5,7,4025.0,575.0,19.082857142857144,7,2
dbd66278cbfe1aa1000f90a217ca4695,SP,85,57.98705882352941,9.212389025054467,0.03529411764705882,402.676000854068,4.5058823529411764,0.023529411764705882,12,99,4928.9,49.78686868686869,15.594646464646464,18,5
e7d5b006eb624f13074497221eb37807,SP,28,124.24749999999999,11.165859375,0.07142857142857142,420.8051223300253,3.9285714285714284,0.21428571428571427,8,63,3478.93,55.22111111111111,11.76968253968254,8,2
6c9875b2f94ba781186f0c1aed8d1687,SP,2,12.5,4.057789351851851,0.0,372.00266973935226,5.0,0.0,2,4,25.0,6.25,9.5125,2,1
d63f306de130e0391d38a792541723b8,SP,1,49.0,3.3584722222222223,0.0,16.11218971217683,5.0,0.0,1,1,49.0,49.0,7.6,1,1
2f74af7a0ee5636f12c2336f9fffed47,SP,13,43.130769230769225,9.696574964387464,0.0,490.61145240632476,4.3076923076923075,0.07692307692307693,6,13,560.6999999999999,43.130769230769225,12.597692307692306,12,3
c7fdb77fdbff3c41981bc52f787e959e,SP,9,73.16444444444444,16.80525720164609,0.1111111111111111,848.7580277325887,3.5555555555555554,0.3333333333333333,5,11,658.48,59.86181818181819,15.152727272727274,8,1
04fdea0c111866e6cf812f1570d6b5bd,SP,8,108.125,18.002058738425927,0.125,1071.2179397118,3.5,0.25,7,8,865.0,108.125,21.66875,2,2
63b464dbf392c7b80d12d932fa7cafed,SP,36,183.94444444444446,13.07969971707819,0.05555555555555555,251.08355129168714,3.861111111111111,0.16666666666666666,8,38,6622.0,174.26315789473685,22.65368421052632,17,1
747c1cdcd1737dcfbd1547f6eb6f2cf3,SP,2,96.55,15.132824074074074,0.0,721.9920600859504,2.5,0.5,2,2,193.1,96.55,14.635,2,1
2b402d5dc42554061f8ea98d1916f148,BA,1,299.89,6.000300925925926,0.0,1470.645672997382,5.0,0.0,1,1,299.89,299.89,63.9,1,1
9c068d10aca38e85c50202e17b4a7e88,MS,17,156.40588235294118,16.52933142701525,0.17647058823529413,1057.5506593404748,4.125,0.1875,6,17,2658.9,156.40588235294118,26.466470588235296,13,1
7c67e1448b00f6e969d365cea6b010ab,SP,973,191.74722507708117,22.338337794050474,0.09146968139773895,543.8640680008729,3.4958634953464323,0.2543950361944157,24,1355,186570.05,137.690073800738,37.8130184501845,197,6
9ef932e837d8b7f392c0bfee9d359dc2,SP,1,59.9,36.47038194444445,1.0,960.0744515299693,3.0,0.0,1,1,59.9,59.9,19.66,1,0
d8bf0fc082fd4a77fc2e5679b6c00133,SP,1,139.9,7.092939814814815,0.0,52.80987450257778,5.0,0.0,1,1,139.9,139.9,9.14,1,1
66dc1b1632bd6a3e508510c5b3492107,SP,36,98.39416666666666,10.280148855452675,0.027777777777777776,626.8747666293734,3.638888888888889,0.25,11,41,3542.19,86.39487804878048,16.82219512195122,20,7
a7ecf689b40a44361e259b28939023e4,ES,1,389.0,10.922962962962963,0.0,467.70603976436604,5.0,0.0,1,1,389.0,389.0,21.91,1,1
939e6227d6964a11a70aa91243e418f2,MG,4,106.25,5.3417332175925925,0.0,201.6473237176257,4.25,0.0,1,4,425.0,106.25,15.8125,2,1
db1f0f7c7e5e87f40b62226f020bb297,PR,3,19.669999999999998,9.605447530864199,0.0,1111.8118388390017,4.666666666666667,0.0,3,3,59.01,19.669999999999998,21.573333333333334,3,1
91f0eec23d4a61d7d7caeefa3f0ad1ca,SC,11,199.16363636363639,26.144559132996633,0.2727272727272727,1050.753512178548,3.5454545454545454,0.2727272727272727,6,11,2190.8,199.16363636363639,32.22363636363636,2,1
edf3fabebcc20f7463cc9c53da932ea8,SP,1,219.9,21.082037037037036,1.0,821.8816154619338,4.0,0.0,1,1,219.9,219.9,24.12,1,1
b335c59ab742f751a85db9c411a86739,MG,30,83.137,16.15451427469136,0.03333333333333333,617.9572571377087,4.033333333333333,0.06666666666666667,7,31,2494.11,80.45516129032258,17.578387096774193,18,2
c24173065483e421f9e5e7f599de101d,SP,9,41.54555555555556,15.815204475308642,0.1111111111111111,679.1846420381405,3.5555555555555554,0.2222222222222222,7,9,373.91,41.54555555555556,13.033333333333333,4,1
01fdefa7697d26ad920e9e0346d4bd1b,PR,128,115.644765625,10.729679723668982,0.0546875,591.642047556881,4.377952755905512,0.05511811023622047,10,130,14802.53,113.8656153846154,21.002,21,1
d9e8c084b68fe958861d8f2c21202e6b,SP,9,338.8888888888889,10.330096450617283,0.0,281.346286199648,4.333333333333333,0.1111111111111111,4,12,3050.0,254.16666666666666,15.155000000000001,2,2
466222e777149751370e7e98fb623b0c,RJ,1,87.9,6.829317129629629,0.0,934.2400701471615,5.0,0.0,1,1,87.9,87.9,17.55,1,1
43f8c9950d11ecd03a0304a49e010da6,SP,41,103.64853658536586,11.497686314363143,0.04878048780487805,691.9736291733153,4.560975609756097,0.024390243902439025,13,41,4249.59,103.64853658536586,13.600731707317074,21,1
4450bd8327d471c4a11a83d1445b1b62,SP,1,199.0,7.305891203703704,0.0,381.1679360921185,5.0,0.0,1,1,199.0,199.0,15.56,1,1
257e61d3251fb5efb9daadddbc2cf7ca,PR,12,644.0833333333334,8.095081018518519,0.0,856.3781426902597,4.75,0.0,7,12,7729.0,644.0833333333334,89.765,12,2
5d76d80a2f5f39c891b996a1bf4c9853,SP,6,206.41666666666666,10.233966049382715,0.0,1021.4365918108,4.833333333333333,0.0,4,6,1238.5,206.41666666666666,28.541666666666668,5,3
e5def42655b7490edac5a56fe8e9e603,SP,1,129.9,5.83462962962963,0.0,90.56137309158615,5.0,0.0,1,1,129.9,129.9,11.52,1,1
091065b789659bc3cd9af9cb3a6253ff,RS,2,679.5,11.264837962962964,0.0,1331.6938634044518,3.5,0.5,2,2,1359.0,679.5,42.685,1,1
c74f14c1e26cf1bd5bd34b6a1e274426,SC,1,39.0,24.23091435185185,0.0,1155.4168644873507,5.0,0.0,1,1,39.0,39.0,16.79,1,1
c26a2be5b53b7db6b276280da212a779,RJ,13,575.5384615384615,14.082574786324786,0.0,843.5140162244636,3.3846153846153846,0.38461538461538464,9,18,7482.0,415.6666666666667,44.825,4,1
cfa5ab0e4d3fc212fd0b3410e7081c62,MG,15,318.7206666666667,11.974913580246914,0.0,515.5481263765543,3.8666666666666667,0.2,7,20,4780.81,239.0405,50.774,10,6
19d62d484cba71963c93f0f00ab42013,SC,1,139.9,13.946666666666667,0.0,787.3333798479891,4.0,0.0,1,1,139.9,139.9,22.69,1,1
6750d71153f00fc58829af2a8ef1bcf1,RJ,6,585.6666666666666,9.518886959876545,0.0,750.5169974615059,4.166666666666667,0.16666666666666666,4,6,3514.0,585.6666666666666,18.75,6,1
c60b801f2d52c7f7f91de00870882a75,SP,39,289.65384615384613,16.103873160018995,0.15384615384615385,625.0390804484623,3.4358974358974357,0.28205128205128205,14,39,11296.5,289.65384615384613,17.90871794871795,16,4
eeb6de78f79159600292e314a77cbd18,SC,82,530.62,12.164498786133695,0.036585365853658534,995.1165376413866,4.439024390243903,0.06097560975609756,17,83,43510.84,524.2269879518071,36.09698795180723,46,3
abe021b01ba992245271b9aa422032df,PR,2,3360.0,17.93034722222222,0.0,1771.5834571533617,3.5,0.5,2,2,6720.0,3360.0,58.620000000000005,2,0
5305693ffae2d3463377b1f6fe67b15a,SP,1,93.56,13.373368055555556,0.0,430.0126805862578,5.0,0.0,1,1,93.56,93.56,12.99,1,0
f049a72cf58fd31b11f8919cade515e7,SP,3,46.25,4.592179783950617,0.0,388.21492587760594,3.3333333333333335,0.3333333333333333,2,4,138.75,34.6875,8.06,3,3
e51f22821f0c12a16ad5c020cdcd55e9,SP,4,224.6775,10.324129050925926,0.0,709.0559846879776,4.75,0.0,3,4,898.71,224.6775,24.5325,4,1
a2a41aedb70551d4a85aa04dc2fced48,SP,2,26.395,8.864953703703703,0.0,357.5153061999125,4.0,0.0,2,2,52.79,26.395,13.47,1,1
4bf2f4ee540798a61f9636d12cd9cc80,SP,29,172.26068965517243,13.562493215197957,0.0,846.9982960990822,4.137931034482759,0.10344827586206896,11,30,4995.56,166.5186666666667,16.848333333333333,18,3
c0e0b73d039eb9a99b6ce4cb7a429cd3,SC,1,29.88,4.986238425925926,0.0,522.2556012332674,5.0,0.0,1,1,29.88,29.88,7.68,1,1
19484c79cef6c062cb177aa4ef2fcc3c,SP,1,201.9,21.42582175925926,1.0,129.8195138707596,1.0,1.0,1,1,201.9,201.9,10.16,1,1
25e6ffe976bd75618accfe16cefcbd0d,SP,106,108.98698113207548,10.152859997379455,0.02830188679245283,563.5088856557445,4.443396226415095,0.07547169811320754,16,115,11552.62,100.4575652173913,14.67113043478261,53,6
9dda5bbacd45e18d6485fee649205d09,MG,19,100.66315789473686,15.126162280701754,0.05263157894736842,482.27893275264415,4.105263157894737,0.15789473684210525,9,22,1912.6000000000001,86.93636363636364,23.03318181818182,18,2
2528744c5ef5d955adc318720a94d2e7,SP,5,1249.0,10.070645833333334,0.0,281.9797341143998,2.4,0.6,3,5,6245.0,1249.0,52.739999999999995,3,1
b8d890108a7a80e4f5d59eea9f362438,PR,2,44.849999999999994,13.931145833333334,0.0,209.42704223356054,3.5,0.0,2,3,89.69999999999999,29.899999999999995,11.530000000000001,2,1
2c9005d8043aff18b8557ffb7b13cda4,ES,1,109.9,7.852303240740741,0.0,618.2799757238002,5.0,0.0,1,1,109.9,109.9,19.74,1,1
062c325cd6a2b87845fab56b4ec2eeae,SP,2,66.61,5.495763888888889,0.0,50.52263076979965,5.0,0.0,1,2,133.22,66.61,11.93,2,2
1d8dbc4f32378d715c717c1c1fc57bae,PR,91,123.14274725274726,15.573892704517705,0.08791208791208792,710.5716283223427,4.056179775280899,0.14606741573033707,13,97,11205.99,115.52567010309278,21.49639175257732,25,1
fc906263ca5083d09dce42fe02247800,MG,112,39.44553571428571,9.399892836474868,0.0,699.1381903935303,4.392857142857143,0.08928571428571429,17,117,4417.9,37.75982905982906,15.857948717948718,17,3
1d2732ef8321502ee8488e8bed1ab8cd,RJ,4,287.0,12.174519675925927,0.25,220.6580008532437,3.0,0.25,3,5,1148.0,229.6,16.036,4,1
626ab1cd96932367f0eeec2e47046c12,SP,3,436.6666666666667,7.193283179012345,0.0,972.4562754326288,4.666666666666667,0.0,2,3,1310.0,436.6666666666667,26.823333333333334,3,2
a70e9066dbfd10b6b97a3f54a1356762,PR,2,858.0,18.28829861111111,0.0,395.31961840794327,5.0,0.0,2,4,1716.0,429.0,77.85,2,1
ce69a8021d18961dd2a40269b7c2c293,PR,19,253.57894736842104,10.203286427875245,0.05263157894736842,593.3732476467678,4.473684210526316,0.10526315789473684,9,19,4818.0,253.57894736842104,24.792105263157897,13,4
9596c870880d900012f2e8e6e30d06d7,MG,21,363.1119047619048,13.834508928571429,0.047619047619047616,489.0491387083406,4.285714285714286,0.047619047619047616,9,23,7625.35,331.53695652173917,75.92869565217391,11,4
4b98b0428fc1932cc2514ef9ce2505e6,SP,2,163.815,22.573813657407406,0.5,576.2859488329349,2.0,0.5,2,2,327.63,163.815,17.9,2,0
1da366cade6d8276e7d8beea7af5d4bf,MG,42,151.15690476190474,17.469218198853614,0.07142857142857142,630.178196011408,3.975609756097561,0.17073170731707318,10,48,6348.589999999999,132.26229166666664,35.166875,14,3
a3082f442524a1be452e3189e003b361,SP,3,100.53333333333335,11.537480709876542,0.0,1176.6473480975028,4.333333333333333,0.0,3,4,301.6,75.4,24.4125,3,1
a56a8043ebf66e42119618fb8cf232c6,SC,1,83.0,10.828888888888889,0.0,872.2672590238606,5.0,0.0,1,1,83.0,83.0,23.73,1,1
184725737946a1a938bbbd1a9e978103,SP,3,119.90000000000002,8.57604938271605,0.0,445.0601629882328,4.666666666666667,0.0,3,3,359.70000000000005,119.90000000000002,14.623333333333335,2,2
244b04680fdbded0acf5aebd9c92b44a,SP,2,850.9000000000001,38.01493055555555,0.5,289.3651394507975,1.0,1.0,2,2,1701.8000000000002,850.9000000000001,43.495,2,1
e96498ed8daaa3e9c23f7a62da76591c,SP,34,282.9144117647059,15.198311887254901,0.14705882352941177,788.1669084691763,3.9411764705882355,0.20588235294117646,13,34,9619.09,282.9144117647059,20.973529411764705,23,1
5741dc2bf5044c34d0698681c5081bed,SP,3,29.899999999999995,7.190243055555555,0.0,308.8197580710092,5.0,0.0,2,3,89.69999999999999,29.899999999999995,11.35,2,1
ad781527c93d00d89a11eecd9dcad7c1,SP,38,158.93763157894736,25.504659478557503,0.3157894736842105,770.2962809709882,3.3421052631578947,0.34210526315789475,13,38,6039.63,158.93763157894736,57.19710526315789,2,1
b5e3e38609125694d2ea2417522a60b7,SC,16,62.19,18.195497685185185,0.125,1023.6647776709186,4.3125,0.0625,10,17,995.04,58.53176470588235,17.714117647058824,10,1
bacb1f0ed56ad24198f5810d2b3fe9a5,SP,38,159.94868421052632,9.781034356725147,0.02631578947368421,587.6464959797828,4.324324324324325,0.08108108108108109,13,38,6078.05,159.94868421052632,20.253947368421052,20,3
980640c45d7a4635885491d077167e4d,SP,14,71.735,7.608943452380953,0.07142857142857142,540.6521874159992,4.642857142857143,0.0,6,14,1004.29,71.735,17.312142857142856,12,3
ae45ad30c2d2e5913094769690a239d2,SP,1,251.8,19.199479166666666,0.0,685.7451440282396,5.0,0.0,1,2,251.8,125.9,15.63,1,1
2cb98e27ce1c18abdb42209b34c382a7,SP,1,62.49,19.064525462962962,0.0,2095.8812494996346,4.0,0.0,1,1,62.49,62.49,57.21,1,1
2156f2671501a81034d7d07f217609d0,SP,21,138.54761904761904,15.281910824514991,0.14285714285714285,714.5213867082188,4.0,0.14285714285714285,11,21,2909.5,138.54761904761904,18.73761904761905,12,4
de0c78824586e9a5f5f04fd84e25df39,SP,14,177.80714285714288,6.626993220899471,0.0,392.27268575612914,4.642857142857143,0.07142857142857142,5,16,2489.3,155.58125,13.033125,4,1
128639473a139ac0f3e5f5ade55873a5,PR,527,22.383017077798858,14.34180035051655,0.04174573055028463,740.4701458998973,4.213051823416507,0.10556621880998081,22,554,11795.849999999999,21.292148014440432,17.472364620938627,66,6
0791d9fc1e30678ecf03d3e55fa108d3,MG,5,168.4,7.8056828703703705,0.0,479.904805404364,4.0,0.2,3,11,842.0,76.54545454545455,16.99909090909091,5,1
7a241947449cc45dbfda4f9d0798d9d0,MG,56,132.7617857142857,13.22058097718254,0.07142857142857142,371.48203951072173,4.1454545454545455,0.10909090909090909,10,66,7434.66,112.64636363636363,28.40878787878788,15,3
cfd7ddab722b902f7ac5b5f3ba6d723d,MG,12,282.0858333333333,5.445188078703704,0.0,478.67503365597594,4.75,0.08333333333333333,7,13,3385.0299999999997,260.38692307692304,51.77538461538461,8,5
0e72c1a751b496722a6cb1f10653b62a,SP,3,46.93333333333334,6.891940586419753,0.0,485.01504313707613,4.666666666666667,0.0,3,3,140.8,46.93333333333334,17.1,3,2
7e1fb0a3ebfb01ffb3a7dae98bf3238d,SP,155,168.83567741935482,15.558809662485066,0.11612903225806452,745.1576647947655,4.189542483660131,0.10457516339869281,21,169,26169.53,154.84928994082838,17.059704142011835,25,2
376a891762bbdecbc02b4b6adec3fdda,GO,57,112.38999999999999,12.221382594217024,0.03508771929824561,919.7487897148121,4.666666666666667,0.017543859649122806,20,58,6406.23,110.45224137931034,22.196551724137933,13,5
90b36c5aeb728d5504a39f435bef0c5f,SP,4,38.4725,11.74271412037037,0.0,612.1193616773263,5.0,0.0,4,4,153.89,38.4725,23.5,3,3
e76ecc7e9a1a1e3c6df9d2a8261c423d,MG,1,20.0,12.457060185185185,0.0,343.3907510426962,5.0,0.0,1,1,20.0,20.0,14.1,1,1
1dfe5347016252a7884b694d4f10f5c4,SP,20,81.625,18.90822974537037,0.25,630.6493762596857,3.4,0.3,7,26,1632.5,62.78846153846154,16.155384615384616,15,1
528bcf6680c36dddf07620bd35b33a6f,SP,2,484.99,21.278836805555557,0.5,1115.6480618016744,4.5,0.0,2,2,969.98,484.99,21.93,2,1
f114dca2828bf718548db175ebe2cfcd,PR,1,139.0,10.483483796296296,0.0,446.57031713005085,1.0,1.0,1,1,139.0,139.0,13.99,1,1
33dd941c27854f7625b968cc6195a552,ES,5,1357.5,11.700719907407407,0.0,816.6968048089514,4.4,0.2,4,5,6787.5,1357.5,76.182,1,1
579891617139df7d8671d373f0669622,RJ,8,35.0375,18.420879629629628,0.25,492.53173167145775,4.5,0.125,4,8,280.3,35.0375,16.025,7,2
48985c61529077fa4f1e38bcff0f2ed3,RS,7,125.61428571428573,10.342812499999999,0.0,1478.0652145605786,4.428571428571429,0.0,5,7,879.3000000000001,125.61428571428573,21.15285714285714,2,1
25c5c91f63607446a97b143d2d535d31,MG,156,347.4921794871795,14.471779736467237,0.07051282051282051,602.9656683631887,3.832258064516129,0.1935483870967742,19,266,54208.78,203.79240601503759,26.11248120300752,18,1
f205b1a3ca9a34e0f8a228bae6e4c7b3,RS,8,136.0,8.596142939814815,0.0,1278.2640797153101,4.875,0.0,4,8,1088.0,136.0,49.6125,7,1
d2374cbcbb3ca4ab1086534108cc3ab7,SP,514,40.712101167315176,14.613258034298891,0.05252918287937743,533.0584971509559,3.7799607072691552,0.1944990176817289,22,620,20926.02,33.75164516129033,15.232596774193548,111,4
ef728fa1f17436c91ed1ccd03dcf9631,SP,3,42.9,4.7905594135802465,0.0,388.7556153507906,4.333333333333333,0.0,2,4,128.7,32.175,14.53,4,1
1eade46fba20122dc4aefb379f8c636b,SP,58,62.67879310344827,12.37374361430396,0.1206896551724138,473.1162568994599,4.431034482758621,0.08620689655172414,13,75,3635.37,48.471599999999995,13.844533333333333,8,1
b9de031b671cd48b28fae9d828cbf2b4,SP,1,155.32,9.232627314814815,0.0,1708.2060252886688,5.0,0.0,1,1,155.32,155.32,43.37,1,1
6f835fd4be26989b1b064399da346143,PR,2,98.9,6.953078703703703,0.0,347.19868319077614,5.0,0.0,1,2,197.8,98.9,15.725000000000001,1,1
c9a06ece156bb057372c68718ec8909b,DF,11,349.90909090909093,11.487320075757577,0.0,663.0443770574293,3.3636363636363638,0.2727272727272727,4,11,3849.0,349.90909090909093,39.36000000000001,2,2
6b2612338467c08c9b25f0cc55b1578d,PR,1,92.9,16.55759259259259,0.0,444.04063019313367,4.0,0.0,1,1,92.9,92.9,20.97,1,1
40d54b51e962dbe09cabbcfd33298dee,SP,30,226.18533333333332,7.3339942129629625,0.0,324.84123164621883,4.0,0.2,7,31,6785.5599999999995,218.8890322580645,17.344838709677422,13,3
70c27847eca8195c983ed7e798c56743,RJ,77,156.85090909090908,11.206502675565176,0.06493506493506493,443.8483957666393,4.233766233766234,0.18181818181818182,14,98,12077.52,123.24000000000001,14.812857142857144,20,1
b98b715fe9e276204e2a3464f48cd796,SP,4,97.15,11.317511574074075,0.0,199.6470334196216,4.0,0.25,2,4,388.6,97.15,12.7325,2,1
0b1ca3ef18a63d7eb0c8897fa0849c08,SP,1,55.0,6.710289351851852,0.0,85.5196609778105,5.0,0.0,1,1,55.0,55.0,7.87,1,1
05d2173d43ea568aa0540eba70d2ca76,MG,62,92.89774193548386,15.022058878434887,0.04838709677419355,497.74984039278854,4.183333333333334,0.11666666666666667,11,66,5759.66,87.26757575757576,25.443484848484847,48,3
661ad5fcc28cdfb8bcadb12bb2272475,SC,4,52.4825,12.388914930555556,0.0,558.402512036358,5.0,0.0,2,7,209.92999999999998,29.99,17.111428571428572,1,1
999f6d9a1c7c81f43be44c6b7d076210,SP,2,14.0,4.6904918981481485,0.0,257.4657559746485,4.5,0.0,2,2,28.0,14.0,11.415,1,1
101a3a003516bc11253298b2fad3cb65,SP,5,90.0,6.493062499999999,0.0,323.76281479147485,4.8,0.0,2,6,450.0,75.0,12.333333333333334,2,2
b839e41795b7f3ad94cc2014a52f6796,SP,33,1297.8484848484848,6.671601430976431,0.030303030303030304,279.8731098036292,4.090909090909091,0.18181818181818182,6,36,42829.0,1189.6944444444443,25.58138888888889,10,3
a20d8058c866dbaeca014d2cd20ac62e,SP,2,597.0,23.55626736111111,0.0,886.971826963889,5.0,0.0,2,2,1194.0,597.0,22.45,1,1
6824a69c9ea0313eba299dd4a2dba09a,MG,6,111.14999999999999,4.810596064814815,0.0,270.57856802607563,4.666666666666667,0.0,3,7,666.9,95.27142857142857,16.740000000000002,6,3
058cb5aeb36d7c0fcae20fc85d5e0a59,RJ,11,112.36363636363636,10.088812079124578,0.09090909090909091,437.9219486099326,3.8181818181818183,0.18181818181818182,7,12,1236.0,103.0,62.318333333333335,7,1
48efc9d94a9834137efd9ea76b065a38,PR,33,10.472727272727273,10.793470468574634,0.0,62.54970161070539,5.0,0.0,3,34,345.6,10.164705882352942,9.423529411764706,17,8
218f991754f360af9c2daa5e0b8e990c,SP,14,253.88000000000002,13.861703869047618,0.14285714285714285,417.33966477753455,3.642857142857143,0.21428571428571427,5,17,3554.32,209.07764705882354,15.601176470588237,4,1
9261d76c62caaf0b24677c2ceb7f8f20,SC,6,161.45000000000002,7.901643518518519,0.0,695.231595883798,3.8333333333333335,0.0,4,7,968.7,138.3857142857143,35.362857142857145,4,1
a3b0df0065e264a91b7bbf5f844af5cd,SP,2,93.345,13.619450231481482,0.0,357.31276684789464,5.0,0.0,1,2,186.69,93.345,16.03,2,1
37dd29b36c458d82f74a953c40c43645,SP,7,648.1414285714285,18.456660052910053,0.14285714285714285,1116.4717402526974,3.857142857142857,0.2857142857142857,7,8,4536.99,567.12375,59.93,5,1
077c5fae4bea9500e3737b16f71b9d3a,SP,4,26.700000000000003,8.317737268518519,0.0,137.53377913380695,4.5,0.0,2,6,106.80000000000001,17.8,11.74,3,1
0dd184061fb0eaa7ca37932c68ab91c5,SP,161,114.57714285714285,11.830896882907751,0.10559006211180125,478.1463978545581,4.03125,0.1375,19,193,18446.92,95.57989637305698,27.56217616580311,11,3
5b35136197710e16ac5e7b7c2bd4ea85,RJ,7,443.4571428571429,18.389627976190475,0.2857142857142857,494.1479286316808,2.5714285714285716,0.5714285714285714,3,9,3104.2000000000003,344.91111111111115,27.34333333333333,5,1
60562ab00b8054280520d390c8c0045c,SP,17,173.11764705882354,10.181200980392157,0.0,693.799037792337,4.764705882352941,0.0,8,17,2943.0,173.11764705882354,17.88764705882353,5,1
1d29dfba02015238dfbe2449a5eaa361,MG,12,51.06666666666666,15.374400077160495,0.08333333333333333,389.1953682493581,4.5,0.08333333333333333,3,12,612.8,51.06666666666666,14.76,3,1
ad273c9eb54ecb4532de4bf75bae9e4e,PR,10,64.5,12.209924768518519,0.0,352.2025472827381,4.1,0.1,4,11,645.0,58.63636363636363,16.795454545454547,8,2
7813ea3ebd9411dc600b4dd01f7a97b9,SP,9,177.7111111111111,13.03318544238683,0.1111111111111111,871.0059691655335,3.888888888888889,0.2222222222222222,5,9,1599.4,177.7111111111111,16.287777777777777,8,2
559d56f3b8f0bc2e5a9a62fe2ce2a39f,SC,2,192.5,12.295746527777778,0.5,405.9310057789371,2.5,0.5,2,2,385.0,192.5,24.36,2,1
57df9869a600bd6b7c405f2a862eccfb,MG,5,25.0,7.28955324074074,0.0,295.3611958591908,4.4,0.0,3,5,125.0,25.0,14.442000000000002,1,1
777a0c55737f34ffeb78010f7542ab41,SP,6,75.41666666666667,4.23389274691358,0.0,487.91719059622557,4.333333333333333,0.16666666666666666,3,6,452.5,75.41666666666667,12.638333333333334,3,2
2aa3443d7bf9d9bb11133f420d75e083,RJ,10,64.7,10.573586805555555,0.2,494.95214547634134,3.0,0.4,6,10,647.0,64.7,13.412,7,3
c3867b4666c7d76867627c2f7fb22e21,SP,228,152.04780701754387,15.404736334470435,0.10964912280701754,620.3395410470098,4.079646017699115,0.15486725663716813,19,241,34666.9,143.84605809128632,19.474273858921162,96,1
0bae85eb84b9fb3bd773911e89288d54,SP,136,54.658529411764704,10.279241813044663,0.007352941176470588,597.1046299394549,4.294117647058823,0.0661764705882353,12,145,7433.5599999999995,51.265931034482755,20.048275862068966,45,13
35fb511489d9ee3ee27a76debce9df06,PR,7,59.214285714285715,16.808877314814815,0.14285714285714285,775.799375030342,3.5714285714285716,0.14285714285714285,5,7,414.5,59.214285714285715,24.612857142857145,4,1
df91910b6a03bb2e3358fa6a35e32f6f,SP,13,161.0153846153846,9.194750712250713,0.0,760.6782271147657,4.615384615384615,0.0,8,13,2093.2,161.0153846153846,27.924615384615382,4,1
dbdd0ec73a4817971d962698f2fea022,CE,16,399.0,12.651514756944445,0.0625,1246.5025345122065,4.375,0.125,8,16,6384.0,399.0,111.925,3,1
8ff38bc3969e67c36c48343a07090f66,SP,2,1736.0,16.915497685185183,0.0,853.0851877768505,2.5,0.5,2,8,3472.0,434.0,48.445,1,1
6e1862e15f33d9994bc25922a85e1efc,SP,7,95.49857142857142,3.7872585978835978,0.0,299.2874397649463,4.428571428571429,0.14285714285714285,3,12,668.49,55.7075,9.235833333333334,7,2
058fd0aa2bfdb2274e05e1ae971dabb6,SP,60,125.83166666666666,10.141677469135802,0.06666666666666667,486.27544720402926,4.383333333333334,0.1,12,63,7549.9,119.83968253968253,13.95047619047619,11,2
f615fe7efbef0f4f08fd3086bc7a3e60,SP,22,93.69863636363635,7.562038089225589,0.09090909090909091,463.2423044318544,4.5,0.13636363636363635,5,23,2061.37,89.62478260869565,16.074347826086957,17,4
aa1eb17b9fdf6dfd546e25c45c7b9235,SP,3,39.33,7.751797839506172,0.0,113.0137292697848,4.666666666666667,0.0,2,4,117.99,29.4975,9.067499999999999,2,1
07bf9669d84d1f11be443a9dd938f698,SP,18,98.66666666666667,8.355687371399178,0.0,622.0692221946151,3.7222222222222223,0.2777777777777778,9,24,1776.0,74.0,26.925833333333333,11,2
08633c14ef2db992c11f840f04fad4cd,SP,74,103.30135135135136,9.956255943443443,0.05405405405405406,570.9825877597391,4.364864864864865,0.06756756756756757,13,97,7644.3,78.80721649484536,14.685773195876289,16,5
b0398568231ba5e6734af1881671a317,ES,4,164.1925,13.211869212962963,0.0,804.5124252890816,4.0,0.25,3,4,656.77,164.1925,28.3375,3,3
f419677537694f0462a91990df6ca44f,SP,6,36.75,14.250243055555556,0.16666666666666666,522.1823721156774,4.0,0.16666666666666666,3,6,220.5,36.75,13.13,6,0
e88c9b79e592e370d6bd852eeefbf057,PR,8,31.48375,8.435091145833333,0.0,699.9253091382651,4.75,0.0,4,9,251.87,27.985555555555557,15.79,7,1
70bf57d811208f8923b41bbd499a67a4,SP,7,111.54285714285716,4.817481812169312,0.0,151.80759891296793,4.142857142857143,0.14285714285714285,2,7,780.8000000000001,111.54285714285716,12.704285714285716,3,2
8c0de775f52fe41590b376a3b7c50f68,SP,8,74.35000000000001,6.2137239583333335,0.0,384.00593969510464,4.25,0.0,4,8,594.8000000000001,74.35000000000001,14.09,6,1
7a91bf945c6fae0779f1c61ce97fe45c,RJ,4,158.65,43.84916666666667,0.25,756.3258604381765,4.5,0.0,4,4,634.6,158.65,16.2925,3,1
6dc9bec584588412a6a338830946a3e4,SP,1,280.0,21.719467592592594,0.0,1875.7755487691286,2.0,1.0,1,1,280.0,280.0,84.96,1,1
b19c48688808720822399ffa9f2dbe2f,SP,1,959.99,6.303900462962963,0.0,899.962047285474,5.0,0.0,1,1,959.99,959.99,24.82,1,1
5b8154610ebb21fb90eb587365e673df,SP,37,244.5418918918919,13.051636636636637,0.10810810810810811,409.5925379794485,4.162162162162162,0.13513513513513514,8,40,9048.05,226.20125,26.21675,17,5
bb2afe2061d53c6968aa0cffa233a8ec,SP,5,109.88,4.431162037037037,0.0,409.1607602065943,4.8,0.0,4,6,549.4,91.56666666666666,15.770000000000001,4,1
1cbdc7cf130a41fd13a3c2a7d2fcfda7,MG,2,82.9,8.690578703703704,0.0,353.13709814279923,5.0,0.0,2,2,165.8,82.9,29.905,1,1
fb89df7f89fd1b8f03fa2acca1ba7364,PR,22,100.9090909090909,16.15063710016835,0.09090909090909091,846.0615779369838,3.8636363636363638,0.18181818181818182,8,25,2220.0,88.8,18.6972,10,1
b18871c324516afa228a13e8f1ef0ae9,SP,9,118.28888888888888,8.933315329218107,0.1111111111111111,235.10363538406804,3.4444444444444446,0.4444444444444444,3,23,1064.6,46.28695652173913,10.6,5,1
17ca9b9e9b9ef8fdb529001b49ebb50f,MG,115,83.91182608695652,8.242504428341384,0.008695652173913044,547.5411570467966,4.069565217391304,0.1391304347826087,15,128,9649.86,75.38953125,18.35125,46,4
3f0e48d209018b466fcd3bb4ccfeb520,PR,9,599.8888888888889,9.594345421810699,0.0,836.2611805448993,3.888888888888889,0.2222222222222222,4,10,5399.0,539.9,25.58,3,1
9add47bf45ce8e8c7db6b9cf670b1e09,PR,41,112.35219512195123,12.248760444896115,0.024390243902439025,759.8993663928716,4.225,0.075,11,43,4606.4400000000005,107.12651162790699,25.18046511627907,11,6
acce39e832338debb07b02385cde5967,MG,44,107.91136363636365,7.04824626473064,0.0,608.819705971585,4.4772727272727275,0.06818181818181818,10,44,4748.1,107.91136363636365,26.717272727272725,30,2
397c4d0c005b6f41f90098ac724e28cb,SP,5,1635.4,16.082599537037037,0.4,829.6059222758892,4.4,0.0,5,5,8177.0,1635.4,89.074,4,4
b2c97074649f92197d9387d9033dda5f,SP,10,68.471,12.233510416666666,0.1,1085.5406708957084,4.7,0.0,8,11,684.71,62.24636363636364,25.39727272727273,9,2
f262cbc1c910c83959f849465454ddd3,SP,189,53.96751322751323,9.112147143836959,0.07407407407407407,355.5585884073206,4.180851063829787,0.13829787234042554,17,204,10199.86,49.9993137254902,12.03450980392157,80,9
c113b8df1fc375bc3d73d29c1b1144d1,SP,3,111.0,6.7548109567901236,0.0,666.6335505345984,4.333333333333333,0.0,3,5,333.0,66.6,13.574000000000002,2,0
bd65d163ded559eb90a10cd09fec178f,SP,1,19.8,4.471331018518518,0.0,77.20697066390368,4.0,0.0,1,2,19.8,9.9,9.34,2,1
720e6cf846ea7572cbb66b743fb91e6c,SP,1,54.0,16.14633101851852,0.0,653.7766252688255,5.0,0.0,1,1,54.0,54.0,14.55,1,1
8f580d36c1e9d6fbce95283403c7d447,SP,8,601.65625,12.273006365740741,0.125,360.4185351425891,4.375,0.125,2,8,4813.25,601.65625,22.51875,7,1
be7a093e5b4d147b36b72bb1f9e415e5,PR,1,60.9,5.3288773148148145,0.0,1118.463388899067,5.0,0.0,1,1,60.9,60.9,22.36,1,1
cb4a705d00e100b9732d0ca34817d441,SC,1,998.0,24.12673611111111,0.0,2200.3212678032555,1.0,1.0,1,2,998.0,499.0,41.28,1,1
f266295f49a28eee21f413e0cbb0521d,PR,2,74.9,12.08870949074074,0.0,693.9434948584702,4.5,0.0,2,2,149.8,74.9,14.07,2,2
31eec405c9bb71dec8e2629a92e764fa,ES,5,51.378,8.572550925925926,0.0,1140.4408902848722,4.6,0.0,4,5,256.89,51.378,34.048,5,5
6235903333ba7de1928c869e268e5964,SC,1,94.06,4.974247685185185,0.0,600.6283552025359,5.0,0.0,1,1,94.06,94.06,41.42,1,1
c360e4787614ed31ac7a2f95d3b22dc6,SP,1,188.9,12.66162037037037,0.0,240.91368140640495,2.0,1.0,1,1,188.9,188.9,30.05,1,1
1e47d8b6546eb3a77b1acddcc9406242,SP,1,149.9,35.493993055555556,0.0,613.6140225379187,1.0,1.0,1,1,149.9,149.9,16.81,1,1
cf1313c6e2c01c2f4b014f97db4bcd2b,RJ,5,63.14000000000001,8.240326388888889,0.0,464.497868988639,5.0,0.0,4,5,315.70000000000005,63.14000000000001,16.259999999999998,3,2
14ee35374a7876217954b5fa08e50463,SP,6,134.83333333333334,17.1668074845679,0.16666666666666666,452.15959053898274,4.333333333333333,0.0,3,6,809.0,134.83333333333334,19.008333333333333,2,1
8fe8786ee000001ab51d030dfd4a7bf1,SC,5,451.0,15.866671296296294,0.0,957.2842526661645,4.6,0.0,5,5,2255.0,451.0,40.288,2,1
e72b4feb7abe210c52aa667abc25a3a2,SP,1,38.2,4.149236111111111,0.0,15.816703970314515,5.0,0.0,1,2,38.2,19.1,8.72,1,1
373ee4a3a775a733770ca3f790b8b9ac,RJ,13,164.73,10.008915598290598,0.07692307692307693,199.58367506913967,3.923076923076923,0.23076923076923078,4,22,2141.49,97.34045454545453,13.196363636363635,9,5
432c37c9dfba871172ec162e20118b8c,DF,44,60.906136363636364,14.598831281565657,0.09090909090909091,846.5505697798296,4.25,0.11363636363636363,14,55,2679.87,48.72490909090909,16.998727272727272,16,6
daf565f087a52def0fd5c5825b3661bc,SC,9,90.43333333333334,9.307821502057614,0.0,882.5233676467801,3.625,0.375,4,9,813.9000000000001,90.43333333333334,34.214444444444446,5,1
ea3ebea5317b0efbc663ecc8ce5e9bc2,SC,3,99.90000000000002,9.390617283950617,0.0,631.4381943479339,4.0,0.0,3,3,299.70000000000005,99.90000000000002,19.216666666666665,3,1
1fe61aa5494bd3ae92a2c13e067c810f,SC,1,537.76,7.990543981481482,0.0,530.1464930654099,4.0,0.0,1,2,537.76,268.88,50.41,1,1
e9511df20ccd82658a30c37b7fb343af,SP,22,95.3,9.756910774410775,0.0,584.8180666372768,4.318181818181818,0.09090909090909091,8,30,2096.6,69.88666666666667,24.216666666666665,9,2
4c8545742faaf58fafd5fd14d25d75cf,SP,4,755.0,9.968619791666667,0.0,584.8698853696377,4.5,0.0,3,4,3020.0,755.0,49.0775,4,2
27a56ff04b34c2ba34ce6ba4d3b9d616,SP,8,43.661249999999995,12.881733217592593,0.125,432.15493397204693,4.125,0.125,5,8,349.28999999999996,43.661249999999995,12.8725,7,2
888faa8bfb0b159c37de6d898b961c31,SC,19,127.27894736842104,8.450792519493177,0.0,737.8019756118127,4.2105263157894735,0.10526315789473684,6,23,2418.2999999999997,105.14347826086956,22.900000000000002,14,8
0aa2205ca24f113f4658a5c536667426,SP,4,203.905,8.79331597222222,0.0,337.90786327187647,4.0,0.25,3,11,815.62,74.14727272727272,15.68,3,1
432c67955c0acd1fd6b0b5d678766a71,SP,1,389.0,6.682824074074074,0.0,408.5705271312877,5.0,0.0,1,1,389.0,389.0,60.65,1,1
d8c7ba53e7e38711eaef8c2849d6d2e1,PR,22,54.13045454545454,8.109704335016835,0.0,772.1124268173044,4.5,0.0,7,22,1190.87,54.13045454545454,27.157727272727275,6,3
8a43128d7f9a3db592b866e6861a6cce,SP,3,330.2,6.244818672839506,0.0,295.00915291828306,2.3333333333333335,0.6666666666666666,3,4,990.5999999999999,247.64999999999998,16.9725,3,3
7cb946b1ad19faebe28c3e86c2794ec3,MG,1,25.0,18.151435185185186,0.0,414.87708276610095,5.0,0.0,1,1,25.0,25.0,15.1,1,1
6338ea67c41078a46ad99cc009654956,RS,37,61.78621621621622,13.19280155155155,0.0,1018.9628551311052,4.6,0.05714285714285714,11,44,2286.09,51.95659090909091,21.00681818181818,21,1
6c12e40690c335dbc2f68a4134d30dc1,PR,16,571.2,13.344157262731482,0.0,487.45184465747684,4.071428571428571,0.14285714285714285,7,18,9139.2,507.73333333333335,26.947777777777777,12,3
65febd49fd28ec955651299159b1f527,SP,33,125.35484848484849,6.6798937289562295,0.0,315.2446391254938,4.454545454545454,0.09090909090909091,7,38,4136.71,108.8607894736842,24.965,14,1
9a84ba99f5367fdbd4598363496f1ea2,GO,15,148.22533333333334,10.512725308641977,0.0,853.9946172858763,3.8,0.13333333333333333,5,15,2223.38,148.22533333333334,27.671333333333333,3,1
954e95f20808d7e5d11f0de292d078e0,MG,3,52.92666666666667,9.138657407407408,0.0,644.8064937697576,4.666666666666667,0.0,2,4,158.78,39.695,29.794999999999998,2,0
fb503a924a0b9db19d83dd0ac6dbef8c,RS,1,13.9,6.547800925925926,0.0,1065.8233758495194,5.0,0.0,1,1,13.9,13.9,17.92,1,1
4ba52dfeba874da5b9ee7b17c7494f04,SP,11,133.0,10.621666666666668,0.09090909090909091,797.1991575524938,4.363636363636363,0.09090909090909091,8,11,1463.0,133.0,18.62818181818182,11,1
5b581417df4480f632484ba681e53944,SC,11,149.23636363636362,18.4114898989899,0.18181818181818182,1030.680604155733,3.727272727272727,0.18181818181818182,8,12,1641.6,136.79999999999998,47.70083333333333,9,2
d0d70d21e2234dd7cd3cf63fe414148a,PB,8,74.8,9.144545717592592,0.0,1439.8437525641386,4.25,0.125,6,9,598.4,66.48888888888888,40.73222222222222,6,1
c7c7b2682c648339a0e9846bb1023a39,SP,2,84.0,10.275578703703705,0.0,245.77473484662536,4.5,0.0,2,3,168.0,56.0,10.56,2,0
06e5eefc71ec47ae763c5c6f8db7064f,RS,90,240.5407777777778,10.933133744855967,0.0,1190.4447277893864,3.977272727272727,0.13636363636363635,15,93,21648.670000000002,232.7813978494624,23.136021505376345,34,6
28ea411b354f14b1a494be4e79f0ce02,SP,6,136.66666666666666,8.916840277777778,0.0,221.7586594291855,4.666666666666667,0.0,3,6,820.0,136.66666666666666,12.821666666666667,6,2
2a6fbeaa7ab9e5d59a35841a8da71ce4,SC,30,54.42633333333333,14.512402777777776,0.06666666666666667,657.9864101698792,3.9310344827586206,0.1724137931034483,9,30,1632.79,54.42633333333333,21.083000000000002,10,4
77fccaae319668a8ab6cd0fd16aec48c,RJ,11,151.54545454545453,9.411440446127946,0.0,484.53652951996264,4.454545454545454,0.09090909090909091,4,12,1667.0,138.91666666666666,18.453333333333333,5,3
3fadb4cba4c35bce6a7eaf9872d5623a,RS,3,69.83333333333333,9.260574845679013,0.0,508.7456235016166,3.3333333333333335,0.3333333333333333,2,5,209.5,41.9,13.604000000000003,1,1
1987cd4be10fe09ee50454f9c354d1c6,MG,14,205.54999999999998,15.318574735449735,0.07142857142857142,533.344746608998,4.357142857142857,0.07142857142857142,6,16,2877.7,179.85625,16.095625000000002,7,1
aae5e7b457a3c72ee230a47d98fceda5,PR,5,120.96,11.924442129629629,0.0,1011.3548609274897,4.2,0.0,4,7,604.8,86.39999999999999,20.110000000000003,2,1
2d22fc3089eb907b29ebff50581fb472,RJ,3,105.90000000000002,9.620108024691358,0.0,662.8767736099388,3.6666666666666665,0.0,3,3,317.70000000000005,105.90000000000002,19.896666666666665,1,1
ff1fb4c404b2efe68b03350a8dc24122,SP,46,147.19565217391303,10.30743332326892,0.13043478260869565,567.3622809346238,4.0,0.17391304347826086,11,49,6771.0,138.18367346938774,18.28469387755102,21,6
817f85dbb65aa3e70831d90fe75cdf89,SP,11,141.11545454545455,18.119800084175083,0.0,585.0377778570087,4.545454545454546,0.0,5,11,1552.27,141.11545454545455,21.05636363636364,6,2
2b5ed0c9139dae8883a200dfcb272ece,SP,4,21.3525,16.871241319444444,0.25,383.07194006240917,4.25,0.0,2,4,85.41,21.3525,14.835,1,1
86bf77bdb52e615674772d5817c6212f,RS,4,70.45,7.522086226851852,0.0,612.6503046962446,4.75,0.0,3,5,281.8,56.36,19.516,3,2
9b1585752613ec342d03bbab9997ec48,RJ,3,1416.3266666666666,8.091628086419753,0.0,720.2540921468558,3.6666666666666665,0.3333333333333333,2,3,4248.98,1416.3266666666666,33.35333333333333,3,2
9b00cad94ef3078faf6fba2e792c158f,MG,1,354.9,19.39923611111111,0.0,1500.1036330768316,5.0,0.0,1,1,354.9,354.9,18.92,1,1
6860153b69cc696d5dcfe1cdaaafcf62,SP,74,51.72472972972973,10.249410660660661,0.08108108108108109,387.6114660563707,4.095890410958904,0.1506849315068493,10,84,3827.63,45.56702380952381,17.745238095238093,22,3
903037660cf848a717166eb7a06d616e,SP,44,180.345,11.836257628367003,0.11363636363636363,491.87570571840655,3.9545454545454546,0.18181818181818182,11,59,7935.18,134.49457627118645,18.37271186440678,35,4
f08c008c8a8d31417763738a1788a2a8,PR,20,60.596000000000004,19.362635416666667,0.15,1192.8986054737857,3.4210526315789473,0.2631578947368421,10,21,1211.92,57.71047619047619,18.67047619047619,3,1
bf3c6d2a28b2b5501e6c15448982dcc9,SP,35,113.04285714285714,11.815347552910053,0.02857142857142857,760.2931337582369,4.6,0.02857142857142857,14,43,3956.5,92.01162790697674,16.084883720930232,10,2
e99e927c81e3f51739c94fcdfca9f10f,MG,21,123.70714285714286,14.581565255731922,0.047619047619047616,688.4124376795011,3.7142857142857144,0.19047619047619047,6,24,2597.85,108.24374999999999,26.628333333333334,6,3
49cdc90518a4f82676b38b3c1aa43ff6,SP,5,307.9,5.732277777777777,0.0,622.9281232454266,3.8,0.2,3,5,1539.5,307.9,16.522,5,3
066a6914e1ebf3ea95a216c73a986b91,PR,66,135.7027272727273,13.309240495230078,0.030303030303030304,952.8335373425332,4.090909090909091,0.12121212121212122,10,72,8956.380000000001,124.39416666666668,22.988611111111112,44,7
3cfa1358a6caa965278721344c8d76f2,SP,5,628.0559999999999,6.302104166666666,0.0,235.8628277593221,4.8,0.0,2,5,3140.2799999999997,628.0559999999999,16.25,4,2
6d66611d7c44cc30ce351abc49a68421,SP,164,81.88170731707318,12.028336862014454,0.054878048780487805,566.4842452434361,3.9691358024691357,0.15432098765432098,19,174,13428.6,77.17586206896551,18.48655172413793,59,6
e48cc16ab70bfa09e1401740dce0b3d7,SP,14,77.48785714285714,14.687196593915344,0.0,866.3089071189886,3.5714285714285716,0.2857142857142857,9,17,1084.83,63.813529411764705,19.194117647058825,9,1
da20530872245d6cd9d2f5725613c430,RS,2,157.48000000000002,10.269930555555556,0.0,710.2144149571235,4.5,0.0,2,3,314.96000000000004,104.98666666666668,26.419999999999998,2,1
3d8fa2f5b647373c8620330c4e077a9f,SP,42,83.3747619047619,9.113136849647267,0.023809523809523808,485.6438823426265,4.2317073170731705,0.12195121951219512,10,47,3501.74,74.50510638297872,16.8931914893617,11,6
57d2ba47f7a3209aa347532ae75c1165,SC,2,159.0,15.687424768518518,0.0,453.3746150844806,4.0,0.0,2,2,318.0,159.0,70.12,2,1
76d5af76d0271110f9af36c92573f765,SP,128,249.5671875,11.918459382233797,0.09375,461.7946864482059,4.133858267716535,0.14173228346456693,15,155,31944.6,206.0941935483871,24.43264516129032,81,7
729f06993dac8e860d4f02d7088ca48a,SP,94,211.5444680851064,11.75012854609929,0.09574468085106383,454.34307916540394,4.21505376344086,0.10752688172043011,16,113,19885.18,175.97504424778762,43.478672566371685,17,2
9e9b539eb2806acee3f5c28085c1db9f,MG,3,322.3333333333333,24.787878086419752,0.3333333333333333,1142.152033801173,3.6666666666666665,0.3333333333333333,3,3,967.0,322.3333333333333,24.156666666666666,3,2
b77a27b1864483e721dc831d5ba4afa0,RJ,1,20.9,8.473414351851853,0.0,313.8453352831182,5.0,0.0,1,1,20.9,20.9,14.52,1,1
41c9d3997dd3c072c31139dc5bb5761f,MG,3,332.93333333333334,22.206986882716052,0.0,1371.1573558727748,4.333333333333333,0.0,3,3,998.8,332.93333333333334,37.24666666666667,1,1
700f03c207639c22d933381ff60b35c2,SP,4,297.46500000000003,29.76735821759259,0.5,515.2904485491492,4.0,0.25,2,4,1189.8600000000001,297.46500000000003,34.1125,3,1
762fafdaa57a532ee0119731697579dd,SP,5,41.339999999999996,4.124875,0.0,70.87085977797344,5.0,0.0,1,5,206.7,41.339999999999996,10.834,4,2
50770d25768b0486d89be26afca3108f,SP,6,28.62833333333333,13.481597222222222,0.16666666666666666,373.1624455391109,4.0,0.16666666666666666,4,6,171.76999999999998,28.62833333333333,12.681666666666665,5,1
b3b17aab11f273023a5f22ca52e1eb70,PR,7,978.5714285714286,16.551684854497356,0.14285714285714285,833.6061188249857,4.857142857142857,0.0,4,13,6850.0,526.9230769230769,36.565384615384616,7,1
b19f3ca2ea475913750f25a5c37c8d8f,MG,19,219.69263157894736,18.389999390838206,0.3157894736842105,441.4675710479586,3.263157894736842,0.3684210526315789,6,19,4174.16,219.69263157894736,52.76263157894737,15,2
6179a28a13a726c29b3bf54c070dccab,MG,1,300.0,25.23008101851852,0.0,2715.750010496488,5.0,0.0,1,1,300.0,300.0,61.27,1,1
cc419e0650a3c5ba77189a1882b7556a,SP,1651,61.23013930950938,11.586278377863023,0.052695336159903086,609.0011674598736,4.151993523578223,0.12750455373406194,26,1719,101090.95999999999,58.80800465386852,14.453769633507854,37,4
0df3984f9dfb3d49ac6366acbd3bbb85,MG,86,115.01732558139534,9.545799956933678,0.011627906976744186,691.1711136584576,4.383720930232558,0.09302325581395349,17,88,9891.49,112.40329545454546,16.852840909090908,25,2
7008613ea464bad5cb9b83456e1e6a8f,SC,123,61.29024390243902,14.4758306044866,0.04878048780487805,726.7545359627791,4.278688524590164,0.07377049180327869,15,152,7538.7,49.59671052631579,19.403552631578947,19,1
7f152321c60a266edc53af1925ef96c1,SC,20,195.99,23.469773148148146,0.3,1238.4604110536989,3.8,0.25,8,20,3919.8,195.99,27.606,3,1
c4fb51fb1c5b7c07bc5e67be6e7e8f6e,PR,15,104.52666666666667,16.625010030864196,0.13333333333333333,990.2522981399765,3.533333333333333,0.2,5,16,1567.9,97.99375,34.919375,5,5
52ac6f920b7280e4c6d30dd94de6259b,PR,6,942.8833333333333,12.983881172839508,0.0,716.9725926012875,3.6666666666666665,0.16666666666666666,3,7,5657.3,808.1857142857143,103.79857142857144,5,1
7d7d2b7a51328016102d4528c411d630,SP,7,131.25714285714284,10.281992394179895,0.14285714285714285,512.3552762344622,4.142857142857143,0.14285714285714285,5,7,918.8,131.25714285714284,25.72142857142857,5,2
9e94fa26a70ede4d26226e918e8706a2,SP,1,62.8,5.644328703703704,0.0,3.479333862648951,5.0,0.0,1,1,62.8,62.8,9.94,1,1
eddd1991bd6d9309995a480c39b95137,PR,2,300.5,14.754149305555556,0.0,324.5228169752527,3.5,0.0,2,2,601.0,300.5,35.775000000000006,2,0
994f04b3718c2bab35c2adfa8afecd2a,SP,47,69.99574468085106,14.034709663120568,0.06382978723404255,444.045444332371,4.297872340425532,0.0425531914893617,11,55,3289.8,59.81454545454546,13.72090909090909,25,3
3f3486b61f45078d4f31ee5e43d8c5bb,SP,39,96.65974358974358,13.880131469610637,0.10256410256410256,545.7090426716138,4.333333333333333,0.07692307692307693,9,39,3769.73,96.65974358974358,22.65128205128205,12,3
5db42a6cd9bf1bf0d3aab9582767f168,ES,1,200.0,16.873449074074074,0.0,1525.279932874943,5.0,0.0,1,1,200.0,200.0,19.33,1,1
a06c8ff043abea0528ee44171e2140a2,MG,8,64.3125,3.879386574074074,0.0,278.38362755475623,4.75,0.0,3,8,514.5,64.3125,11.553749999999999,6,3
6b3bd31ad8fcda4b2635ec9f3ff2ecdf,RJ,35,116.11142857142858,13.211791666666667,0.08571428571428572,555.0008335508478,4.085714285714285,0.17142857142857143,11,42,4063.9,96.75952380952381,17.570714285714285,19,2
977f9f63dd360c2a32ece2f93ad6d306,SP,23,118.69869565217392,12.798381642512076,0.08695652173913043,551.7589158354792,3.869565217391304,0.17391304347826086,8,24,2730.07,113.75291666666668,37.16041666666667,18,1
2c43fb513632d29b3b58df74816f1b06,MG,3,286.0,4.594564043209877,0.0,388.4911924160734,3.6666666666666665,0.3333333333333333,2,3,858.0,286.0,24.05666666666667,3,2
910a922b426b7ff95eaee129ad6c0e1f,SP,2,59.9,14.63134837962963,0.0,512.0488969751062,5.0,0.0,2,2,119.8,59.9,15.58,1,1
d9442042130b7fe579d1295f9f4a248f,SP,19,40.64,10.679895833333333,0.05263157894736842,275.30202158509417,4.368421052631579,0.10526315789473684,5,22,772.16,35.098181818181814,15.403636363636364,8,4
da2782c804606d2a5d8e1760dbb3e7ec,SP,1,89.0,32.77846064814815,1.0,355.6977020889824,1.0,1.0,1,1,89.0,89.0,14.37,1,1
ce248b21cb2adc36282ede306b7660e5,SC,64,211.87796875,15.71954517505787,0.078125,705.7345080375385,4.234375,0.125,14,65,13560.19,208.6183076923077,29.154,36,8
5b0cc932433fa5184b5b94bfe6bcc256,SP,12,119.81666666666666,11.838533950617284,0.25,522.4501018236313,3.5833333333333335,0.3333333333333333,4,17,1437.8,84.5764705882353,32.722941176470584,4,2
7ff588a03c2aeae4fbd23f9ae64b760d,SP,14,84.44285714285715,4.787471064814815,0.0,497.07059349612365,4.642857142857143,0.07142857142857142,6,16,1182.2,73.8875,13.82375,11,1
08cdbae123ff67ca4e36d9d641ce0119,MG,4,774.7475,24.25667534722222,0.5,719.2108969484194,3.25,0.5,3,6,3098.99,516.4983333333333,182.745,3,1
7ad32824caee82087b3e2e5f33b1bf32,SP,147,149.7829931972789,12.115531934996222,0.1292517006802721,477.0665290088033,3.861111111111111,0.19444444444444445,12,180,22018.1,122.32277777777777,19.320555555555554,74,1
de722cd6dad950a92b7d4f82673f8833,PE,337,163.57952522255195,12.683839295526981,0.03560830860534125,1575.3865112126011,4.303571428571429,0.09226190476190477,24,377,55126.3,146.2236074270557,25.597586206896548,7,2
70849ca4f400aaabb62cb7462a6f1428,MG,12,75.79833333333333,10.915981867283952,0.16666666666666666,506.3472679050094,4.416666666666667,0.08333333333333333,5,12,909.58,75.79833333333333,19.471666666666668,9,5
b16d3dadc47d4eb18be3d88bad0775ce,RS,10,72.21000000000001,6.42946875,0.0,579.8375096326713,4.3,0.1,5,11,722.1,65.64545454545454,16.221818181818183,10,3
5c3460cd3e8a984382ae254e7dd20d9f,SP,9,86.19555555555556,9.911150977366255,0.0,689.2164900386756,4.666666666666667,0.0,5,10,775.76,77.576,19.854,5,1
22c32ec35d0116ef02c281798a25bf8b,PR,4,29.895,11.45622974537037,0.0,635.0343163548669,3.75,0.0,3,6,119.58,19.93,15.071666666666667,2,1
8d46553a36e68f95350a200c12f8f2e2,SP,9,73.33333333333333,17.568221450617287,0.0,314.63766274262866,4.222222222222222,0.0,4,11,660.0,60.0,14.291818181818183,6,2
45ba18c210d42734ec52c0c1c574e9ee,SP,35,145.6982857142857,7.457757275132276,0.05714285714285714,423.98371575514534,4.114285714285714,0.14285714285714285,9,38,5099.44,134.1957894736842,24.324473684210524,27,8
10cdd491d1dbea8fb4ead97b19c334ce,MG,3,69.63333333333334,7.089984567901234,0.0,828.2265229574474,5.0,0.0,2,3,208.9,69.63333333333334,26.286666666666665,2,1
dc317f341ab0e22f39acbd9dbf9b4a1f,RS,55,345.24363636363637,12.409295244107744,0.05454545454545454,1054.8177222821698,4.1454545454545455,0.16363636363636364,8,58,18988.4,327.38620689655176,61.75396551724138,7,3
fe9d9cf8631285d5982c6e2cf27fb114,MG,1,69.9,4.90292824074074,0.0,1089.9331321155337,4.0,0.0,1,1,69.9,69.9,23.64,1,1
d93844a9c55ba7ce353388bcf849ea56,PR,12,225.70833333333334,16.796326195987657,0.0,1100.5187868327225,4.25,0.08333333333333333,8,14,2708.5,193.46428571428572,37.215714285714284,12,1
52b53f7061969fe471d119b6195da864,SP,1,90.0,3.333136574074074,0.0,34.1254035125344,5.0,0.0,1,1,90.0,90.0,8.37,1,1
1b8356dabde1d35e17cef975c3f82730,SP,55,61.20727272727273,10.540133417508416,0.01818181818181818,619.1207265679769,4.218181818181818,0.09090909090909091,13,60,3366.4,56.10666666666667,16.1705,14,4
43402bdf22aa2310e8f99e2f94f78628,SP,4,162.4875,16.566171875000002,0.0,156.68436176127582,2.5,0.5,2,5,649.95,129.99,37.43,3,2
f44bdc12aa39f5271f0b95f66cd4c289,SP,5,71.5,11.502087962962964,0.2,224.1737903501784,3.2,0.4,2,7,357.5,51.07142857142857,10.652857142857142,4,1
9bf11dfc0bec77e5a23028043c3c5a8f,MG,1,115.0,31.544166666666666,1.0,464.3464054655183,1.0,1.0,1,1,115.0,115.0,17.06,1,1
13f57c12a00ed4610db646b913a7f5c6,SP,7,92.17142857142858,12.374728835978837,0.14285714285714285,448.33701513903253,4.857142857142857,0.0,3,13,645.2,49.63076923076923,13.534615384615384,6,1
54c04bdb5ec46762f8f08c7e8f86ed4a,SC,18,182.31444444444443,15.720031507201647,0.1111111111111111,1025.7676333311626,4.333333333333333,0.1111111111111111,8,19,3281.66,172.71894736842106,25.05894736842105,12,1
b5dd7151a92ccaaa282cbe9681a05f44,SP,1,85.0,13.437083333333334,0.0,714.1003152202247,5.0,0.0,1,1,85.0,85.0,18.7,1,1
447d377bdb757058acb569025ee18a93,RS,1,64.99,18.0040625,0.0,1352.4545221679255,5.0,0.0,1,1,64.99,64.99,18.02,1,1
52562a9f449c3dc3d53f5f5b9ed74903,RN,14,233.32857142857142,13.357767857142857,0.0,1682.5544882167899,4.785714285714286,0.0,9,14,3266.6,233.32857142857142,31.717142857142854,4,4
2a73cba571d90c694b7caca072ccf6ce,SP,1,342.78,21.333020833333332,0.0,1459.2751466132415,5.0,0.0,1,2,342.78,171.39,19.35,1,1
3d2400ac620cffa23ac81bd192f7f555,SP,1,105.0,7.352754629629629,0.0,90.96941446661593,5.0,0.0,1,1,105.0,105.0,8.9,1,1
968268a686aa05d1f529fb07dff08130,SP,12,389.77416666666664,9.403155864197531,0.0,469.98206501163367,3.5,0.3333333333333333,5,12,4677.29,389.77416666666664,16.962500000000002,4,2
7c462184585ae80bd6e5774c62ce50f2,SP,1,60.0,16.04199074074074,1.0,19.21870631484815,3.0,0.0,1,2,60.0,30.0,8.82,1,1
3ea00e1dea2b0659dbaf654735929220,PR,7,72.14285714285714,11.446294642857143,0.0,981.5134552538827,4.857142857142857,0.0,4,7,505.0,72.14285714285714,20.71,2,1
54965bbe3e4f07ae045b90b0b8541f52,PR,73,141.8041095890411,26.16556062912227,0.3013698630136986,916.7806607801314,3.1449275362318843,0.4057971014492754,11,81,10351.7,127.79876543209878,25.632839506172836,52,1
4965a7002cca77301c82d3f91b82e1a9,SP,1,8.49,6.269537037037037,0.0,87.02964385455579,5.0,0.0,1,1,8.49,8.49,7.87,1,1
2d8cfba3fcd3170555941605edaa196a,SP,1,45.0,4.953564814814815,0.0,27.532888782431687,5.0,0.0,1,1,45.0,45.0,10.96,1,1
6039e27294dc75811c0d8a39069f52c0,SP,63,214.2984126984127,17.993614969135802,0.1746031746031746,634.5352341011544,3.7301587301587302,0.19047619047619047,16,74,13500.8,182.44324324324324,31.550270270270275,10,3
b45d7ebfb7378630f1bcd74b6ff86ff7,MG,3,299.9,29.70025077160494,0.0,502.084086074827,4.333333333333333,0.0,2,3,899.6999999999999,299.9,22.813333333333333,1,0
e2a1ac9bf33e5549a2a4f834e70df2f8,SP,5,2999.89,12.335252314814815,0.0,536.8035244316,4.8,0.0,5,5,14999.449999999999,2999.89,40.222,1,1
bc07d855eac23aab5ac8a120f21d16b2,SP,11,109.3290909090909,13.383661616161616,0.18181818181818182,673.8570378070394,4.454545454545454,0.09090909090909091,6,12,1202.62,100.21833333333332,17.061666666666667,8,4
3492e68f37fd1df87f4f2f2ea247f445,SP,8,98.4825,9.321517650462962,0.0,427.7652775643967,3.875,0.25,4,9,787.86,87.54,18.822222222222223,5,3
93bef6edaa84956e8e575016449b6351,SP,1,115.0,9.925324074074075,0.0,341.7480819182458,5.0,0.0,1,1,115.0,115.0,14.56,1,1
05ff92fedb5be47920fea08e501238b9,RS,57,372.56105263157895,12.3373714668616,0.03508771929824561,1344.389685065523,4.315789473684211,0.05263157894736842,19,60,21235.98,353.933,29.131500000000003,16,3
68f86ba270525243e68ae74044f992b9,RJ,10,77.75,10.094481481481482,0.0,831.4310346708653,4.5,0.0,7,11,777.5,70.68181818181819,16.972727272727273,7,1
aeb36d67f1414f234d42a29e27cf1f17,SP,4,815.95,19.47006076388889,0.25,871.0318932030243,4.5,0.0,3,4,3263.8,815.95,71.075,4,1
916c9de0b5ad957346eeeb12f332687e,PR,22,242.5681818181818,8.83484375,0.0,611.5065791122938,4.545454545454546,0.045454545454545456,7,27,5336.5,197.64814814814815,17.695185185185185,4,1
c68fb906c8f4b4b946d8386bfa6e5467,SP,45,100.91466666666666,10.92306507201646,0.022222222222222223,645.3916210222984,4.5227272727272725,0.06818181818181818,10,48,4541.16,94.6075,18.592708333333334,36,8
53d00c40e32aeb924a84ce72b1af869d,SP,17,127.40294117647058,16.048920206971676,0.11764705882352941,564.558953788646,4.352941176470588,0.058823529411764705,9,17,2165.85,127.40294117647058,17.424705882352942,9,1
93dc87703c046b603023e75222018b45,MG,33,246.95000000000002,20.04579826038159,0.09090909090909091,581.5133989288723,4.129032258064516,0.0967741935483871,13,34,8149.35,239.68676470588235,19.08794117647059,25,3
10076e5788b8ee532724bcd460baf762,SP,23,35.716521739130435,10.03461956521739,0.043478260869565216,462.4740945994957,4.565217391304348,0.043478260869565216,7,26,821.48,31.595384615384617,14.51153846153846,13,2
804287717b9156fb7a787acd9af4fac1,PR,1,18.8,9.156145833333333,0.0,515.475466330009,5.0,0.0,1,1,18.8,18.8,15.1,1,1
4dc646b9b9e8e411ef48ba000ea3ac6f,SP,4,72.42500000000001,11.460755208333333,0.25,250.8636192640036,2.75,0.5,2,5,289.7,57.94,12.712,4,1
e9c6969d40e6a3d2d0f90013165c2b98,SP,10,523.9979999999999,9.087366898148149,0.0,679.800644905822,4.4,0.1,6,10,5239.98,523.9979999999999,24.2,8,1
bd0a1b0aadca9a83d9304f7e8ff5fbd5,SP,4,37.65,5.896536458333333,0.0,390.5153133179151,4.5,0.0,3,4,150.6,37.65,13.6475,4,1
340636a908b13bbe0f4fb63fbe1d0c03,SP,3,163.5,7.826103395061729,0.0,211.96636597848251,5.0,0.0,2,3,490.5,163.5,12.0,3,1
cf654707ed6a99f112c7ec3d6f314b8b,SP,3,252.0,5.250501543209876,0.0,37.35960954265337,4.666666666666667,0.0,1,4,756.0,189.0,8.385,4,1
01c97ebb5cdac52891c0ed1c37ba0012,SP,9,64.16666666666667,13.929164094650206,0.0,649.0939469815937,4.222222222222222,0.1111111111111111,4,12,577.5,48.125,14.875,3,1
f0b47fbbc6dee9aafe415a6e33051b3f,SP,67,56.22268656716418,10.125389372581537,0.1044776119402985,589.6508308936726,4.253731343283582,0.11940298507462686,16,85,3766.92,44.31670588235294,15.540941176470588,38,4
bd149ed516d4c5d418d5781f8e18919f,SP,8,51.75,8.387290219907408,0.0,407.5681497462943,4.875,0.0,5,9,414.0,46.0,15.77111111111111,3,1
3dbbce181edfaa4a597ec858c382d2ec,PR,17,49.9,14.002171160130718,0.058823529411764705,717.6269891560348,4.235294117647059,0.11764705882352941,9,20,848.3,42.415,22.0135,13,2
06532f10282704ef4c69168b914b77be,PR,7,1403.9928571428572,16.61554728835979,0.0,1410.530133283129,4.714285714285714,0.0,5,8,9827.95,1228.49375,79.1,7,2
1127b7f2594683f2510f1c2c834a486b,SP,110,60.63363636363636,9.352086279461279,0.01818181818181818,481.763279942689,4.1909090909090905,0.14545454545454545,13,128,6669.7,52.10703125,13.81796875,73,4
cd52a8efd71af3336b14b5039b951cc1,SP,2,55.9,11.198726851851852,0.0,376.0905511194751,3.0,0.0,2,2,111.8,55.9,17.15,1,1
79ed755314cfe6df0daef2c6cd3022cd,SP,23,169.8913043478261,9.259990942028987,0.0,629.0410301510475,4.7272727272727275,0.0,9,25,3907.5,156.3,18.366400000000002,12,3
2c9e548be18521d1c43cde1c582c6de8,SP,124,48.49645161290323,13.678749999999999,0.1532258064516129,369.52772648211646,4.131147540983607,0.13114754098360656,12,171,6013.56,35.16701754385965,14.365672514619884,15,5
bc47d5d1490df2b36add65d733eafaba,SP,21,44.27619047619047,12.853864087301588,0.09523809523809523,729.2279463198958,3.5238095238095237,0.2857142857142857,11,22,929.8,42.26363636363636,16.91181818181818,7,1
7caa63f175b1cecbfaadd8b5ab9998c7,SP,1,19.9,2.154710648148148,0.0,19.243915731785137,1.0,1.0,1,1,19.9,19.9,7.74,1,1
de66a66f2dd06bb9ec37aa96987466a3,RJ,7,50.47428571428571,15.27156746031746,0.0,504.0438119060029,4.142857142857143,0.14285714285714285,4,8,353.32,44.165,14.4575,2,2
fec6275253471ace26d209bbaa64cd0f,RJ,9,315.55555555555554,14.156984310699588,0.0,1279.578825267462,4.555555555555555,0.1111111111111111,7,10,2840.0,284.0,35.56699999999999,2,1
c31eff8334d6b3047ed34bebd4d62c36,SP,120,108.26341666666667,12.668956886574074,0.11666666666666667,473.1810314100057,3.8739495798319328,0.17647058823529413,19,121,12991.61,107.36867768595042,19.49785123966942,5,2
c87abc38c8ed3240861729e1aeadf221,SP,1,133.0,10.748113425925926,0.0,621.8460445980768,1.0,1.0,1,1,133.0,133.0,15.68,1,1
07a9bc7f61396b658ddf3ac534efe44c,SP,1,119.9,5.995138888888889,0.0,18.651217035876876,3.5,0.0,1,1,119.9,119.9,15.59,1,1
822166ed1e47908f7cfb49946d03c726,RJ,69,53.838115942028985,12.805294216317767,0.014492753623188406,488.2304017618164,3.985294117647059,0.19117647058823528,11,108,3714.83,34.396574074074074,16.862222222222222,34,3
a45314082d50d578a4721c9787ce09ab,SP,2,212.45,5.23833912037037,0.0,211.30587216280966,5.0,0.0,1,2,424.9,212.45,14.510000000000002,2,2
98e164d549402270247f3c96a1a158ef,SP,2,81.35,8.833802083333333,0.0,217.75019052096818,2.5,0.5,2,2,162.7,81.35,12.36,2,1
59bbc819b99a733f02f0d6b49d1c253d,SP,2,69.9,5.458657407407408,0.0,288.37931482293243,5.0,0.0,1,2,139.8,69.9,11.475000000000001,1,1
2e3be8a987a30d7544dbbda6861cc14e,MG,14,176.63285714285715,14.496781580687829,0.07142857142857142,718.5360731858985,3.7857142857142856,0.14285714285714285,7,15,2472.86,164.85733333333334,18.53666666666667,12,1
f1b93673502375d491780bb49d615dbc,SP,8,329.86625000000004,14.444124710648149,0.125,247.9363065904008,3.125,0.375,3,10,2638.9300000000003,263.89300000000003,32.035000000000004,8,3
bbd3acfe6de99892e73940d3fdceaf68,SP,2,34.5,3.2957581018518516,0.0,100.60237550950355,3.0,0.5,1,2,69.0,34.5,12.275,2,1
b3f19518fcec265b2e97af287725f981,SP,8,55.615,10.665917245370371,0.0,707.867167457864,4.375,0.0,4,8,444.92,55.615,15.61,4,1
b2ba3715d723d245138f291a6fe42594,SP,324,152.16722222222222,14.074570151748972,0.06790123456790123,463.2101230591776,4.202492211838006,0.11838006230529595,21,350,49302.18,140.86337142857144,17.9842,172,27
b410bdd36d5db7a65dcd42b7ead933b8,GO,42,175.45,9.202473820546738,0.0,712.1729708771911,4.809523809523809,0.0,9,42,7368.9,175.45,22.638333333333335,2,1
31344c16881c08a8a72c6d2eb29918c1,MG,42,222.99523809523808,15.696046075837742,0.047619047619047616,580.8455697210285,4.428571428571429,0.09523809523809523,10,42,9365.8,222.99523809523808,52.584523809523816,10,1
4e42581f08e8cfc7c090f930bac4552a,SP,1,98.0,47.10233796296296,1.0,226.11578970242874,1.0,1.0,1,2,98.0,49.0,26.9,1,1
d58d521f3789def2e7a22715e0badd93,SP,2,32.99,4.854195601851852,0.0,33.63853994616662,3.5,0.0,1,2,65.98,32.99,9.11,1,1
0aea4c6ae1505b3228ddf3dd7822ee5b,SP,8,178.48875,18.434872685185184,0.25,958.4361101813159,3.875,0.125,5,8,1427.91,178.48875,18.96875,8,1
b3809b8d4394588a47c8470ea331e135,SP,1,89.0,5.049641203703704,0.0,40.86320962549192,4.0,0.0,1,1,89.0,89.0,7.88,1,1
fcb5ace8bcc92f75707dc0f01a27d269,SP,59,135.75169491525423,10.595384690834903,0.03389830508474576,337.9391091075819,3.9827586206896552,0.13793103448275862,12,70,8009.35,114.41928571428572,12.935571428571428,41,11
6a0cbc8af2e8abd1bdfb777943d174c6,SP,34,111.41617647058824,15.508637322984749,0.08823529411764706,571.2198145741444,4.03030303030303,0.12121212121212122,10,34,3788.15,111.41617647058824,21.441176470588236,5,2
1b0b0f4f95e962d6f32fe90c759d0479,SP,2,69.9,9.46238425925926,0.0,380.9327108930661,5.0,0.0,2,2,139.8,69.9,11.685,2,1
70126eecc6aa1274392a1743866e9678,SP,3,32.46666666666666,5.5894405864197525,0.0,304.3624435466879,5.0,0.0,3,3,97.39999999999999,32.46666666666666,15.780000000000001,2,2
cb0b3bcf14e0a709df412a99424a59d7,SP,2,230.0,22.21970486111111,0.0,2099.6471315335502,4.5,0.0,2,2,460.0,230.0,23.715,2,1
8931a84a914b3fe9b1ddaa4d704947ca,SP,29,160.9758620689655,11.88358437100894,0.06896551724137931,422.71864732076676,4.071428571428571,0.17857142857142858,8,32,4668.3,145.884375,13.2684375,16,1
7681ef142fd2c19048da7430856b5588,SP,58,538.1346551724138,10.558409562579822,0.08620689655172414,527.6382029829144,4.228070175438597,0.12280701754385964,13,76,31211.81,410.6817105263158,37.669210526315794,24,7
3771c85bac139d2344864ede5d9341e3,SP,26,55.12692307692308,13.25759659900285,0.11538461538461539,442.1740233514119,3.8461538461538463,0.23076923076923078,6,30,1433.3,47.776666666666664,13.632,7,1
7ddcbb64b5bc1ef36ca8c151f6ec77df,SP,325,167.49433846153846,12.710487179487181,0.08307692307692308,610.5423306070398,4.029503105590062,0.14906832298136646,23,334,54435.66,162.98101796407187,23.254760479041916,19,9
02b72cdeb9cfcc429f1af6f4e3f3b737,SP,4,130.6625,12.510251736111112,0.0,1262.9168329326055,4.75,0.0,3,4,522.65,130.6625,56.4975,3,1
3481aa57cd91f9f9d3fa1fa12d9a3bf7,SP,25,70.9212,10.194835185185186,0.0,196.2013549865767,3.88,0.2,4,25,1773.03,70.9212,30.9656,7,2
a218df5c097b0ca409cfaac1488cc7f6,SP,4,32.6725,11.561912615740741,0.0,356.5909347090385,2.75,0.25,2,4,130.69,32.6725,27.502499999999998,4,3
bd0389da23d89b726abf911cccc54596,DF,87,85.88689655172415,13.635255826947636,0.06896551724137931,915.0060268723362,4.172413793103448,0.11494252873563218,19,90,7472.16,83.024,18.403444444444442,57,5
af3ef48d0e13835e529c29ac573c63e5,SP,21,66.93476190476191,7.9285300925925934,0.047619047619047616,288.54294736688826,3.761904761904762,0.23809523809523808,3,21,1405.63,66.93476190476191,22.261904761904763,12,2
855668e0971d4dfd7bef1b6a4133b41b,SP,300,102.83073333333334,16.26107449845679,0.12666666666666668,504.57443487146804,3.85472972972973,0.20608108108108109,18,311,30849.22,99.19363344051447,24.306559485530546,72,3
77e4abfd739aed9c46480f90f81c0eb4,DF,18,207.61055555555555,10.008789223251028,0.0,779.8143875789623,4.777777777777778,0.0,6,18,3736.99,207.61055555555555,19.734444444444442,9,4
bac44fa8e13424950488659b5f765c41,SP,1,19.9,8.709305555555556,0.0,530.6168515068384,5.0,0.0,1,1,19.9,19.9,14.52,1,1
863d2ebcd347ce4922de7a0f9a5581d6,RJ,17,77.19764705882352,11.506793981481481,0.11764705882352941,651.8120818051642,4.0588235294117645,0.11764705882352941,7,18,1312.36,72.90888888888888,16.29,8,1
1c68394e931a64f90ea236c5ea590300,PR,142,174.87852112676057,16.050927800599897,0.035211267605633804,654.4192448165938,3.9049295774647885,0.1619718309859155,12,171,24832.75,145.22076023391813,16.938070175438597,39,2
95b293867b5862941c9cd74f756a3c68,SP,9,72.01111111111112,21.46414480452675,0.4444444444444444,191.97300904696618,3.5555555555555554,0.3333333333333333,2,9,648.1,72.01111111111112,10.902222222222223,5,2
e62b2d6ac10570a035a30bafcf01d263,SP,62,86.13532258064517,14.06886854091995,0.11290322580645161,600.3451439494444,3.9661016949152543,0.15254237288135594,16,71,5340.39,75.21676056338029,14.578591549295774,24,12
f63d8f293af3a6454377546bd9dd19ff,SP,17,103.04823529411766,16.17041258169935,0.058823529411764705,612.0375382175827,4.470588235294118,0.11764705882352941,7,28,1751.82,62.565,17.683214285714286,11,2
7a425d299613df3e613bcf9d2eaf5c49,RJ,18,67.71111111111111,11.79452996399177,0.05555555555555555,685.6949522114849,4.111111111111111,0.16666666666666666,8,18,1218.8,67.71111111111111,15.926111111111112,14,1
6bb0724edf0b62fb91ac404873a97241,SP,17,214.88235294117646,14.394572440087146,0.058823529411764705,480.9564777406407,4.466666666666667,0.06666666666666667,4,18,3653.0,202.94444444444446,42.41777777777778,10,1
112453736dbe3889cfb74e1aaa0ba0c1,SP,7,270.0,13.33525958994709,0.0,714.4777828441148,4.142857142857143,0.14285714285714285,4,14,1890.0,135.0,18.912142857142857,2,2
f593898ec748b7a8cb81fc04edafd98a,SP,19,136.21263157894737,16.619885477582848,0.15789473684210525,642.6724862297721,3.6842105263157894,0.2631578947368421,10,22,2588.04,117.63818181818182,31.105000000000004,8,4
96f7c797de9ca20efbe14545bed63eec,SP,1,138.60000000000002,1.946226851851852,0.0,274.76933444583534,1.0,1.0,1,3,138.60000000000002,46.20000000000001,12.79,1,1
77530e9772f57a62c906e1c21538ab82,PR,312,146.39935897435896,15.01382159603514,0.09294871794871795,704.4573371039451,4.147435897435898,0.14743589743589744,22,381,45676.6,119.88608923884514,21.71839895013123,167,2
297d5eccd19fa9a83b2630071ff105e4,PR,8,104.37125,6.882055844907407,0.0,542.8507459784535,5.0,0.0,7,8,834.97,104.37125,17.72,3,1
191d55f7edb8524d525ed01b20fe32e8,DF,3,249.0,22.529178240740745,0.3333333333333333,895.6905095046841,2.3333333333333335,0.6666666666666666,3,3,747.0,249.0,21.933333333333334,3,1
ff69aa92bb6b1bf9b8b7a51c2ed9cf8b,SP,20,1097.04,11.462290509259258,0.2,372.6152367106735,3.65,0.3,8,20,21940.8,1097.04,87.72,13,2
5733d806668f8712c24b9abaefbfa642,SP,2,121.9,15.00157986111111,0.0,1521.2620348070536,5.0,0.0,2,2,243.8,121.9,42.94,2,2
65b081a070633e057c462abdd6fb9dd8,GO,19,99.21526315789474,12.037367811890839,0.0,627.6046133238631,4.315789473684211,0.10526315789473684,8,20,1885.09,94.2545,22.079,16,1
edf96ef93ed595084bbcbd9224bd2894,SP,25,150.28,13.89298888888889,0.08,556.4291875169363,3.88,0.12,9,28,3757.0,134.17857142857142,21.742142857142856,8,2
6a8b085f816a1f75f92dbac6eb545f8f,SP,125,47.07336,14.688119537037037,0.08,672.5821335863974,4.172,0.096,15,133,5884.17,44.24187969924812,16.195864661654138,70,1
f3295428338a40977a03f555246a70f4,ES,7,92.14,14.829621362433864,0.14285714285714285,847.2133564488009,3.5714285714285716,0.2857142857142857,4,7,644.98,92.14,17.771428571428572,7,1
75fbb52eda0cbc24f479d3b2fbfa8d3e,GO,38,28.794473684210526,13.753061342592593,0.05263157894736842,952.5245252939152,4.447368421052632,0.07894736842105263,13,41,1094.19,26.687560975609756,21.957560975609756,35,1
e5d4b2b0c3bca22085f7a19a28de0c42,SC,4,51.45,12.684464699074073,0.0,658.845249812268,4.5,0.0,3,4,205.8,51.45,15.94,4,2
6187a137b2af59dfdbad8d9f8c373c14,SP,2,37.4,13.861290509259259,0.0,345.4966127885132,3.0,0.5,1,2,74.8,37.4,15.11,1,1
062ce95fa2ad4dfaedfc79260130565f,RS,54,138.50185185185185,13.504861754115225,0.037037037037037035,766.4629985904296,4.092592592592593,0.09259259259259259,10,59,7479.1,126.76440677966103,20.073389830508475,14,5
2ee0a0689f2f6a72f35a7cb6033f6e7e,SP,4,68.0,9.681559606481482,0.0,575.1351031825811,4.0,0.0,2,4,272.0,68.0,13.21,2,1
a08692680c77d30a0b4280da5df01c5a,SP,6,405.5,9.340208333333335,0.0,263.68463465550536,5.0,0.0,3,17,2433.0,143.11764705882354,13.406470588235296,4,1
dd533b429f380718b70ad9922c294bae,SP,39,57.561025641025644,17.2795928300095,0.10256410256410256,902.84851018351,3.923076923076923,0.15384615384615385,17,43,2244.88,52.20651162790698,25.37906976744186,13,2
582d4f8675b945722eda7c0cb61ba4c7,SP,59,79.71118644067796,11.1029309871312,0.01694915254237288,428.6090540532788,4.1525423728813555,0.15254237288135594,11,71,4702.96,66.23887323943661,13.816478873239436,25,5
74636e24f01da9268b0ed88dacd8513e,SP,4,194.0,13.129348958333333,0.25,1128.03822672579,4.0,0.25,4,4,776.0,194.0,68.1525,2,2
09bad886111255c5b5030314fc7f1a4a,SP,5,97.5,6.468912037037038,0.0,438.8711488673542,5.0,0.0,2,5,487.5,97.5,14.572,1,1
94144541854e298c2d976cb893b81343,RS,68,254.20999999999998,12.93787326388889,0.04411764705882353,930.9589393696216,4.253731343283582,0.11940298507462686,11,76,17286.28,227.45105263157893,18.807499999999997,23,3
bf84056e679dbe9c69929847a40e338f,SP,35,54.80228571428571,12.677086640211641,0.05714285714285714,267.8422106909608,3.7714285714285714,0.17142857142857143,7,38,1918.08,50.47578947368421,11.539473684210526,3,2
21c62b998a043ebe31161d38f84929fc,CE,4,187.6225,13.303304398148148,0.0,995.8800529730406,4.5,0.0,3,4,750.49,187.6225,22.71,2,1
02d35243ea2e497335cd0f076b45675d,RN,14,413.85714285714283,26.168773974867726,0.2857142857142857,1803.0630039437276,2.642857142857143,0.42857142857142855,8,16,5794.0,362.125,37.871875,3,1
1c129092bf23f28a5930387c980c0dfc,SP,200,47.6431,11.750663194444444,0.045,451.18843577141723,4.251256281407035,0.11557788944723618,17,219,9528.619999999999,43.5096803652968,13.797123287671234,15,2
a1040efe9ff4a6f93c28b0499eada8f5,SP,1,1658.83,17.278831018518517,0.0,1126.5834342044463,5.0,0.0,1,1,1658.83,1658.83,34.48,1,1
2d9e8987a2ea5cf88dce330249043ff1,SP,2,119.9,8.896828703703704,0.0,387.64870133420106,4.5,0.0,1,2,239.8,119.9,52.185,2,1
fdf736c18c589ed030e058312203e1b2,MG,1,30.0,5.490983796296296,0.0,345.6217515203138,5.0,0.0,1,1,30.0,30.0,14.51,1,1
e433f5fd4050e3352b5d83522b7fe24b,PR,1,548.06,7.448333333333333,0.0,502.72117598769506,4.0,0.0,1,1,548.06,548.06,48.71,1,1
b01c2b7b8599b325103ebcddc67413e1,RS,4,42.3625,8.455002893518518,0.0,797.7189209321004,4.75,0.0,3,4,169.45,42.3625,18.1675,1,1
bb5d956dece964a06c12bceb66b923ae,RJ,2,639.18,10.383778935185186,0.0,848.9860435014075,5.0,0.0,2,2,1278.36,639.18,25.07,2,1
3afc536624bc2e65bddfb5db33cc01f3,MG,6,52.0,9.890516975308643,0.0,521.4595174811792,3.5,0.3333333333333333,4,6,312.0,52.0,17.845000000000002,1,1
8090490573c6c0aa343a7231ebcb8c86,SP,26,148.88923076923078,10.091355056980056,0.07692307692307693,674.7198161753281,4.1923076923076925,0.11538461538461539,12,26,3871.1200000000003,148.88923076923078,16.419615384615387,9,4
26d6bbee02420494d471c9f6436929c0,PR,12,36.20916666666667,8.373374807098765,0.0,954.4182904719833,4.666666666666667,0.0,8,13,434.51,33.423846153846156,19.014615384615386,10,4
602044f2c16190c2c6e45eb35c2e21cb,SP,48,74.149375,14.810961371527776,0.16666666666666666,517.8040216501439,3.276595744680851,0.3404255319148936,10,55,3559.17,64.71218181818182,16.541090909090908,26,1
b347677812ea483b0f528eaf8cbc09b7,PR,21,347.09476190476187,13.219165564373899,0.0,784.5428840724896,4.523809523809524,0.047619047619047616,10,21,7288.99,347.09476190476187,36.30238095238095,11,1
d94ba08b99bedd6a5f6c875ecc4a6fac,PR,8,67.3875,12.503735532407408,0.0,767.3560745522952,4.75,0.0,5,9,539.1,59.900000000000006,17.955555555555556,1,1
880ce4951cf857ab1d9e0b75c1d856f4,MG,1,178.9,15.04616898148148,0.0,908.6784246153363,5.0,0.0,1,1,178.9,178.9,18.82,1,1
b499c00f28f4b7069ff6550af8c1348a,SP,147,69.13047619047619,11.269584986772488,0.1292517006802721,412.0830317579095,4.2312925170068025,0.10204081632653061,14,182,10162.18,55.83615384615385,13.756043956043955,67,12
7a2d2949aea47fab95fd98d6c9f618b1,PR,11,148.9990909090909,10.44878787878788,0.0,581.9150478861519,4.2727272727272725,0.09090909090909091,5,12,1638.99,136.5825,17.603333333333335,5,2
fad44952713764836814be105382aee5,RJ,32,160.28125,10.79425925925926,0.0,639.5239997086594,4.28125,0.0625,9,32,5129.0,160.28125,15.87125,1,1
f1ed6bd0a9b11b581f16c851c6a5a527,RS,17,95.45705882352941,20.990234885620914,0.058823529411764705,934.3871768807229,4.411764705882353,0.058823529411764705,8,18,1622.77,90.15388888888889,20.767222222222223,3,3
624f4ece8da4aafb77699233d480f8ef,SP,52,173.96153846153845,13.627191283831909,0.07692307692307693,714.2192918205054,4.25,0.11538461538461539,16,54,9046.0,167.5185185185185,31.58425925925926,9,2
95e03ca3d4146e4011985981aeb959b9,RJ,172,63.16953488372093,12.531179613479758,0.03488372093023256,607.1157902031889,4.0323529411764705,0.13529411764705881,19,190,10865.16,57.18505263157895,16.78578947368421,54,13
1771297ac436903d1dd6b0e9279aa505,SP,28,102.9025,9.443156001984127,0.03571428571428571,524.3771444251818,4.62962962962963,0.0,9,36,2881.27,80.03527777777778,16.254444444444445,9,3
1d503743d2526f03f0c2c89540ee008c,SP,12,43.00333333333333,10.80260513117284,0.08333333333333333,609.1996137790626,3.9166666666666665,0.16666666666666666,7,17,516.04,30.355294117647055,12.028823529411765,7,5
fc5a0d7a310a7a41abf86a458585ff2b,SP,1,117.9,13.929652777777777,0.0,1465.4747914341424,4.0,0.0,1,1,117.9,117.9,19.07,1,1
e1bed63d68ac36fe1f3061befe196af5,SP,1,199.0,8.606180555555556,0.0,290.5574960810007,5.0,0.0,1,1,199.0,199.0,18.0,1,1
73da1880b39c71de2b262bc7720c1494,SP,2,199.0,8.223836805555555,0.0,263.9521950343778,5.0,0.0,2,2,398.0,199.0,23.495,1,1
df560393f3a51e74553ab94004ba5c87,PR,26,131.9146153846154,18.46703303062678,0.07692307692307693,787.367108530101,3.8846153846153846,0.07692307692307693,6,27,3429.78,127.0288888888889,21.115185185185187,10,2
253f95b3a0e6983ae18aed49fbc2b845,SP,5,159.9,9.206965277777778,0.0,498.990807311772,4.4,0.0,3,5,799.5,159.9,18.288,2,1
834f3294fba9f932f56edc879193f925,SP,66,604.6590909090909,14.296499017957352,0.06060606060606061,759.6332211961189,4.545454545454546,0.045454545454545456,19,66,39907.5,604.6590909090909,65.15030303030304,3,2
6c177e38df6d3f34182b1f1d427231bf,PR,53,153.0733962264151,14.409789482879106,0.018867924528301886,816.8434077905924,4.150943396226415,0.1320754716981132,14,54,8112.89,150.23870370370372,18.558518518518518,20,6
08d0949a9a17c027262db1f3c450c26c,PR,12,27.066666666666666,14.330144675925924,0.0,792.8038633977721,3.7083333333333335,0.25,7,12,324.8,27.066666666666666,19.42,9,1
11fb6f6d341adbe19e81733701704635,SP,3,399.0,5.362199074074074,0.0,451.3409048986655,5.0,0.0,3,3,1197.0,399.0,133.22,1,1
04843805947f0fc584fc1969b6e50fe7,RS,1,1400.0,15.037071759259259,0.0,827.0384468460243,5.0,0.0,1,2,1400.0,700.0,37.38,1,1
e3b4998c7a498169dc7bce44e6bb6277,SP,1,6735.0,18.740069444444444,0.0,894.7393966994397,5.0,0.0,1,1,6735.0,6735.0,194.31,1,1
a37c340b91cb0169e8b029db6440fba2,SP,5,69.0,11.123074074074074,0.0,702.1943175925129,4.8,0.0,4,5,345.0,69.0,18.990000000000002,1,0
381c83fdca332ea6afd896da20bf6e4a,PR,46,159.90869565217392,12.691300322061192,0.021739130434782608,821.3137788172098,4.391304347826087,0.08695652173913043,15,46,7355.8,159.90869565217392,21.72195652173913,37,2
6fd52c528dcb38be2eea044946b811f8,SP,67,115.56746268656715,21.561034238529572,0.13432835820895522,424.92721678798875,3.393939393939394,0.36363636363636365,12,84,7743.0199999999995,92.17880952380952,13.554285714285713,48,1
189ca3538ce9f920cacf0f982cbe223b,SP,4,104.75,4.121629050925926,0.0,42.37964259082729,4.25,0.25,1,5,419.0,83.8,12.534,4,1
20cb7c2fde3e5bf10f0bbe7394e1c6a9,PR,31,27.25806451612903,12.365232974910393,0.0967741935483871,506.5683882046643,4.096774193548387,0.12903225806451613,6,50,844.9999999999999,16.9,15.603,2,1
7e79d65b5c6f1f544b7daea036acf720,SP,4,129.45,8.56722511574074,0.0,595.570809916831,4.5,0.0,3,4,517.8,129.45,15.5225,2,1
fd435faa3c0422b60440ea3480d0e77c,PB,1,749.0,9.468483796296296,0.0,1971.1187356266687,5.0,0.0,1,1,749.0,749.0,133.87,1,1
6bef34c5be6f2bbd70aa5165f6df94b1,SC,2,599.0,16.186406249999997,0.0,2454.395886092542,2.0,0.5,2,2,1198.0,599.0,66.44,1,1
ae9690c6e8fee182c28c9ff8e11ca52c,SP,1,47.4,4.4846875,0.0,11.907047421135843,5.0,0.0,1,1,47.4,47.4,12.41,1,1
f7720c4fa8e3aba4546301ab80ea1f1b,PR,59,34.6364406779661,10.994347143753924,0.05084745762711865,608.8392008249241,4.262711864406779,0.06779661016949153,12,77,2043.55,26.539610389610388,17.107012987012986,27,3
5bba18b40e8c973b0f32e748004775b0,SP,1,739.98,7.072442129629629,0.0,779.7927959730893,5.0,0.0,1,1,739.98,739.98,44.82,1,1
7b7f91e98f8c6def45a1407923304402,SP,11,37.95181818181818,13.368617424242423,0.09090909090909091,493.683500559837,4.181818181818182,0.18181818181818182,5,14,417.47,29.819285714285716,14.501428571428571,9,3
4c2b230173bb36f9b240f2b8ac11786e,SP,258,56.10298449612403,12.872886116494401,0.09302325581395349,480.36495022285004,3.9763779527559056,0.18110236220472442,18,343,14474.57,42.19991253644315,12.694285714285716,20,2
a23266650e7c84bb93fbbba502137478,RS,11,137.4909090909091,11.293031355218856,0.0,1015.287574238568,3.8181818181818183,0.18181818181818182,7,16,1512.4,94.525,17.44,8,5
d2df77822373f19934e87694d8640767,PR,2,77.95,22.154542824074074,0.0,619.9724163273778,3.0,0.5,2,2,155.9,77.95,20.25,2,2
8fbd63429be6d3e5e6d1a709b6464802,SP,6,176.9,8.406583719135803,0.0,504.10148154070293,4.833333333333333,0.0,4,8,1061.4,132.675,22.44625,4,1
ac6417315ae5da8f9a38ee11de6f7780,SP,7,102.34285714285714,11.468726851851853,0.14285714285714285,139.08430838057646,4.142857142857143,0.14285714285714285,2,7,716.4,102.34285714285714,19.245714285714286,6,3
81336a0f57a33776419727a300249e90,SP,15,90.12666666666668,17.475448302469136,0.13333333333333333,374.0170353207494,4.066666666666666,0.13333333333333333,5,18,1351.9,75.10555555555555,15.433333333333334,10,2
02f623a8eb246f3c5f7c2f96462654e6,SP,44,144.95454545454547,8.482709648569024,0.06818181818181818,471.2422394589139,4.558139534883721,0.046511627906976744,9,44,6378.0,144.95454545454547,18.855227272727273,23,2
56db5c0782e8f7ddc9343f9576ff6d16,SC,2,367.4,9.917291666666667,0.0,508.75131703260143,3.0,0.5,1,2,734.8,367.4,28.575,2,1
29fe9f200d3fa0c668d2aa1ec7e08dfb,SC,5,80.0,10.749125000000001,0.0,1015.5962029145818,4.0,0.2,5,5,400.0,80.0,22.832,4,1
271b8923c6a549e02d3c9fd1f8c0422b,SP,1,105.19,14.175335648148149,1.0,365.6840112504086,4.0,0.0,1,1,105.19,105.19,13.4,1,1
4e06067cc08b3f41d837768d392c3ee3,MG,31,30.378064516129033,10.263179883512544,0.03225806451612903,536.4430469925564,4.129032258064516,0.1935483870967742,10,46,941.72,20.47217391304348,12.446304347826086,28,1
ec933281fb017b5020d06df29c3f77e8,SP,8,179.0,9.476841724537037,0.0,625.9058127061867,5.0,0.0,5,8,1432.0,179.0,28.85625,3,1
49e7217cfe4e427191c378ec626d8737,MG,12,239.0666666666667,16.036587577160493,0.0,585.5813827061074,4.083333333333333,0.08333333333333333,6,13,2868.8,220.6769230769231,27.083846153846157,9,2
34f563c82a85b99ae9e6d60db5fc2e28,RS,8,291.5375,10.739244791666666,0.0,1261.989248962094,4.625,0.0,6,8,2332.3,291.5375,30.775,4,3
4ddeb3e828550cddc8d45c8bc36ab2d1,SP,1,152.0,7.869930555555555,0.0,228.15865842964106,5.0,0.0,1,1,152.0,152.0,12.45,1,1
3a734b715d333a2588a3d54a0c9b8746,SP,15,141.43466666666666,12.267248456790124,0.06666666666666667,795.6428274584707,4.533333333333333,0.0,8,21,2121.52,101.0247619047619,16.585714285714285,9,6
f5b84683a9bf9e1df748cf40f601b39c,SP,1,83.9,6.706354166666666,0.0,6.7142233456655065,5.0,0.0,1,1,83.9,83.9,9.07,1,1
392e0502231ae2f8b29994ef6398cd77,SP,17,92.52352941176471,17.708312227668845,0.11764705882352941,637.1377150714268,4.352941176470588,0.058823529411764705,6,17,1572.9,92.52352941176471,18.228823529411763,10,1
5d0363b33554b373851fc1622e4d5f3c,SP,93,70.41709677419355,12.488874825766628,0.08602150537634409,414.17125951275955,4.075268817204301,0.11827956989247312,13,94,6548.79,69.66797872340426,23.143404255319147,54,4
417a1e6c7321084d2a0ae0d023cfad93,RS,1,48.9,6.072372685185186,0.0,109.01592022896074,5.0,0.0,1,1,48.9,48.9,12.48,1,1
013900e863eace745d3ec7614cab5b1a,PR,23,70.42173913043479,12.19425925925926,0.0,807.8564809702193,4.695652173913044,0.043478260869565216,9,26,1619.7,62.29615384615385,18.064230769230768,19,3
c157bdeedcbc9a8e3c8bf0d87ff24428,SP,7,73.46714285714286,12.136866732804233,0.0,560.830575836536,4.428571428571429,0.0,5,10,514.27,51.427,20.869999999999997,4,1
fa3a0b5aabb344b9a92e3524b0202123,SP,7,255.57142857142858,11.636570767195767,0.14285714285714285,490.22171827691403,4.142857142857143,0.14285714285714285,4,7,1789.0,255.57142857142858,23.487142857142857,3,1
88cf19ec1fc2c58f161aee259d57142c,SP,14,98.06928571428571,6.444143518518518,0.0,348.82141347385266,4.5,0.0,5,14,1372.97,98.06928571428571,16.765,11,3
c13ef0cfbe42f190780f621ce81f2234,SP,1,390.0,28.063055555555554,1.0,749.0517768944158,3.0,0.0,1,1,390.0,390.0,61.28,1,1
fc908879b9ca1bd65419e54e50432d38,SP,4,29.799999999999997,8.675014467592591,0.0,358.61113138199835,5.0,0.0,2,4,119.19999999999999,29.799999999999997,13.17,2,1
c679fb69a36e1d8349e8c50a217b4d58,RS,14,130.40571428571428,11.072147817460317,0.07142857142857142,758.9793273389278,3.8461538461538463,0.23076923076923078,5,17,1825.68,107.39294117647059,22.83588235294118,13,2
17a053fcb14bd219540cbde0df490be0,SP,124,325.4293548387097,12.275743820937873,0.056451612903225805,531.029959016818,4.254098360655738,0.09836065573770492,17,148,40353.24,272.657027027027,59.197094594594596,86,1
2d34636518ba88f5349b732fcf8ba2e4,SP,1,150.0,10.83261574074074,0.0,353.88457187871177,5.0,0.0,1,1,150.0,150.0,18.63,1,1
d79e8478eed9999493990b44955fb22e,RJ,5,144.378,8.199113425925926,0.2,444.19947327137686,4.0,0.25,4,5,721.89,144.378,16.144,3,2
458d868c9642f55f18f04e951a3fdde6,RS,2,1359.0,17.610983796296296,0.0,1125.8826255270483,5.0,0.0,1,2,2718.0,1359.0,52.375,1,1
41b14765bd56c8ad10971074380f9c0c,SP,8,49.4375,7.047965856481482,0.0,356.4705141969567,4.625,0.125,3,10,395.5,39.55,11.913,2,1
e439f7176d763f92de325271111b2fd5,SC,6,220.15,9.92680362654321,0.0,429.2379351213858,5.0,0.0,5,6,1320.9,220.15,37.800000000000004,4,1
7f2617c58d5d06806987308b45654351,SP,22,166.21818181818182,12.480531355218856,0.09090909090909091,815.2604346195471,3.8181818181818183,0.13636363636363635,10,23,3656.8,158.9913043478261,14.194347826086958,2,1
cac63f48c38cd7d002a7e846dcd99a23,SP,10,87.4,7.2265243055555555,0.0,433.80614197049533,4.8,0.0,5,10,874.0,87.4,14.062000000000001,7,1
04ee0ec01589969663ba5967c0e0bdc0,RS,1,289.49,3.0675925925925926,0.0,397.5281553406114,5.0,0.0,1,1,289.49,289.49,24.83,1,1
f00e21b1e91a79653163b7fd8f293ff1,SP,31,125.80935483870968,12.971604316009559,0.03225806451612903,540.5751102788191,4.1,0.13333333333333333,10,31,3900.09,125.80935483870968,18.418387096774193,29,5
9140ef75cc8211c4035935e80e567204,PR,1,49.9,12.179131944444444,0.0,1489.4175019706365,5.0,0.0,1,1,49.9,49.9,22.28,1,1
79a679c36c08d606b3fd47ead9de109b,SP,3,311.6666666666667,11.681172839506175,0.3333333333333333,265.2616867440992,2.0,0.6666666666666666,3,7,935.0,133.57142857142858,19.602857142857143,2,1
cc5a78bbad32776dc4e3af205218368c,MG,33,129.36909090909091,8.184648569023569,0.030303030303030304,422.6098601359352,4.454545454545454,0.09090909090909091,8,38,4269.18,112.34684210526316,34.320263157894736,25,5
6eeed17989b0ae47c9f11ece6f38ea90,SP,3,185.66666666666666,6.500030864197531,0.0,716.6296783230382,3.6666666666666665,0.3333333333333333,2,3,557.0,185.66666666666666,39.67,2,1
b5f0712d22a873b6797ab6cc65c3fcba,SP,1,12.99,3.2610069444444445,0.0,15.832282564137786,4.0,0.0,1,1,12.99,12.99,8.29,1,1
3f9c56764fabca627406093dcb3ef0b4,RJ,7,129.9,8.48726355820106,0.0,174.5425903283157,4.714285714285714,0.0,2,7,909.3000000000001,129.9,15.092857142857142,3,1
efb628aa07c8ca93d7db0d85b91a4f5a,RJ,1,204.0,25.588310185185186,1.0,261.74496226829393,4.0,0.0,1,1,204.0,204.0,58.1,1,1
4e922959ae960d389249c378d1c939f5,SP,412,110.04470873786407,14.519824113403454,0.08980582524271845,598.3032648182215,3.963235294117647,0.18137254901960784,23,446,45338.42,101.65565022421524,16.02506726457399,134,23
47648caee88ccfe951fbb27fbf7b4cbe,SP,3,521.6633333333333,13.720875771604938,0.3333333333333333,483.24781365248606,3.6666666666666665,0.3333333333333333,3,3,1564.99,521.6633333333333,22.666666666666668,3,1
ca4b77513ac2040591b0d8fae6958380,SP,14,126.60357142857143,7.763539186507936,0.14285714285714285,396.90875113078255,4.5,0.07142857142857142,7,15,1772.45,118.16333333333334,13.411333333333335,12,1
7957cac1a02f45d0a4a7e45626382ec2,PR,1,343.0,26.32175925925926,0.0,705.4830810071253,4.0,0.0,1,1,343.0,343.0,21.64,1,1
4cc4fd4fdd406a85bbdc1f824b731bd7,PR,1,539.98,8.304594907407408,0.0,300.52961480382675,5.0,0.0,1,2,539.98,269.99,15.62,1,1
b8630e1121437d41cb08e3c749c2c2e2,RJ,12,582.3333333333334,11.137473958333333,0.08333333333333333,400.1317644104399,4.333333333333333,0.16666666666666666,4,12,6988.0,582.3333333333334,28.84166666666667,6,2
cfe94489ddd337d1e29e12f2a7205d10,SP,20,118.8,6.922806134259259,0.05,240.3995487136455,4.3,0.05,6,24,2376.0,99.0,12.3675,1,1
9cf787a239c1aa29dbd76f153dc13f9a,SP,4,79.0,6.560300925925926,0.0,319.30297876259664,4.75,0.0,1,4,316.0,79.0,13.100000000000001,2,1
2a50b7ee5aebecc6fd0ff9784a4747d6,DF,1,199.8,39.73696759259259,1.0,,1.0,1.0,1,2,199.8,99.9,32.22,1,1
d297f1055de2956aedfd3b04113dce3e,SP,1,54.3,3.8065277777777777,0.0,121.17444019428426,4.0,0.0,1,1,54.3,54.3,7.64,1,1
2c3d56f92f360fb89d849b84e8f50eae,SP,7,60.728571428571435,13.617607473544975,0.14285714285714285,332.67514280980447,3.4285714285714284,0.42857142857142855,4,7,425.1,60.728571428571435,15.965714285714284,5,3
3442033154be05bac582e173ef54fd12,SP,1,161.0,3.9064699074074074,0.0,2.1040400976985327,5.0,0.0,1,1,161.0,161.0,8.39,1,1
78744a20ee2f80ba64f6804c25def2b8,PE,6,452.5,18.961849922839505,0.16666666666666666,2278.2091975774824,4.166666666666667,0.16666666666666666,4,6,2715.0,452.5,58.975,3,1
c990d6cf976a5718aaedc539f383ab88,SP,8,22.8875,19.757588252314815,0.375,495.4870150601456,3.625,0.25,5,9,183.1,20.344444444444445,12.816666666666666,4,3
94e93ce877be27a515118dbfd2c2be41,SP,29,187.46827586206896,13.608297014687102,0.0,653.3336548876455,4.035714285714286,0.14285714285714285,12,34,5436.58,159.8994117647059,25.101764705882353,18,9
b566ab0ef88016e00422755e305103c6,MG,5,241.6,13.048136574074073,0.2,565.3057554006488,3.2,0.4,3,5,1208.0,241.6,44.044,4,3
d9cb0052a666de5308b32f32ad5f1b1c,SP,3,77.3,13.012816358024692,0.0,428.0658940795938,3.6666666666666665,0.3333333333333333,2,3,231.89999999999998,77.3,12.863333333333335,3,1
a89e143d5211473ae18db9577ee34b64,SP,1,70.0,9.211030092592592,0.0,79.10798744171949,5.0,0.0,1,1,70.0,70.0,9.94,1,1
1f2eebc0e970fd3c463e4f5d9652687a,SP,1,44.99,11.451400462962964,1.0,17.4937261170189,5.0,0.0,1,1,44.99,44.99,8.48,1,1
941554c5757b73ba0e50aa7732310afc,SP,3,35.89666666666667,8.114648919753087,0.0,449.3023569389076,4.666666666666667,0.0,3,4,107.69,26.9225,14.665,2,1
8581055ce74af1daba164fdbd55a40de,SP,379,168.58554089709762,13.103792051451189,0.08179419525065963,452.93145306013815,4.306878306878307,0.09523809523809523,21,426,63893.92,149.9857276995305,22.171901408450704,32,1
a9ae440659f48b7849df83e82734150b,SP,1,285.0,13.342361111111112,0.0,2725.4155154187456,5.0,0.0,1,1,285.0,285.0,27.02,1,1
c963a25b8671419c6ce9eebe8fd03218,RJ,1,49.0,6.8539814814814815,0.0,235.55342573716496,5.0,0.0,1,1,49.0,49.0,19.32,1,1
9485a23c0430ba1d58d359391606fce6,SP,4,207.725,13.413342013888888,0.25,354.8824115186606,3.75,0.0,3,4,830.9,207.725,13.74,4,1
0951a6e282947e09cd47969f4ed0b47f,SP,7,70.32857142857144,4.719513888888889,0.0,504.51251048165807,4.857142857142857,0.0,4,7,492.3,70.32857142857144,12.574285714285713,2,2
52f0fe436a347ddad7ed5f9aa4e27eaa,SP,19,76.44684210526316,14.941714790448342,0.10526315789473684,749.1772265239812,3.736842105263158,0.21052631578947367,7,21,1452.49,69.16619047619048,20.77809523809524,15,6
9c7fd21e0aa159b20da593371f08ff7c,SP,7,114.04285714285716,7.3877843915343915,0.14285714285714285,468.1143682393109,3.2857142857142856,0.42857142857142855,5,8,798.3,99.7875,15.4375,5,4
c33847515fa6305ce6feb1e818569f13,SC,114,136.1390350877193,9.288727461013647,0.03508771929824561,630.3151103744394,3.8508771929824563,0.21052631578947367,11,128,15519.85,121.248828125,34.175078125,39,2
8b8cfc8305aa441e4239358c9f6f2485,PR,15,792.8,12.536666666666667,0.13333333333333333,627.1577565269206,4.2,0.13333333333333333,5,15,11892.0,792.8,81.24666666666667,6,2
2c00c85d30361cd2ced2969cffbbffa3,MG,1,49.8,1.8740625,0.0,11.892739924243552,5.0,0.0,1,1,49.8,49.8,7.71,1,1
d4e4b5192cba4e0e66eb12a9d347239d,PR,11,39.26363636363636,13.376001683501682,0.0,1243.3512702579092,4.454545454545454,0.09090909090909091,6,11,431.9,39.26363636363636,17.59090909090909,10,1
ade45994b717ccee333492330fbf037b,PR,10,719.6,8.410002314814815,0.0,1025.6021475034236,4.5,0.0,5,10,7196.0,719.6,28.363,6,1
bb5bd94c8f59cc050072d2930c869cac,SP,16,158.991875,14.669749710648148,0.0,499.2834631130149,4.1875,0.0625,8,17,2543.87,149.63941176470587,17.810000000000002,12,2
b05b432bf68945d4d9783f9e3ca29ee8,SP,2,112.4,5.414924768518519,0.0,467.31790549561856,4.5,0.0,1,2,224.8,112.4,13.045,2,1
2a7dc43cecabf23403078e2188437d1d,SP,52,92.22903846153847,13.144261485042735,0.057692307692307696,593.9241523351066,4.096153846153846,0.11538461538461539,14,54,4795.91,88.81314814814814,15.439074074074075,14,5
578fa3a9cb6b6dceab39231ad59cdaca,CE,3,50.0,22.39690200617284,0.3333333333333333,328.26097821106714,3.6666666666666665,0.3333333333333333,2,3,150.0,50.0,12.4,2,1
615c3462099ffa940d37b17dfda19594,RJ,2,114.5,7.6487442129629635,0.0,207.95301312856043,5.0,0.0,2,2,229.0,114.5,16.025,2,1
a3f0b55de503387383c7b1de3ad7f678,PR,24,181.18333333333337,10.704299768518519,0.041666666666666664,633.3744333733923,4.416666666666667,0.041666666666666664,8,26,4348.400000000001,167.24615384615387,47.28230769230769,13,2
6d7f8d9d594e28796b6b3205b00f459c,PR,3,139.29999999999998,15.28804012345679,0.0,313.580775265476,3.6666666666666665,0.3333333333333333,3,3,417.9,139.29999999999998,19.703333333333333,2,1
7b7ed56ae755e2880f2b69632e839c1e,GO,5,64.3,7.304652777777778,0.0,759.5560857315202,4.2,0.0,2,5,321.5,64.3,27.02,4,1
4fae87d32467e18eb46e4a76a0a0b9ce,RS,1,100.9,6.806759259259259,0.0,312.88106133251085,5.0,0.0,1,1,100.9,100.9,19.9,1,1
ea566164622c6b439516ab18062c42cd,SP,50,206.1884,14.027645138888888,0.18,638.0357515541033,3.78,0.24,13,52,10309.42,198.2580769230769,16.51076923076923,19,9
821fb029fc6e495ca4f08a35d51e53a5,SP,24,743.8175,16.792825520833333,0.3333333333333333,772.5986931160764,3.4782608695652173,0.30434782608695654,11,25,17851.62,714.0648,54.622,9,4
d6ab728cf30867cf3f1a2e216ae2f9b7,SP,12,166.83333333333334,10.844957561728394,0.0,590.2612654475043,4.416666666666667,0.08333333333333333,6,14,2002.0,143.0,16.55857142857143,13,2
1a932caad4f9d804097d7f8e615baed1,SP,20,233.05,9.542867476851852,0.15,560.6275804783695,3.9,0.2,6,30,4661.0,155.36666666666667,34.681666666666665,4,1
173d56ffbd4c56cb80fc3615487d712b,SP,2,179.0,6.838940972222222,0.0,440.75815372911416,5.0,0.0,2,2,358.0,179.0,19.805,1,1
2be17df1c49978426251562096c3cc09,SC,16,135.3125,12.265654658564815,0.0625,862.7829963430586,4.1875,0.0625,8,16,2165.0,135.3125,19.534375,10,3
f7c31656c19db6275a8acadca289f426,SP,1,61.56,13.381388888888889,0.0,550.1902848727829,3.0,0.0,1,1,61.56,61.56,16.19,1,0
6025c79c035c3d772133b8b8238463b2,PR,2,494.87,8.44961226851852,0.0,855.8068197798799,5.0,0.0,1,4,989.74,247.435,27.1475,3,1
c6381d2d013342748761e906d45aff76,RS,15,136.19866666666667,16.018105709876544,0.0,932.0112765169381,3.8666666666666667,0.26666666666666666,6,28,2042.98,72.96357142857143,20.40285714285714,7,2
c500367424994318b9e779ff1ae9a330,SP,9,482.9333333333333,16.712573302469135,0.1111111111111111,1222.8348227972565,3.7777777777777777,0.2222222222222222,9,9,4346.4,482.9333333333333,34.66555555555555,8,3
19e0f40a907ec568c34bfac15de4f4a1,SP,4,44.5,5.835399305555556,0.0,178.34596877119625,5.0,0.0,2,4,178.0,44.5,10.405000000000001,1,1
ecccfa2bb93b34a3bf033cc5d1dcdc69,PR,12,93.40416666666668,32.11982735339506,0.16666666666666666,482.6627032621184,2.8333333333333335,0.4166666666666667,7,16,1120.8500000000001,70.05312500000001,13.279375,6,1
c66dccfb3f109511246da627dd5a2498,SP,44,276.87613636363636,11.345025252525254,0.045454545454545456,830.9013101931956,4.568181818181818,0.06818181818181818,15,44,12182.55,276.87613636363636,21.471363636363638,43,2
d921b68bf747894be13a97ae52b0f386,MG,77,203.1922077922078,9.97529761904762,0.012987012987012988,614.534462188063,4.558441558441558,0.05194805194805195,13,77,15645.8,203.1922077922078,22.8312987012987,46,6
929f342384a6607afe143d789ade1316,PR,4,52.35,4.4983478009259255,0.0,412.182009679867,5.0,0.0,3,4,209.4,52.35,15.84,4,3
e256a62e0ac58c0edfba09966142d561,PR,12,122.84250000000002,7.894560185185185,0.0,459.115417200891,4.416666666666667,0.08333333333333333,5,14,1474.1100000000001,105.29357142857144,23.96,5,2
b5b800c4065bebf4d3442311c9857344,SP,1,79.9,6.455601851851852,0.0,71.25972456347897,5.0,0.0,1,1,79.9,79.9,8.91,1,1
c8417879a15366a17c30af34c798c332,SP,25,69.388,9.306368518518518,0.04,340.7134775534092,4.291666666666667,0.08333333333333333,8,35,1734.7,49.56285714285715,13.09,15,4
8dfbc5ff27df12f6cef751d3b9554222,PR,4,56.5,10.066796875,0.0,571.1725934061106,4.5,0.0,3,4,226.0,56.5,22.53,4,1
e732329483fd5f27367dd997b47f598a,SC,1,109.9,12.152314814814815,0.0,1896.8226300196773,5.0,0.0,1,1,109.9,109.9,34.57,1,1
989becdce12ebc39863c2bceab6f3ca1,PR,15,420.1933333333333,13.739216820987654,0.06666666666666667,526.0695820310825,4.8,0.0,6,15,6302.9,420.1933333333333,54.30133333333333,7,3
c4d51195486dc781531876a7d00453d8,SP,17,674.6458823529412,23.733787445533768,0.29411764705882354,1363.594630457159,3.9411764705882355,0.11764705882352941,11,17,11468.98,674.6458823529412,33.49235294117647,6,2
98115075dd26cb8835946fc6086f5d30,SP,4,108.74000000000001,4.25859375,0.0,284.85276311394966,4.75,0.0,2,4,434.96000000000004,108.74000000000001,14.06,3,1
2305ab43e846518f58dd9d59f3f54e96,SP,3,262.9633333333333,11.829328703703704,0.0,237.25369211468092,3.6666666666666665,0.3333333333333333,2,3,788.89,262.9633333333333,14.123333333333335,3,1
2528513dd95219a6013d4d05176e391a,SP,160,204.12625,10.650047815393519,0.0375,432.5556680552331,3.968152866242038,0.17197452229299362,18,166,32660.2,196.74819277108435,22.534759036144578,84,3
64c9a1db4e73e19aaafd3286dc448c96,PR,1,439.0,9.469189814814815,0.0,814.2169993312227,5.0,0.0,1,1,439.0,439.0,43.6,1,1
44ed138eca6214d572ce1d813fb0049b,RS,2,64.895,8.518258101851853,0.0,1071.4185508342996,4.5,0.0,2,3,129.79,43.26333333333333,18.669999999999998,2,2
ce4755084bc097113867e6454f8f5e52,SP,1,18.9,6.389606481481482,0.0,285.71624998554825,5.0,0.0,1,1,18.9,18.9,12.79,1,1
3e51f9cbe317bc3a88f2c76583811ee4,SP,1,76.09,8.87136574074074,0.0,28.215325189971274,5.0,0.0,1,1,76.09,76.09,8.69,1,1
204b4e07bddef3c9b317f70189135b22,MG,1,73.4,10.187997685185184,0.0,161.96885181637626,5.0,0.0,1,1,73.4,73.4,14.73,1,1
921323538c9f1c4e816f2720eac02bea,SP,15,93.45599999999999,8.533717592592591,0.2,567.7636393853071,3.933333333333333,0.13333333333333333,8,17,1401.84,82.46117647058823,14.138823529411766,10,3
1464afc72f696af775557a821c2e253f,RJ,29,36.52965517241379,11.55180316091954,0.034482758620689655,549.8076840276525,4.241379310344827,0.10344827586206896,11,30,1059.36,35.312,15.147333333333334,8,2
77a515caa36327151d1cc6c32a9f00e1,SP,26,85.28423076923076,10.33738425925926,0.11538461538461539,440.32961580732257,4.423076923076923,0.07692307692307693,9,26,2217.39,85.28423076923076,15.238076923076923,19,1
32fdd5d44ecb43dfd6a24b9369eca144,MG,8,59.9,16.070402199074074,0.0,926.9489545665288,4.375,0.0,6,8,479.2,59.9,17.335,5,1
4b0fdb526525f9890eb145bf1534640e,SP,18,134.38888888888889,9.188895961934158,0.0,507.33357303263773,4.055555555555555,0.16666666666666666,8,20,2419.0,120.95,26.7605,10,2
1cd9e0cc1839d55516843def5600816d,SP,5,165.0,7.781398148148147,0.0,306.63957421945025,5.0,0.0,4,5,825.0,165.0,20.344,2,1
7fc87cc3e89b3d1d5cabdca32f8485aa,SP,14,153.85,19.740683697089946,0.21428571428571427,212.89256436170834,3.5714285714285716,0.2857142857142857,4,14,2153.9,153.85,48.708571428571425,9,3
0c7f30ae9b147eca07affbef92832a6a,PR,5,95.9,8.54264814814815,0.0,551.4121544539372,5.0,0.0,2,5,479.5,95.9,17.522,4,3
e09887ca8c7bf8a4621ce481820414ef,SP,2,39.985,57.878368055555555,0.5,1185.4213286711342,3.0,0.5,2,3,79.97,26.656666666666666,14.866666666666665,3,1
318f287a62ab7ac10b703ac37435a231,SP,51,47.695686274509804,11.519044798474946,0.09803921568627451,431.281364461862,3.9215686274509802,0.19607843137254902,10,61,2432.48,39.87672131147541,17.984262295081965,7,2
52bb00821bcdd358a5a5a27e1f6be5a1,SP,2,174.9,15.994728009259259,0.0,1024.9981069483465,4.5,0.0,2,2,349.8,174.9,19.314999999999998,2,1
acb6c2ca5c82411c1fdb88d5fd5eb95e,SP,10,41.388,10.168471064814815,0.0,348.4384397790203,3.9,0.2,6,11,413.88,37.625454545454545,14.691818181818183,5,4
26e2e5033827d2ba53929f43e03d8ffe,SP,1,139.49,5.269074074074074,0.0,118.09273504307619,5.0,0.0,1,1,139.49,139.49,15.29,1,1
55dedd83e501d8248880557d9073cbfd,RJ,8,131.9125,4.779639756944444,0.0,285.18957170178834,4.875,0.0,3,9,1055.3,117.25555555555555,12.309999999999999,8,1
5b179e9e8cc7ab6fd113a46ca584da81,SP,34,152.16176470588235,13.005503812636166,0.058823529411764705,415.344319045863,3.6666666666666665,0.21212121212121213,9,36,5173.5,143.70833333333334,18.49,9,4
ffdd9f82b9a447f6f8d4b91554cc7dd3,PR,18,116.73333333333332,10.538292824074073,0.0,459.30117017292673,4.333333333333333,0.1111111111111111,5,20,2101.2,105.05999999999999,36.373000000000005,12,2
4eeb99008a0f59d2c7759c59f9a346eb,SP,2,641.0,7.6647337962962965,0.0,398.8235496187774,4.5,0.0,2,2,1282.0,641.0,19.475,2,1
f3511c85f59f8dec53d140501ee8e7a8,PR,1,69.9,1.9164930555555555,0.0,3.2818056583566086,5.0,0.0,1,1,69.9,69.9,8.11,1,1
60da8bfa7eebe230b7d66ac4082d79b3,SP,3,28.866666666666664,7.781188271604939,0.3333333333333333,283.3598110200256,4.333333333333333,0.0,1,3,86.6,28.866666666666664,12.89,2,1
2c538755f1ca9540af144f266e70df6c,MG,1,334.99,6.557847222222223,0.0,716.8423800460516,5.0,0.0,1,1,334.99,334.99,24.92,1,1
cb41bfbcbda0aea354a834ab222f9a59,SP,11,344.72727272727275,37.56390677609427,0.36363636363636365,810.2959046488463,3.272727272727273,0.36363636363636365,6,11,3792.0,344.72727272727275,78.06,2,1
2379bdc3888025689a9deb7b141507d5,SP,9,111.05555555555556,18.42511059670782,0.2222222222222222,227.51244950790144,4.333333333333333,0.1111111111111111,3,9,999.5,111.05555555555556,14.012222222222222,8,2
5ee7fd217d08dfe5d3e2f51f96a12c9a,SP,9,129.5,16.85798739711934,0.2222222222222222,521.1755336579001,3.4444444444444446,0.3333333333333333,6,9,1165.5,129.5,29.964444444444446,8,2
a414555ce331b8c8aea4a9cb8395194d,SP,7,207.27857142857144,6.988583002645503,0.0,156.7706361234171,3.3333333333333335,0.3333333333333333,2,8,1450.95,181.36875,30.33,4,3
834f8533b2ecb6598dd004ff3de7203a,SP,41,105.47195121951218,14.66357582429991,0.14634146341463414,413.1808988407079,3.951219512195122,0.17073170731707318,9,45,4324.349999999999,96.09666666666665,20.584666666666667,25,4
b5f49fe968dff6b112861e6cd8e192ef,PR,1,194.70000000000002,13.995439814814814,0.0,822.0922836910705,5.0,0.0,1,2,194.70000000000002,97.35000000000001,21.485,2,1
b26741d31a563d769b4af0465ab20c56,SC,2,324.0,12.684010416666666,0.0,1806.5532557222346,4.0,0.0,2,2,648.0,324.0,23.515,2,2
f7315bb81aea4ddca2d39e249a801c98,SP,2,189.9,10.214172453703704,0.0,658.0102273504012,4.5,0.0,2,2,379.8,189.9,25.14,1,1
8e2b3afb420011ef0c88c9d5f11ea526,SP,11,125.86363636363636,10.559795875420875,0.09090909090909091,239.80555560830737,4.2727272727272725,0.09090909090909091,3,11,1384.5,125.86363636363636,13.44818181818182,3,2
8fff28c4263ddec387f28d237fb42773,SP,2,29.3,5.756741898148148,0.0,417.50904226545254,5.0,0.0,2,4,58.6,14.65,13.5075,2,1
0ddefe3c7a032b91f4e25b9c3a08fca1,SP,9,44.766666666666666,7.80940072016461,0.0,324.21832717116007,4.555555555555555,0.0,5,10,402.9,40.29,15.0,7,4
730937bf88cb151eb2eb849f642fc213,SP,22,128.23636363636362,6.470883312289562,0.045454545454545456,510.1423285485734,4.409090909090909,0.09090909090909091,6,26,2821.2,108.5076923076923,17.537307692307692,5,1
cc3d14116804f7209f3884f6367f1152,PR,27,202.8814814814815,12.827609739368999,0.0,694.0638208509719,4.62962962962963,0.037037037037037035,10,30,5477.8,182.59333333333333,19.426333333333332,4,3
5dc203c7b84a0e71e878a179de05fb9a,SP,5,84.38,8.570122685185186,0.0,799.9523992503044,4.0,0.2,3,5,421.9,84.38,25.630000000000003,3,3
440dd6ab244315c632130ecfb63827b1,SP,91,143.83516483516485,16.616442434879936,0.13186813186813187,929.0435121059658,3.89010989010989,0.15384615384615385,17,92,13089.0,142.27173913043478,22.246521739130436,28,2
66fd84ee7528c0c0de85d0f44a73d5ab,RS,11,130.73727272727274,15.406205808080808,0.09090909090909091,1212.4227033141606,3.3636363636363638,0.2727272727272727,6,21,1438.11,68.48142857142857,21.58047619047619,9,1
f3c38ab652836d21de61fb8314b69182,SP,15,105.4,8.208585648148148,0.0,430.29294798662346,4.266666666666667,0.06666666666666667,8,15,1581.0,105.4,16.506,11,4
90b57083da5d803237da74daec6dcb2b,PR,2,103.45,7.904450231481482,0.0,467.41982195118646,5.0,0.0,2,2,206.9,103.45,17.155,2,2
45d33f715e24d15a6ccf5c17b3a23e3c,SP,56,80.68732142857142,11.551485615079367,0.05357142857142857,386.18966732515645,4.142857142857143,0.10714285714285714,11,58,4518.49,77.905,14.91344827586207,31,12
1bb3812d5f0747a3ab7348f199001a10,SP,9,92.71111111111112,12.761235853909463,0.0,1155.2039687758406,4.888888888888889,0.0,7,9,834.4000000000001,92.71111111111112,23.907777777777778,8,1
c33a5c3c983090c8b78a28e65052a20d,SC,8,69.9,11.570222800925926,0.0,378.4640277290907,4.125,0.25,4,8,559.2,69.9,16.01625,3,1
003554e2dce176b5555353e4f3555ac8,GO,1,120.0,4.646805555555556,0.0,936.3943744054517,5.0,0.0,1,1,120.0,120.0,19.38,1,0
16090f2ca825584b5a147ab24aa30c86,SP,398,64.26924623115578,9.184934510515541,0.08040201005025126,362.1309323462704,4.088383838383838,0.13131313131313133,19,406,25579.16,63.002857142857145,13.312463054187191,37,7
5659d77e8d90378e39b960ad5956f64e,SP,2,91.24000000000001,20.48904513888889,0.5,462.97175482535573,2.5,0.5,2,2,182.48000000000002,91.24000000000001,15.325,2,2
b561927807645834b59ef0d16ba55a24,SP,85,52.964588235294116,12.612163671023964,0.1411764705882353,512.9958520985217,4.341176470588235,0.09411764705882353,13,95,4501.99,47.38936842105263,13.737263157894736,42,4
28d162ab86bb49d719c32f0ee6186eaa,SP,1,109.99,16.388842592592592,0.0,1064.295528522684,4.0,0.0,1,1,109.99,109.99,17.21,1,1
e06f09ec0a4aca210779cf1cfc63cf19,SP,29,182.05137931034483,14.870760296934865,0.06896551724137931,648.8144781511045,3.9482758620689653,0.1724137931034483,10,31,5279.49,170.30612903225807,20.061935483870965,25,11
8c9348f33ae3dada25c99c99ade2af78,SP,2,156.495,10.17058449074074,0.0,1017.4139737328734,5.0,0.0,2,2,312.99,156.495,25.97,2,2
da6a60cc8cc724fe51be021ff8be779c,RJ,12,60.732499999999995,7.834971064814815,0.0,528.2333046909367,4.75,0.0,5,13,728.79,56.060769230769225,19.676153846153845,9,2
461ff5303b6c9c1a4a07f40c5aece516,PR,3,34.23333333333333,6.6001157407407405,0.0,439.586935801223,3.6666666666666665,0.3333333333333333,2,3,102.69999999999999,34.23333333333333,19.576666666666664,2,1
e82de6494d91d3c4c54450f59b227a94,SP,3,39.63333333333333,18.68153549382716,0.3333333333333333,393.3100110878936,5.0,0.0,2,3,118.9,39.63333333333333,12.933333333333332,2,2
213b25e6f54661939f11710a6fddb871,SP,152,99.38125000000001,15.236320586622806,0.06578947368421052,481.9261646205009,3.814569536423841,0.2052980132450331,17,190,15105.95,79.50500000000001,17.79478947368421,79,3
78c99c6dff4eeae5be99bf635ed21e3f,SP,31,65.51225806451613,13.445802344683393,0.06451612903225806,728.5925766052945,4.419354838709677,0.0967741935483871,11,39,2030.88,52.073846153846155,17.048461538461538,15,1
a36ac007a4d18f865c8d32c3b2402c2d,SP,8,153.72375,9.652709780092593,0.0,516.9872857603234,2.75,0.5,4,8,1229.79,153.72375,20.14625,3,2
6b333a05bf188ef3e1f1662a86bd9855,DF,12,332.5758333333333,10.705775462962963,0.08333333333333333,552.0159160528342,4.333333333333333,0.08333333333333333,5,13,3990.91,306.9930769230769,43.38230769230769,9,6
56642bcb79900e777d68e91915cb4267,SP,48,76.20083333333334,12.484718364197532,0.08333333333333333,442.35753059617565,4.0625,0.14583333333333334,11,56,3657.64,65.315,14.538392857142856,8,3
41b86b552e54e3a7009596125aa8b167,SP,10,159.53000000000003,13.90882175925926,0.0,763.6818027231786,4.3,0.1,6,11,1595.3,145.02727272727273,21.328181818181818,11,1
1d0997ff06b524ce9289ffd75114ecd3,PE,3,1249.0,17.01238425925926,0.3333333333333333,2495.4376565461866,3.6666666666666665,0.3333333333333333,3,3,3747.0,1249.0,42.19,3,2
73b8eb4a9a729d4019b24ed1be748cbf,SP,7,81.27142857142857,4.136651785714286,0.0,228.62376621485967,4.857142857142857,0.0,3,7,568.9,81.27142857142857,12.37142857142857,6,2
a69aa24cec11168e7e39a3fbc727e925,SP,3,35.32333333333333,8.651388888888889,0.0,258.2395853278459,5.0,0.0,2,3,105.97,35.32333333333333,11.44,2,1
8ea394aed8138685abe1eb9f25e1021d,SP,2,670.0,11.29025462962963,0.0,438.6901676440982,4.0,0.0,2,2,1340.0,670.0,38.8,1,1
8a130737016f838139d31878787a39c9,SP,56,75.39339285714286,10.189485160383597,0.07142857142857142,367.0983469651834,4.446428571428571,0.05357142857142857,10,62,4222.03,68.09725806451613,13.585322580645162,7,2
f682e0f848abafc6f41e0d4e868c66ef,SP,2,134.99,19.699797453703702,0.5,739.0863454011361,3.5,0.0,2,2,269.98,134.99,17.01,2,1
11742f81550ac064cc9a40f67151d9ad,SP,2,390.95,9.095063657407408,0.0,309.2485039731125,5.0,0.0,1,2,781.9,390.95,24.555,2,1
8a40ae794fa3f9892cee24bd5af0488b,PR,6,123.30833333333334,27.80233024691358,0.3333333333333333,2253.0262538861043,3.1666666666666665,0.3333333333333333,3,6,739.85,123.30833333333334,34.401666666666664,4,3
0936e1837d0c79253456bbb2ffaaef10,SP,1,38.9,18.366805555555555,0.0,553.7013118296851,5.0,0.0,1,2,38.9,19.45,15.56,1,1
850f4f8af5ea87287ac68de36e29107f,SP,186,243.46973118279573,10.125434525587416,0.04838709677419355,520.2478835784151,4.295081967213115,0.09289617486338798,18,191,45285.37,237.09617801047122,16.21649214659686,42,4
4dc2e811a1760953cb7c6a590b498943,SP,1,175.0,6.671539351851852,0.0,238.2956152189245,5.0,0.0,1,1,175.0,175.0,24.84,1,1
343e716476e3748b069f980efbaa294e,SP,16,54.793749999999996,13.035564959490742,0.0625,544.592219330884,4.266666666666667,0.13333333333333333,6,23,876.6999999999999,38.11739130434783,13.175217391304347,6,1
e9729944ba65dc3ce425e0c5a22ae7b2,RJ,4,229.175,10.13974247685185,0.25,214.78246540291846,3.75,0.0,2,4,916.7,229.175,15.4325,3,1
e0eabded302882513ced4ea3eb0c7059,SP,8,122.30000000000001,11.449202835648148,0.0,631.6126784384281,4.625,0.0,6,8,978.4000000000001,122.30000000000001,17.34875,3,2
643214e62b870443ccbe55ab29a4dccf,SP,65,49.680461538461536,9.59067735042735,0.1076923076923077,494.4765259350255,4.4,0.046153846153846156,15,66,3229.23,48.927727272727275,13.507272727272728,31,2
ce27a3cc3c8cc1ea79d11e561e9bebb6,SP,122,77.58565573770493,10.19712668867638,0.01639344262295082,575.0822598037056,4.188034188034188,0.1111111111111111,20,151,9465.45,62.68509933774835,14.269337748344372,39,11
0241d4d5d36f10f80c644447315af0bd,PR,238,131.9231092436975,11.004127859477125,0.046218487394957986,642.5994153326677,4.352320675105485,0.10548523206751055,18,246,31397.7,127.6329268292683,27.86142276422764,56,1
272f092de69afedd4d2969440b37f18f,SP,25,73.8532,10.167692129629629,0.0,699.6532627500972,3.9375,0.20833333333333334,11,39,1846.3300000000002,47.341794871794875,13.541794871794872,24,4
d1aa1ec0839dcab73a6161130eb1f94a,PR,1,119.9,35.02212962962963,1.0,653.9205518866719,4.0,0.0,1,1,119.9,119.9,16.14,1,1
8e8a7ce9f2f970dc00e2acf6f6e199f6,RJ,63,140.015873015873,12.24611956202234,0.06349206349206349,662.2709731148282,4.0,0.12698412698412698,14,64,8821.0,137.828125,17.9340625,6,1
d7827b2af99326a03b0ed9c7a24db0d3,SP,1,1455.0,13.849085648148149,0.0,399.13513542154016,5.0,0.0,1,1,1455.0,1455.0,101.7,1,1
3935fe5fe0f82787a9dcb8deb62be09d,SP,16,105.105625,11.26288917824074,0.125,526.543661780822,4.0,0.0625,7,17,1681.69,98.92294117647059,24.685882352941174,8,3
119d1aef1b4144adba89163f6cd9f5d4,SP,4,273.5,4.477740162037037,0.0,110.62697905264416,4.75,0.0,1,4,1094.0,273.5,51.06,3,2
9a1aea68d3efa00862ec88c0768037d0,SP,7,187.02857142857144,13.021289682539683,0.0,785.1094886914883,4.428571428571429,0.0,4,8,1309.2,163.65,24.06375,3,2
a9b533a26e898b12e8b8d4c07279bf4d,RJ,4,29.9,15.162638888888889,0.0,844.7871110609517,5.0,0.0,3,4,119.6,29.9,17.865,1,1
5b51032eddd242adc84c38acab88f23d,MG,12,273.3333333333333,11.746846064814816,0.0,279.74419852498477,4.0,0.08333333333333333,4,14,3280.0,234.28571428571428,19.210714285714285,9,2
8cc6a0e5738e61a87b03c78b2ba9db4b,MG,23,577.0739130434783,16.772033514492755,0.08695652173913043,643.8895860300809,4.478260869565218,0.043478260869565216,10,24,13272.7,553.0291666666667,20.995833333333334,13,6
c53bcd3be457a342a97e39e5a9f0be22,SE,5,101.9,12.383395833333333,0.0,1045.1924413357042,3.2,0.4,4,5,509.5,101.9,37.218,3,1
f4db9b37944bcb8873e6b456ee190bbf,SP,21,162.3704761904762,13.154061397707231,0.09523809523809523,798.4206413879831,4.571428571428571,0.0,10,22,3409.78,154.99,22.734545454545454,8,2
729b2d09b2a0bdab221076327f13d050,SP,48,37.60854166666667,12.483082320601852,0.041666666666666664,569.6449026627549,4.5625,0.041666666666666664,13,60,1805.21,30.086833333333335,15.578333333333331,21,2
18e694e0e48ed6f7aa3f24aade5fd697,SP,31,22.63032258064516,6.011871266427717,0.03225806451612903,237.57541367040517,4.67741935483871,0.0,7,34,701.54,20.633529411764705,14.830294117647059,4,3
30a81d8cf85fb2ada1b1b094c9583a95,SP,17,73.26,4.290115740740741,0.0,119.50396397271781,4.823529411764706,0.0,2,20,1245.42,62.271,8.405,7,1
6561d6bf844e464b4019442692b40e02,SP,1,41.9,1.434201388888889,0.0,23.98077459036186,5.0,0.0,1,1,41.9,41.9,7.55,1,1
e64d65bc8dbec2accda90c58de5d1246,SP,12,139.9,13.493086419753086,0.25,495.11594561763064,3.0833333333333335,0.4166666666666667,5,12,1678.8000000000002,139.9,18.43,2,1
3903c788ded8dc03b5ebab37a2f3e9a1,SP,5,23.996,10.304136574074075,0.2,277.84946090776356,4.0,0.0,2,5,119.97999999999999,23.996,10.254,4,2
63191ead8d3b2f937cd1996fdcbbad20,SP,1,367.0,11.917349537037037,0.0,1901.1159490110288,5.0,0.0,1,1,367.0,367.0,53.29,1,1
67bf6941ba2f1fa1d02c375766bc3e53,PR,15,337.46666666666664,14.965672839506173,0.06666666666666667,853.3757931121016,4.333333333333333,0.06666666666666667,9,20,5062.0,253.1,62.897000000000006,4,3
897060da8b9a21f655304d50fd935913,SP,304,71.51483552631578,14.947158907468323,0.10526315789473684,521.4406061427065,3.712624584717608,0.23255813953488372,18,413,21740.51,52.64046004842615,15.781646489104116,99,3
76c47a299e4a8fe992316a85865acbe9,SP,6,170.74333333333334,20.242797067901233,0.3333333333333333,643.433908475448,4.666666666666667,0.0,5,10,1024.46,102.446,22.188,5,1
d1b9d4be4b6f9ebd85f8acd6745ba612,MG,11,104.94090909090909,10.813234427609428,0.0,684.4214455510119,4.181818181818182,0.09090909090909091,5,11,1154.35,104.94090909090909,17.652727272727272,10,1
3ea08c48e851106d2f584349daba335f,MG,1,170.0,6.003807870370371,0.0,144.47971262242527,4.0,0.0,1,1,170.0,170.0,22.94,1,1
389e45560e33d2d0747f949dcddbc08e,SP,1,39.0,3.949548611111111,0.0,10.913809897478517,5.0,0.0,1,1,39.0,39.0,8.43,1,1
b81e3a6c866a764974fe849821abeebd,SP,8,104.51875000000001,6.141940104166666,0.0,288.4804801659588,4.625,0.0,3,11,836.1500000000001,76.01363636363637,19.714545454545455,8,2
b494891378bd8f4560abe576c52deacd,SP,19,149.42105263157896,5.474568104288499,0.0,555.8567548871497,4.7368421052631575,0.05263157894736842,5,21,2839.0,135.1904761904762,14.094285714285714,20,4
09f952a5f58d2285b0372551ae8f9b01,SP,50,236.43,13.292202777777778,0.06,739.7166643267515,3.84,0.18,14,56,11821.5,211.09821428571428,27.231428571428573,11,2
14d7985702e72162bbf13b6beb74ab2b,SP,37,105.05405405405405,11.058064314314315,0.10810810810810811,391.0280097407158,4.324324324324325,0.08108108108108109,10,38,3887.0,102.28947368421052,14.578947368421053,26,1
2c4c47cb51acd5ea5db5e0ae0e26542a,SP,12,214.6583333333333,10.739328703703704,0.0,443.1698622341109,4.666666666666667,0.0,4,15,2575.9,171.72666666666666,22.764666666666667,4,1
b416191c9813d821a295cfabafff4161,SP,2,58.9,19.298738425925926,0.0,489.8319399852378,2.5,0.5,2,2,117.8,58.9,16.17,1,0
9616352088dcf83a7c06637f4ebf1c80,PR,91,62.01208791208791,12.439302248677247,0.0,782.2149692645478,4.34065934065934,0.07692307692307693,11,97,5643.099999999999,58.17628865979381,18.21340206185567,5,1
557f22c76691849db52d2abccf0015d0,GO,12,66.65583333333333,14.50512538580247,0.0,799.7883031347909,3.272727272727273,0.2727272727272727,6,13,799.87,61.52846153846154,23.743846153846157,4,2
968ee78631915a63fef426d6733d7422,RS,2,225.0,15.264716435185186,0.0,822.5111410537439,3.0,0.5,2,2,450.0,225.0,35.835,1,1
533d46c1b06970e99f09523a61df4972,SP,2,79.99,16.602592592592593,0.0,516.4942583338737,4.5,0.0,2,2,159.98,79.99,16.32,1,1
1dd33b8119b3cb1056ed5dc88cd0aaf4,SP,8,189.125,10.906626157407407,0.125,843.4231434280164,3.75,0.125,5,8,1513.0,189.125,16.0925,2,1
2dcf93836ae3ce0d7c93e2f10876467a,SP,9,160.42222222222222,6.496018518518518,0.2222222222222222,255.3842965618369,4.111111111111111,0.1111111111111111,4,12,1443.8,120.31666666666666,14.886666666666665,9,2
51702dc2a3e106c76dbff722b5bf0726,SP,13,208.08461538461538,14.786125356125355,0.0,714.6500438108494,4.3076923076923075,0.07692307692307693,7,14,2705.1,193.22142857142856,41.56714285714286,8,2
97512d3fc193b2d1dfcdba0f9d1f0f8a,SP,12,121.5725,8.47090374228395,0.08333333333333333,288.53845416555373,4.25,0.08333333333333333,5,13,1458.8700000000001,112.22076923076924,26.273076923076925,6,1
f3975e8a41157005d4bcbb358678cd9b,SC,2,89.4,8.65745949074074,0.0,426.29002088594285,5.0,0.0,2,2,178.8,89.4,41.989999999999995,2,2
76d336555bb25f3165d2f0d6da719c40,SP,1,165.0,11.495,0.0,130.99190413382308,3.0,0.0,1,1,165.0,165.0,11.76,1,1
f08a5b9dd6767129688d001acafc21e5,RS,11,1279.057272727273,18.870517676767676,0.0,1226.6147368594272,4.2727272727272725,0.09090909090909091,6,18,14069.630000000001,781.6461111111112,27.561666666666667,7,3
ae45df84722b1d15c5f32b23a095746c,SP,9,100.20333333333332,7.418199588477366,0.0,469.4050843680513,4.777777777777778,0.0,4,12,901.83,75.1525,13.638333333333334,10,1
d197aa8fbc64087f61984deef05f6227,SP,6,86.515,7.411525848765432,0.0,340.0877543343374,4.833333333333333,0.0,3,7,519.09,74.1557142857143,15.937142857142858,6,2
afa6714acee029b2dfdf357e5579cc03,SP,16,201.29749999999999,12.73338179976852,0.125,724.0045802427433,4.25,0.125,10,17,3220.7599999999998,189.45647058823528,22.518823529411765,8,4
520b493b57809f446cb0a233bb3e25c7,SP,63,58.712698412698415,7.681669422398589,0.015873015873015872,338.7105841920598,4.2936507936507935,0.09523809523809523,10,73,3698.9,50.66986301369863,14.574931506849316,28,3
9b1ab052f5fca308ba743ac789ebb2e1,PR,2,147.04500000000002,10.214050925925925,0.0,553.2143333976409,4.0,0.0,2,2,294.09000000000003,147.04500000000002,15.995,2,2
bab0a8cd684e41ba6e2637dca0979d3b,RJ,1,269.9,13.315324074074073,0.0,737.5933778883042,5.0,0.0,1,1,269.9,269.9,19.14,1,1
b83cedfb587e7911540e3f576d6917ce,SP,24,92.70625,10.15885368441358,0.041666666666666664,426.87440028861823,4.208333333333333,0.125,9,25,2224.95,88.99799999999999,13.752,16,2
0ef83d7d83ed97cd2a0049ac8be5f88a,PR,48,92.104375,9.567613329475309,0.020833333333333332,503.8783104973586,4.148936170212766,0.19148936170212766,8,55,4421.01,80.382,18.669090909090908,14,2
d13e50eaa47b4cbe9eb81465865d8cfc,SP,66,107.16742424242425,5.039004454264871,0.09090909090909091,251.19987165049525,4.818181818181818,0.030303030303030304,11,68,7073.05,104.01544117647059,12.272058823529411,7,2
37303482a42fb700d8d127e70a9cd6c8,SP,1,58.9,2.051712962962963,0.0,55.84438888952364,5.0,0.0,1,1,58.9,58.9,8.11,1,1
5c6d4016c2a288f074fa0848a2b653d2,SP,31,100.0,10.63474089008363,0.0967741935483871,518.9543973842468,4.161290322580645,0.12903225806451613,9,34,3100.0,91.17647058823529,14.650882352941176,16,4
88cd3681e0a2ba85e190f7d817629c4c,SC,1,180.0,7.015775462962963,0.0,571.1441903128409,4.0,0.0,1,1,180.0,180.0,19.36,1,1
da8622b14eb17ae2831f4ac5b9dab84a,SP,1311,121.90455377574371,11.18655480160748,0.06636155606407322,395.84521610893887,4.178544061302682,0.11800766283524904,23,1548,159816.87,103.24087209302326,16.07875322997416,221,4
fe26f3ecb51a15e6d8335cd92da42562,SP,7,386.9942857142857,10.683282076719577,0.14285714285714285,355.4414636604901,4.428571428571429,0.0,3,7,2708.96,386.9942857142857,37.51285714285715,7,1
5151aea44289d6c6b090ee31c2132508,SP,7,187.9,17.37599537037037,0.0,963.0038531601759,1.8333333333333333,0.6666666666666666,4,7,1315.3,187.9,23.881428571428568,1,1
13511db12ac61e2f89c53b72a944a60b,RS,6,133.0,9.17029899691358,0.0,683.6867722647631,3.5,0.3333333333333333,4,6,798.0,133.0,44.32833333333334,4,2
4b90495391ac0bd181a80a459df1e718,RS,1,248.0,11.879664351851853,0.0,369.74196199657575,4.0,0.0,1,1,248.0,248.0,18.11,1,1
b37c4c02bda3161a7546a4e6d222d5b2,SP,4,6018.75,18.67324074074074,0.0,677.5252903257551,2.25,0.75,3,15,24075.0,1605.0,27.506666666666668,3,2
5f1dc28029d2c244352a68107ec2b542,SP,62,45.27903225806452,9.54630152329749,0.016129032258064516,471.6660831325523,4.426229508196721,0.06557377049180328,14,78,2807.3,35.991025641025644,12.771282051282052,36,10
710e3548e02bc1d2831dfc4f1b5b14d4,PR,131,170.75763358778627,14.497791825699744,0.03816793893129771,718.4387196918135,3.4307692307692306,0.3076923076923077,16,137,22369.25,163.27919708029196,27.318686131386862,33,9
485452467ff670447e84a8370c3fc898,SC,3,58.56666666666666,14.225609567901236,0.0,429.89991326202494,4.666666666666667,0.0,3,3,175.7,58.56666666666666,46.580000000000005,3,1
3ab971ce71839580d2ae5b4e40fe8044,SP,35,140.4857142857143,6.8823330026455025,0.05714285714285714,371.86757647257645,3.911764705882353,0.20588235294117646,6,37,4917.0,132.8918918918919,23.79054054054054,8,2
9d4db00d65d7760644ac0c14edb5fd86,SP,97,101.50216494845361,8.056416213249332,0.041237113402061855,304.47211621667526,4.541666666666667,0.041666666666666664,13,99,9845.710000000001,99.45161616161617,15.248383838383837,41,7
1dcfa3835714681d4ba4a93bc1e0fd41,SP,12,98.88333333333334,15.07900848765432,0.0,1084.517418142854,4.2727272727272725,0.09090909090909091,8,14,1186.6000000000001,84.75714285714287,21.205714285714286,4,1
6da1992f915d77be95d7fa48b36904af,SP,7,37.285714285714285,9.04173115079365,0.0,584.2826513026787,4.0,0.14285714285714285,4,9,261.0,29.0,13.628888888888888,1,0
d4f117125b59ce73c3302f88ee40c458,SP,17,46.07588235294117,7.728728894335511,0.0,383.1423819105257,4.823529411764706,0.0,6,17,783.29,46.07588235294117,12.665882352941177,8,1
1de62b6f2fd96227629786db492433db,SP,2,104.4,8.235648148148147,0.0,633.9047434096326,5.0,0.0,2,2,208.8,104.4,14.365,2,1
30a2f535bb48308f991d0b9ad4a8c4bb,SP,71,66.63802816901409,8.210501597548252,0.028169014084507043,460.11171724506715,4.28169014084507,0.1267605633802817,11,87,4731.3,54.38275862068966,12.460459770114943,20,1
a36b125ac6d5fdbc7f50de85c9157bdc,SP,23,77.98478260869565,12.984740841384863,0.08695652173913043,516.1993253670289,3.9565217391304346,0.13043478260869565,7,25,1793.65,71.74600000000001,14.955599999999999,10,3
1336efc61c316ddf92c899eb817f7cae,SP,74,65.36905405405406,11.731673235735736,0.08108108108108109,671.1579400816361,4.0,0.14864864864864866,14,85,4837.31,56.90952941176471,17.858588235294118,50,8
620c87c171fb2a6dd6e8bb4dec959fc6,RJ,722,155.76385041551248,12.902610691110086,0.08725761772853186,560.4523546388797,4.305865921787709,0.11173184357541899,23,778,112461.5,144.55205655526993,17.75922879177378,124,2
ab91571efab27993ff2f6b36e38055c3,SP,3,34.08,12.996577932098766,0.3333333333333333,285.86648313346774,4.666666666666667,0.0,2,4,102.24,25.56,14.1725,1,1
63a79f5a7eb5cb48a7e5787b141c7993,MG,11,74.10000000000001,6.365419823232323,0.0,443.186858115665,4.545454545454546,0.0,3,11,815.1,74.10000000000001,18.257272727272724,6,2
070d165398b553f3b4b851c216b8a358,SP,31,107.52161290322582,12.10249775985663,0.12903225806451613,321.85879804792563,3.3666666666666667,0.3333333333333333,8,38,3333.17,87.715,25.472105263157893,11,1
b64d51f0435e884e8de603b1655155ae,SP,17,24.48117647058823,7.401608796296296,0.11764705882352941,193.58517499664435,4.294117647058823,0.11764705882352941,4,23,416.18,18.094782608695652,15.537391304347826,15,2
9fc70243fb26800cba56e8f014797004,MG,6,77.76666666666667,9.69967785493827,0.0,422.1363707059117,4.5,0.0,3,7,466.6,66.65714285714286,14.957142857142857,2,2
1cbcd2ee0afb3fc09963b87eb65e7e4f,PR,1,90.0,4.318333333333333,0.0,431.12698287603484,5.0,0.0,1,3,90.0,30.0,13.550000000000002,1,1
344223b2a90784f64136a8a5da012e7f,SC,1,10.9,32.62399305555556,0.0,856.5890336072716,2.0,1.0,1,1,10.9,10.9,16.79,1,1
4c8b8048e33af2bf94f2eb547746a916,SP,19,99.07631578947368,18.612037037037037,0.10526315789473684,524.641291493926,3.3684210526315788,0.3157894736842105,8,23,1882.45,81.84565217391305,16.757826086956523,19,5
7a704e63bb29c446869efde5d57524c8,PR,1,94.49,7.512939814814815,0.0,705.9554752059606,5.0,0.0,1,1,94.49,94.49,15.41,1,1
88460e8ebdecbfecb5f9601833981930,PR,246,127.31869918699188,17.799440586419752,0.17073170731707318,664.6805401800988,3.442857142857143,0.3020408163265306,16,300,31320.4,104.40133333333334,16.46063333333333,12,1
7d76b645482be4a332374e8223836592,SP,172,21.893837209302323,13.625463635874246,0.09302325581395349,638.8899709459096,4.0,0.1411764705882353,22,183,3765.74,20.57781420765027,13.78158469945355,88,2
296729ffb9b684050dd24836dac4494a,SP,2,57.0,7.2698784722222225,0.0,554.765351998784,5.0,0.0,2,2,114.0,57.0,17.805,2,2
5f06030071324cc52bf0304014ac7234,SP,4,195.99,10.357387152777777,0.0,610.0425745573893,4.0,0.25,3,4,783.96,195.99,25.087500000000002,1,1
d36b07fd3c5088e477a72d1fccfe29d4,SP,1,328.9,13.235810185185185,0.0,404.45643443443385,5.0,0.0,1,1,328.9,328.9,10.96,1,1
46ef1a25845fc051c2998d878354810c,MG,5,50.082,16.845016203703704,0.0,320.5242111849094,4.4,0.0,3,5,250.41,50.082,19.608,4,2
a61cc04793308395a840807104365121,SP,1,14.63,8.368773148148149,0.0,67.48139502678377,5.0,0.0,1,1,14.63,14.63,23.74,1,1
cac4c8e7b1ca6252d8f20b2fc1a2e4af,SP,74,55.78635135135134,18.222758696196195,0.17567567567567569,620.8834681142353,3.5821917808219177,0.273972602739726,15,82,4128.19,50.34378048780487,18.664756097560975,33,7
cc63f0dd2acba93ffed4fe9f8e0321fa,SP,55,129.03109090909092,8.998671506734008,0.0,558.8377442915191,4.090909090909091,0.09090909090909091,10,63,7096.71,112.64619047619048,22.221746031746033,17,2
b29d3380981c51df13fc6fbe87e1763d,SP,6,72.55,8.02613425925926,0.0,300.9619605648846,3.8333333333333335,0.16666666666666666,1,7,435.3,62.18571428571429,14.082857142857142,5,1
a53f60f05f822b5c621a50ff6a5cb362,MG,4,103.85000000000001,11.473101851851853,0.0,537.9862299022163,3.6666666666666665,0.3333333333333333,4,6,415.40000000000003,69.23333333333333,21.521666666666665,4,2
dbec9a0a7efeff029d4d9dce7dc4cc95,MG,3,390.0,11.927997685185185,0.0,647.3804034863107,4.0,0.3333333333333333,3,3,1170.0,390.0,39.53,2,1
8de8fe3af4449ed695d2434c933ed73e,SP,1,2090.0,10.056851851851851,0.0,2148.714007524411,5.0,0.0,1,1,2090.0,2090.0,65.35,1,1
aa762680c40618316a896838866140ea,PR,3,87.0,22.5642862654321,0.3333333333333333,1454.596447553514,3.3333333333333335,0.3333333333333333,3,3,261.0,87.0,20.82,1,1
577719699805dd125d5b6fdde5943bba,RS,8,134.72500000000002,10.283478009259259,0.125,1030.706569225426,4.375,0.125,4,8,1077.8000000000002,134.72500000000002,26.195,8,3
13dd308f81fea30cc670c656b2b46cc3,SP,3,39.23333333333333,3.6380208333333335,0.0,231.55963597234464,5.0,0.0,2,3,117.69999999999999,39.23333333333333,11.146666666666668,2,1
01fd077212124329bac32490e8ef80d9,SP,31,38.96774193548387,8.150532407407407,0.03225806451612903,490.81281000644816,4.161290322580645,0.16129032258064516,8,39,1208.0,30.974358974358974,14.752820512820513,12,7
cb32766839f443db85c82a43c4a6c19e,SP,2,117.0,19.473778935185187,0.0,547.6573481912241,3.0,0.5,2,2,234.0,117.0,15.755,2,1
7aa538dd6e114e503a2e6154ea352253,SP,5,203.336,8.87823611111111,0.0,364.7048838126388,4.4,0.0,2,5,1016.6800000000001,203.336,20.384,4,2
e0a3c37054ade6478d923a6efc10f308,SC,2,109.9,7.835486111111111,0.0,245.48704121547254,5.0,0.0,2,2,219.8,109.9,17.59,2,1
0d4c8269e7f0401201794deef160edd6,SP,3,264.2133333333333,17.420385802469138,0.0,833.0037278853301,3.6666666666666665,0.3333333333333333,3,4,792.64,198.16,24.8475,4,1
3d68c634a99a1ba46dbca3967a69c623,SC,2,297.0,9.19443287037037,0.0,867.700004727778,5.0,0.0,2,2,594.0,297.0,131.85,1,1
8fbe2ee446b97e128471be4ce983dc0d,SP,3,49.5,8.099621913580247,0.3333333333333333,375.71518033125676,3.0,0.6666666666666666,2,3,148.5,49.5,13.333333333333334,3,1
e0b162a693bc7f9eab00f783a31d60ea,RS,1,20.0,11.088877314814814,0.0,1474.4123123217557,5.0,0.0,1,1,20.0,20.0,29.69,1,1
1f867308a0ce13133a4e639ff4de0c02,PR,7,125.01428571428572,11.268655753968252,0.0,385.9872197169594,4.142857142857143,0.14285714285714285,4,13,875.1,67.31538461538462,16.14,6,1
06a2c3af7b3aee5d69171b0e14f0ee87,MA,389,92.79686375321336,17.728175551033036,0.19023136246786632,1944.9127267564868,4.012987012987013,0.16103896103896104,25,402,36097.979999999996,89.79597014925372,30.028656716417913,44,1
2e90cb1677d35cfe24eef47d441b7c87,SP,127,109.40716535433071,12.454366980169146,0.12598425196850394,,4.118110236220472,0.14173228346456693,18,137,13894.710000000001,101.42124087591242,21.076277372262776,22,3
9315e491484b1b0081ca166fc164108d,PR,1,29.99,7.280138888888889,0.0,724.0493940986388,3.0,0.0,1,1,29.99,29.99,30.41,1,1
adbc26658d6c7b4b6219f9d934598091,PR,88,134.16363636363636,17.258289141414142,0.13636363636363635,523.1067171846214,4.125,0.1590909090909091,10,92,11806.4,128.3304347826087,20.49836956521739,9,2
0ffa40d54288e4f3499b8780dd0f144f,SP,33,65.53939393939395,13.538299312570146,0.12121212121212122,887.4819764326643,4.484848484848484,0.09090909090909091,13,35,2162.8,61.79428571428572,16.67628571428571,21,2
d05ae8f7a5bd1d2a690a44cd079e4e27,RJ,77,172.0,11.333823352573352,0.06493506493506493,464.8231685541047,3.8947368421052633,0.21052631578947367,13,80,13244.0,165.55,14.270625,11,1
508808d438fe2ff972ed13bb8f4a82e2,SP,9,26.093333333333334,4.809108796296297,0.0,282.5648346706992,4.666666666666667,0.0,4,10,234.84,23.484,11.12,9,7
28fb0829fd777877cdc350d25cb5bd5b,SP,2,139.9,14.081875,0.0,713.519578243734,5.0,0.0,2,2,279.8,139.9,21.04,2,1
c794dab4928dd97beb41d05514441e86,SP,16,82.02499999999999,13.794497974537038,0.125,648.713708508089,4.375,0.0625,7,16,1312.3999999999999,82.02499999999999,14.511875,9,1
1976a05ecf2996d6ffb7b5430e635fe7,SP,8,224.525,17.625846354166665,0.25,1068.2769864595405,3.875,0.25,7,9,1796.2,199.57777777777778,43.82888888888889,4,4
c70a353f02429c00775a46a75fb787da,SP,6,40.333333333333336,6.758491512345679,0.0,1056.580218145798,4.666666666666667,0.0,5,6,242.0,40.333333333333336,15.823333333333332,4,1
39d61be7a92eb77b7da367bd4845bc0e,SP,7,100.08428571428571,10.782415674603174,0.0,569.7707544525509,4.0,0.14285714285714285,4,14,700.59,50.042142857142856,14.930714285714286,6,1
c510bc1718f0f2961eaa42a23330681a,SP,12,845.0833333333334,6.957580054012346,0.0,258.0151952899774,4.25,0.16666666666666666,4,12,10141.0,845.0833333333334,59.20416666666667,11,1
8cf21434553b02cbd37c0bbd07e041b0,SC,1,49.99,11.212523148148149,0.0,847.5118544687472,4.0,0.0,1,1,49.99,49.99,23.22,1,1
edd066cd02126d7800f9b66e980e9931,DF,6,164.61666666666665,11.897121913580248,0.16666666666666666,701.376112480712,5.0,0.0,5,6,987.6999999999999,164.61666666666665,31.03833333333333,6,1
392353362d22cc2c236e1ee81ff19890,SC,5,57.739999999999995,7.727078703703704,0.0,429.4146516864286,4.6,0.0,4,10,288.7,28.869999999999997,19.197,3,2
1f7fd2a6fcd5a6fa5d8a4dabc72aaae0,RS,3,177.26666666666665,7.109780092592593,0.0,561.6112754526756,5.0,0.0,3,3,531.8,177.26666666666665,33.626666666666665,2,1
c878515173c84a492ebe50d6b493230b,PR,9,124.31555555555555,16.798422067901235,0.2222222222222222,1072.9917079033678,4.111111111111111,0.2222222222222222,5,10,1118.84,111.88399999999999,18.919999999999998,6,4
77714512e8d4dda9c234da8e3faf16e4,SP,4,60.85,12.183356481481482,0.0,927.8018395754227,4.25,0.0,4,6,243.39999999999998,40.56666666666666,17.596666666666668,5,2
0eaa7e33d73809f1f925f7d07c506cbd,SP,15,103.46666666666667,5.903765432098766,0.0,297.9429016239163,4.714285714285714,0.07142857142857142,5,15,1552.0,103.46666666666667,12.993333333333334,12,2
3d01d1c414c44b5943a09619ff3853cb,SP,4,75.9,13.825367476851852,0.0,1329.152430270383,4.5,0.0,3,4,303.6,75.9,18.305,1,1
2e1c9f22be269ef4643f826c9e650a52,SP,161,75.59155279503105,9.822513011847251,0.062111801242236024,471.0740162700318,4.24375,0.1125,18,167,12170.24,72.8756886227545,13.899880239520959,71,3
00fc707aaaad2d31347cf883cd2dfe10,PR,103,123.15436893203884,15.109577714850774,0.038834951456310676,646.0980497386266,4.063725490196078,0.1568627450980392,10,135,12684.9,93.96222222222222,16.926592592592595,19,1
52f6f9f13ba19504c02781132a049e75,PR,1,199.0,16.289837962962963,0.0,657.2126467610339,2.0,1.0,1,1,199.0,199.0,23.13,1,1
83c8aafbefb034674a70de0eac5b8954,PR,2,67.45,5.073425925925926,0.0,995.4213993578389,5.0,0.0,2,2,134.9,67.45,25.485,2,1
58e4b302b54937e55a678c4d15111da4,PR,1,49.9,7.158981481481481,0.0,539.7791995199159,5.0,0.0,1,1,49.9,49.9,14.52,1,1
d1c281d3ae149232351cd8c8cc885f0d,SP,214,125.39070093457944,12.687229415455175,0.06542056074766354,539.9803143095946,3.806603773584906,0.2169811320754717,18,239,26833.61,112.27451882845189,22.510753138075312,114,2
33c51922b6e3c16b24a8f28e5833c99d,PR,18,369.88166666666666,14.543931327160493,0.05555555555555555,545.2691798852268,4.235294117647059,0.11764705882352941,5,20,6657.87,332.8935,18.4005,11,4
f80edd2c5aaa505cc4b0a3b219abf4b8,SP,116,76.34051724137932,12.073216395274585,0.05172413793103448,571.0587507614157,4.147826086956521,0.1391304347826087,17,125,8855.5,70.844,23.48096,23,6
0761743cbffb25d7148189e9f1a5f03a,SP,3,80.39999999999999,13.137214506172839,0.0,359.9231323637473,4.666666666666667,0.0,2,7,241.2,34.457142857142856,12.314285714285715,3,2
0b46f784306be7200ca1700aa55d819f,MG,1,19.9,3.2436574074074076,0.0,238.94352558904203,5.0,0.0,1,1,19.9,19.9,10.96,1,1
7a9c12e235c36247c3c81f50d6ea9cea,SP,5,196.78,12.8360625,0.0,1493.0843093143517,4.6,0.0,5,5,983.9,196.78,23.137999999999998,5,1
8629c241b3622ac12cd4118afdc8d394,SP,13,89.82000000000001,15.116361289173788,0.07692307692307693,843.9674368953462,4.076923076923077,0.15384615384615385,6,13,1167.66,89.82000000000001,25.720000000000002,6,3
3ade81dab5a172b88e1871c28ae05260,SP,28,192.27142857142857,14.181363260582009,0.10714285714285714,632.5004019754905,4.185185185185185,0.14814814814814814,7,30,5383.6,179.45333333333335,47.933,10,2
562fc2f2c2863ab7e79a9e4388a58a14,SP,255,33.957843137254905,11.30587232207698,0.03137254901960784,767.2922041817444,4.229249011857707,0.09881422924901186,23,265,8659.25,32.676415094339625,15.943245283018868,36,1
7dc8c42cc750eeafea6c85712ffee9bf,SP,41,156.33365853658538,9.15091548102981,0.04878048780487805,414.003363244031,4.195121951219512,0.12195121951219512,8,50,6409.68,128.1936,20.7082,16,8
247587846358bb1d2e4c6522020b36fe,SP,1,99.0,4.81011574074074,0.0,183.13202207817176,5.0,0.0,1,1,99.0,99.0,22.51,1,1
a35ef466c6fd6d052f5d241240d3c5e2,RS,3,189.96666666666667,11.831080246913581,0.0,1246.2364686807346,4.666666666666667,0.0,3,3,569.9,189.96666666666667,26.55,3,1
651530bf5c607240ccdd89a30c9c9712,BA,1,199.9,11.76519675925926,0.0,976.9147410070019,4.0,0.0,1,1,199.9,199.9,24.55,1,1
f1c1ac3f3efc07e659c035008e615e66,SP,3,764.9866666666667,10.968858024691357,0.0,404.61126548421976,3.3333333333333335,0.3333333333333333,3,9,2294.96,254.99555555555557,23.857777777777777,3,1
df0f42bc4c2142eacf0eaf2cffd0cfbb,SC,14,118.14285714285714,14.022936507936507,0.0,615.5557155231121,4.142857142857143,0.14285714285714285,5,16,1654.0,103.375,18.278125,2,1
40db9e9aa57f7bb151bcda6b0f9bdbb7,PE,12,1930.6666666666667,14.77563175154321,0.08333333333333333,1632.8928536311878,2.3636363636363638,0.6363636363636364,10,12,23168.0,1930.6666666666667,54.66583333333333,9,1
68ca56ce86830f3d31b1b7ec6a54da3e,PR,5,119.93799999999999,4.891428240740741,0.0,413.8170398647406,4.0,0.2,3,5,599.6899999999999,119.93799999999999,24.668,4,4
960945e1a9535cbc0cd6ddd35fbe7ae8,SP,28,120.77607142857143,6.186472387566137,0.0,226.50370418908741,4.642857142857143,0.0,5,29,3381.73,116.61137931034483,16.544827586206896,7,3
c00396cbdd2e088fe4281baa5920aef1,PR,1,832.4100000000001,12.10460648148148,0.0,364.1790591943628,5.0,0.0,1,3,832.4100000000001,277.47,24.48,1,1
8d92f3ea807b89465643c219455e7369,SP,3,40.4,45.54934027777778,0.6666666666666666,1100.0674279334855,1.0,1.0,3,8,121.2,15.15,16.44625,3,1
c52c644cc0dc85121207a27013efc6af,MG,1,397.8,7.146863425925926,0.0,366.52740471399545,5.0,0.0,1,2,397.8,198.9,141.58,1,1
7e26c750b4cb9f6766f58265ff9ebe95,MG,23,58.44782608695652,9.22936191626409,0.0,504.7294716871161,4.434782608695652,0.043478260869565216,7,27,1344.3,49.788888888888884,14.402962962962963,2,1
5a8e7d5003a1f221f9e1d6e411de7c23,SP,137,80.59927007299271,10.214196573398215,0.0364963503649635,498.8108970049123,4.1678832116788325,0.12408759124087591,16,179,11042.1,61.687709497206704,14.89776536312849,69,3
6d1b9c9579132c87d2703ec38c30f2c5,PR,4,74.9225,9.304976851851853,0.0,577.6450319305814,4.5,0.0,3,4,299.69,74.9225,16.925,3,2
20f0aeea30bc3b8c4420be8ced4226c0,SP,1,14.9,44.71587962962963,1.0,349.9981427613763,,,1,1,14.9,14.9,14.52,1,1
575df70bde3f9f2b30bf8d2e9910d725,SP,27,200.37222222222223,13.3933826303155,0.037037037037037035,675.7105626750837,4.074074074074074,0.14814814814814814,9,34,5410.05,159.11911764705883,22.157941176470587,17,4
5d3bb11474a06bdc23fb9e89f1164ee0,SP,31,117.89032258064516,9.800679883512545,0.03225806451612903,509.0796948924759,3.903225806451613,0.16129032258064516,7,32,3654.6,114.20625,16.381875,10,6
c35affa65afd250151285c5917fc1c8a,SP,8,597.49,17.261034432870368,0.125,735.5850850591607,4.25,0.125,6,8,4779.92,597.49,80.605,8,1
e59e489e2ea74bd409b798b5daf49de3,PR,3,165.0,15.36360725308642,0.0,802.0317760610392,1.6666666666666667,0.6666666666666666,3,5,495.0,99.0,17.352,3,1
7d948535954aaf8c5d39db007f74372e,SP,4,48.5,5.600842013888889,0.0,177.52533017452942,3.75,0.25,2,4,194.0,48.5,10.95,3,2
c7b7db6c8f3c64a7cc1afa634db21d50,SP,1,1489.0,33.21452546296296,1.0,104.70837582704407,1.0,1.0,1,1,1489.0,1489.0,22.86,1,1
1352e06ae67b410cdae0b2a22361167b,RJ,2,89.0,34.307094907407404,1.0,968.5551824440477,3.0,0.5,2,2,178.0,89.0,18.05,1,0
3bb548e3cb7f70f28e3f11ee9dce0e59,PR,46,167.17434782608697,10.905072463768116,0.0,695.0964218659047,4.195652173913044,0.13043478260869565,9,53,7690.02,145.09471698113208,16.92056603773585,22,1
ee2fbacc2fc3794e656cc4d933d59ce7,SP,2,232.485,7.072615740740741,0.0,1244.5431001529482,4.0,0.0,2,3,464.97,154.99,17.91,2,1
522620dcb18a6b31cd7bdf73665113a9,PR,172,329.5958720930232,15.399955385981912,0.0872093023255814,1167.8673769651753,3.905325443786982,0.1893491124260355,21,178,56690.49,318.48589887640446,25.748146067415732,38,11
d32e3909cfb714fb2a6cb092c85b9c5f,SP,10,282.79,22.51067476851852,0.2,724.0482147531609,3.5,0.3,6,11,2827.9,257.08181818181816,22.818181818181817,8,2
e5c84227854980f1db19a58958c551d9,PR,4,18.2025,10.187983217592592,0.0,518.7636776606752,4.75,0.0,2,4,72.81,18.2025,17.2075,4,2
ce7d1888639e6fb06b2749cbfdac1ff7,MG,78,151.20371794871795,14.550741185897436,0.08974358974358974,408.012422813763,4.166666666666667,0.16666666666666666,11,84,11793.89,140.4034523809524,36.698214285714286,14,4
693660429f9dc4ff704eb3d88dad54d7,SP,2,62.0,3.5799305555555554,0.0,183.82591407542003,4.0,0.0,2,2,124.0,62.0,12.059999999999999,1,1
2cb4700db635baa1c0d4f90ed27b6669,PR,2,99.9,16.483385416666668,0.0,439.06286871351676,2.0,0.5,2,2,199.8,99.9,14.46,2,1
a4b6b9b992b46e9ef863637af96e04bc,SC,6,882.1666666666666,18.31079475308642,0.16666666666666666,974.6776531289805,3.6666666666666665,0.16666666666666666,6,8,5293.0,661.625,26.23,5,3
ff1e15b778c700abdd4d239b81ac466d,PR,7,59.18571428571429,7.551547619047619,0.0,568.2345091435416,4.571428571428571,0.0,4,7,414.3,59.18571428571429,16.408571428571427,2,2
820c7c9eaf76d2b226b6c242bcf3f34d,SP,1,559.0,17.76011574074074,0.0,443.44870158494496,4.0,0.0,1,1,559.0,559.0,18.0,1,1
85d9eb9ddc5d00ca9336a2219c97bb13,MG,499,30.27503006012024,14.642770981778371,0.022044088176352707,699.2420457221713,4.223790322580645,0.09274193548387097,25,512,15107.24,29.506328125,16.47005859375,63,6
a673821011d0cec28146ea42f5ab767f,SP,125,106.928,12.962176388888889,0.104,329.93588453075074,4.037190082644628,0.15702479338842976,12,141,13366.0,94.79432624113475,18.170496453900707,51,7
ebe3dabc4955c9b0d695e7bda38bf5c3,SP,1,55.0,23.45189814814815,1.0,296.15476825310446,3.0,0.0,1,1,55.0,55.0,11.89,1,1
ca7c6bd577e559472af1c699de9e764e,SP,6,24.666666666666668,4.6808198302469135,0.0,61.97316241987708,4.333333333333333,0.16666666666666666,1,8,148.0,18.5,8.8525,1,1
c8b3445d737de6befde0c88ede534a5e,SP,30,104.968,11.700679398148148,0.03333333333333333,689.8458710642975,4.433333333333334,0.06666666666666667,11,36,3149.04,87.47333333333333,18.104166666666668,7,2
eb5b6204dde3a6e03b5f1bb8479f055b,SP,19,23.8,10.447398269980505,0.05263157894736842,347.9390549782279,3.9473684210526314,0.10526315789473684,6,21,452.2,21.53333333333333,13.10142857142857,8,5
4a5b36211b1f51bf7eaa5c10a57fa483,RJ,1,139.19,4.035162037037037,0.0,363.5210240574444,5.0,0.0,1,1,139.19,139.19,16.07,1,1
2e1a7d075abe038c1b2743005fe42ff1,SP,18,75.93333333333334,12.493050411522635,0.16666666666666666,381.40026934297293,4.222222222222222,0.16666666666666666,7,22,1366.8,62.127272727272725,15.67681818181818,12,2
973f21788dfab357250f69a8dcb7ddee,MG,9,91.0,23.757739197530864,0.5555555555555556,324.26696861515234,2.111111111111111,0.6666666666666666,4,19,819.0,43.10526315789474,25.791052631578946,10,1
ba89796db68db180bd389de96b2ff3b6,SP,2,154.9,8.601232638888888,0.0,297.0123606359423,5.0,0.0,2,2,309.8,154.9,21.73,2,2
b9ec22de23f18567de0e09d776ca0309,DF,2,170.99,6.534861111111111,0.0,897.4229139799718,5.0,0.0,2,2,341.98,170.99,20.245,2,1
11bfa66332777660bd0640ee84d47006,SP,76,51.65618421052631,16.52767665692008,0.14473684210526316,626.7155772385325,3.8947368421052633,0.2236842105263158,17,102,3925.87,38.48892156862745,16.496764705882352,40,2
7d484ca289afaac6bf5fc6a1e96d2226,MS,2,91.6,12.156967592592594,0.0,718.5575933564328,4.0,0.0,2,2,183.2,91.6,32.61,2,1
5160d23075764e18e07c1f4a87fad743,SP,33,71.48484848484848,9.304199635241304,0.0,488.31252622223565,4.363636363636363,0.09090909090909091,12,38,2359.0,62.078947368421055,12.59578947368421,29,1
3a1a1fec38dd360f15fc912e821e169d,SP,15,133.82533333333333,14.433526234567902,0.26666666666666666,434.7486823338403,3.8666666666666667,0.2,6,15,2007.38,133.82533333333333,24.75,12,1
141440cad9341e553f8401c574a2aa38,PR,11,117.10909090909091,6.661177398989898,0.0,603.8070033657302,4.454545454545454,0.09090909090909091,6,12,1288.2,107.35000000000001,24.233333333333334,9,2
05aebce0b5c8f0d41b29b686f2d05fd3,SP,2,37.495000000000005,6.0006712962962965,0.0,50.72713693491141,5.0,0.0,1,2,74.99000000000001,37.495000000000005,22.945,2,2
dd39ad39b5d3df33037e141c72497ba6,SP,2,67.9,8.673096064814814,0.0,391.3572559477551,5.0,0.0,2,2,135.8,67.9,14.524999999999999,2,2
695051e2981c8b19e77cafe450d5bdf3,SP,1,169.76,20.190590277777776,0.0,42.6802318040589,5.0,0.0,1,1,169.76,169.76,12.69,1,0
dd55f1bb788714a40e7954c3be6df745,SP,35,201.19314285714285,18.29500925925926,0.17142857142857143,737.1371998969146,3.742857142857143,0.2,13,37,7041.759999999999,190.31783783783783,17.82216216216216,10,7
ae7ab174effdead6c241e547e4ca13f0,PR,6,463.09999999999997,9.565426311728395,0.0,473.0191519056901,4.333333333333333,0.16666666666666666,2,7,2778.6,396.9428571428571,113.63714285714286,5,1
9d7a1d34a5052409006425275ba1c2b4,SP,13,81.14,14.331834935897435,0.07692307692307693,540.0534582762491,4.384615384615385,0.07692307692307693,5,16,1054.82,65.92625,17.315625,12,4
8c351ed7c326c62123318f4f3246e906,SP,2,57.45,10.105011574074075,0.0,313.0580771410423,5.0,0.0,2,2,114.9,57.45,17.88,1,1
dc4a0fc896dc34b0d5bfec8438291c80,SP,225,105.13768888888889,13.888684567901235,0.06666666666666667,543.0233340831782,3.8177777777777777,0.20444444444444446,18,242,23655.98,97.75198347107438,18.562314049586778,163,4
3a4127e1ba7208ea37044c5092aae170,SP,5,368.53999999999996,11.77629861111111,0.0,833.2548907235705,4.0,0.2,4,5,1842.6999999999998,368.53999999999996,16.29,2,1
7c4402417d51474d4d0cda9557340e40,SP,1,119.9,7.122175925925926,0.0,33.35475397463351,5.0,0.0,1,1,119.9,119.9,27.69,1,1
b9ca8e8baa5d4aa038394a700f63e69f,SP,14,92.12642857142858,9.672949735449736,0.07142857142857142,415.44651872064014,4.214285714285714,0.07142857142857142,6,14,1289.77,92.12642857142858,27.72714285714286,8,3
3968920b9aa752ab98f7d5888c9252f2,SP,8,65.4125,9.638804976851851,0.125,468.4656648629495,3.875,0.25,5,10,523.3,52.33,15.771,8,4
9b522ba7eae9e1d04082f267144583cc,SP,3,492.8666666666666,40.17655092592592,0.3333333333333333,47.66339514139144,4.666666666666667,0.0,1,5,1478.6,295.71999999999997,26.589999999999996,2,2
539ed9e19811677513447759be5eccfc,MG,2,16.415,5.068101851851852,0.0,555.9392461499131,3.0,0.5,2,2,32.83,16.415,15.545,2,1
e26901d5ab434ce92fd9b5c256820a4e,SP,197,58.890862944162436,9.289251269035534,0.015228426395939087,396.0404740059548,4.2030456852791875,0.10152284263959391,17,215,11601.5,53.96046511627907,13.395953488372093,16,6
9d5604a1f112324ad6b2aa552122e0fb,SP,13,32.42307692307692,12.491833155270655,0.0,1178.8635197025278,3.5384615384615383,0.3076923076923077,8,17,421.5,24.794117647058822,20.02823529411765,3,1
a6fe7de3d16f6149ffe280349a8535a0,SP,50,56.898,14.975533564814814,0.12,481.50991023746616,4.040816326530612,0.16326530612244897,11,51,2844.9,55.78235294117647,14.304705882352941,12,1
aac29b1b99776be73c3049939652091d,MG,94,69.82617021276596,14.93235446217494,0.09574468085106383,693.0754198199664,4.172043010752688,0.0967741935483871,14,131,6563.66,50.1042748091603,19.615419847328244,14,7
54a1852d1b8f10312c55e906355666ee,SP,198,86.14373737373737,11.496459736251403,0.07575757575757576,578.7805536642018,4.355329949238579,0.08121827411167512,20,202,17056.46,84.4379207920792,16.641435643564357,47,7
88ae906ea2acf6971f26c3e8b7cb4357,SP,3,82.0,15.088244598765433,0.3333333333333333,632.7259105201393,3.3333333333333335,0.0,3,3,246.0,82.0,14.003333333333332,1,1
bba8d0c234a52b87b3957037a215d1a4,GO,1,120.0,23.839618055555555,0.0,924.3198950438373,5.0,0.0,1,1,120.0,120.0,19.53,1,1
c826c40d7b19f62a09e2d7c5e7295ee2,SP,346,129.05502890173412,13.295209002354957,0.07514450867052024,610.5264790439796,4.130434782608695,0.14202898550724638,22,365,44653.04,122.33709589041096,14.914054794520549,17,1
a425f92c199eb576938df686728acd20,PR,16,69.14375,17.149074074074075,0.0,455.39113519680404,4.5,0.125,5,18,1106.3,61.46111111111111,16.299444444444443,17,4
3c3017960b2dbd72711a61f0400aab8f,SC,9,97.65555555555557,12.523006687242798,0.0,1359.0792384790952,3.888888888888889,0.2222222222222222,8,9,878.9000000000001,97.65555555555557,25.413333333333334,3,2
ab9db4cf53b08b828b64dccaafc2d9f0,RS,4,44.445,11.719855324074075,0.0,946.1835704765726,5.0,0.0,3,4,177.78,44.445,26.455000000000002,3,2
113e3a788b935f48aad63e1c41dac1bd,SP,39,21.72692307692308,13.198031517094018,0.05128205128205128,510.6304314425487,4.315789473684211,0.05263157894736842,12,48,847.35,17.653125,14.304166666666667,28,1
94c49f20a123aeb9360dbf80ff912bf6,SP,3,92.58333333333333,14.152438271604938,0.0,620.2989218779662,3.6666666666666665,0.3333333333333333,3,3,277.75,92.58333333333333,20.513333333333335,2,2
1ca4bdb0cd7fc48e949bac066188ed26,MG,3,380.0,14.298279320987655,0.3333333333333333,800.1166554663849,5.0,0.0,2,3,1140.0,380.0,121.14999999999999,1,1
d12c926d74ceff0a90a21184466ce161,SP,76,50.66157894736842,8.724073617202729,0.013157894736842105,511.5628618054256,4.355263157894737,0.06578947368421052,16,97,3850.2799999999997,39.69360824742268,12.63298969072165,30,8
71dc18fd8cbf5fd77f45dd8b427abb34,PR,4,270.0,10.731825810185185,0.0,841.3181041435072,5.0,0.0,3,9,1080.0,120.0,16.6,1,1
b43d8b707f887a30f4675391098354a0,SP,3,447.3333333333333,24.6128125,0.3333333333333333,899.4650407375342,3.0,0.3333333333333333,3,4,1342.0,335.5,46.19,3,2
f235413f677777a0738ff215d0184901,SP,2,595.99,6.278344907407408,0.0,411.4947149284161,5.0,0.0,2,2,1191.98,595.99,27.915,1,1
985c92cc412091f8529c12d7f23d3fef,MG,12,114.04166666666667,7.550009645061729,0.0,435.4697807360573,4.75,0.0,5,12,1368.5,114.04166666666667,19.844166666666666,9,1
038b75b729c8a9a04b0d07cba7eabe86,SP,2,233.5,22.549861111111113,0.5,1084.2761675957847,3.5,0.0,2,2,467.0,233.5,45.425,1,1
a4b8d97cd5d3674eeff96abc99d8ed67,SP,1,214.08,6.10394675925926,0.0,390.6530330684727,1.0,1.0,1,1,214.08,214.08,19.3,1,1
ffad1e7127fb622cb64a900751590acd,SP,10,88.42999999999999,7.6742789351851854,0.0,532.2423886366034,4.8,0.0,3,15,884.3,58.95333333333333,13.768666666666666,8,2
594f9aaa48e5bf431f011ddc5669b0d5,MG,37,87.80540540540541,7.7872528778778785,0.02702702702702703,752.1026516998959,4.594594594594595,0.02702702702702703,11,38,3248.8,85.49473684210527,23.35815789473684,24,5
eba88037e1dca898cd02881f67ced679,SP,6,139.68333333333334,11.49054012345679,0.16666666666666666,338.86141011756075,4.333333333333333,0.16666666666666666,4,6,838.1,139.68333333333334,15.578333333333333,4,1
01ed254b9ff8407dfb9d99ba1e17d923,SP,5,293.198,6.675569444444444,0.0,362.27185156108123,5.0,0.0,3,5,1465.99,293.198,13.544,2,1
f7ccf836d21b2fb1de37564105216cc1,SP,69,39.83188405797102,11.2115329777241,0.07246376811594203,397.0383588845742,3.8507462686567164,0.19402985074626866,8,73,2748.4,37.64931506849315,15.177260273972603,23,2
7e3f87d16fb353f408d467e74fbd8014,SP,91,51.13285714285715,12.572568172568173,0.06593406593406594,727.5514113060384,4.164835164835165,0.10989010989010989,19,93,4653.09,50.03322580645161,15.218064516129031,19,6
9140bd1d9de28b197dce077bdd687438,SP,6,209.81166666666664,6.242758487654321,0.0,216.7208563446584,4.166666666666667,0.0,3,8,1258.87,157.35875,23.0075,5,1
a2b911e9ad40dc7d61c142a4683e2d85,RJ,1,85.9,12.782881944444444,0.0,1892.9838698355097,5.0,0.0,1,1,85.9,85.9,34.4,1,1
a56e351445e5863fc8960640ba9190c7,SC,3,253.64000000000001,11.723136574074074,0.0,388.6516881585151,4.333333333333333,0.0,3,4,760.9200000000001,190.23000000000002,16.265,2,2
bb135baca94c82fcb731335ad5b04a03,SP,18,58.32222222222222,9.276137474279835,0.0,342.4645645299512,3.0555555555555554,0.3888888888888889,5,38,1049.8,27.626315789473683,12.44421052631579,16,4
a353b1083c9863d756d9404695016d64,ES,1,120.0,20.71329861111111,0.0,398.7617501175711,5.0,0.0,1,1,120.0,120.0,17.09,1,1
b56828a9f9027f3c918c04ca720d9e3c,SP,3,120.0,16.972858796296297,0.3333333333333333,818.4858046423209,2.6666666666666665,0.3333333333333333,2,3,360.0,120.0,37.20333333333334,2,1
6e0908ef4d4efadbc3cc2b74ea477cb0,RJ,8,73.68124999999999,12.315208333333334,0.125,580.3388846637343,3.75,0.25,7,11,589.4499999999999,53.58636363636363,14.62090909090909,5,1
5d9f3746e112e696f98ea22c56b3e912,SP,1,1322.64,7.0696875,0.0,1518.1436126734666,5.0,0.0,1,1,1322.64,1322.64,47.77,1,1
c8143b3069f6746a77421b5ce30a450c,GO,1,142.47,24.404675925925925,0.0,1759.6202205433622,5.0,0.0,1,1,142.47,142.47,43.41,1,1
f5f46307a4d15880ca14fab4ad9dfc9b,SC,9,158.10444444444445,13.349134516460905,0.1111111111111111,637.2731030878491,4.111111111111111,0.1111111111111111,3,10,1422.94,142.294,23.137999999999998,6,3
58c851d1a3c7cd3da329eb59453fed44,SP,2,134.495,4.611643518518519,0.0,124.76948906895151,5.0,0.0,1,2,268.99,134.495,12.135000000000002,1,1
4830e40640734fc1c52cd21127c341d4,SP,204,46.52205882352941,9.976384633714597,0.049019607843137254,531.6030590604837,4.2254901960784315,0.10294117647058823,19,212,9490.5,44.76650943396226,14.207169811320755,52,9
dbb9b48c841a0e39e21f98e1a6b2ec3e,SP,108,66.54490740740741,9.817175925925927,0.037037037037037035,461.23187666803176,4.268518518518518,0.1111111111111111,14,118,7186.85,60.90550847457627,13.401779661016949,55,10
8fb67a334bacec338885b4e9e1708073,PR,1,59.9,8.214791666666667,0.0,729.7948739024935,5.0,0.0,1,1,59.9,59.9,38.52,1,1
c6a7539d424a8402232c2228d7a03c5e,SP,10,60.75,14.271766203703702,0.1,689.9391343588023,3.1,0.4,5,15,607.5,40.5,26.254666666666665,1,1
72c5da29406b4234927b81855e7b64f6,SP,31,380.6029032258065,10.797208781362007,0.03225806451612903,871.2436532506795,4.129032258064516,0.12903225806451613,15,31,11798.69,380.6029032258065,27.541290322580643,6,2
e83c76265fc54bf41eac728805e4da77,SP,8,29.662499999999998,32.602546296296296,0.125,563.4641423559068,3.625,0.125,2,8,237.29999999999998,29.662499999999998,12.39875,3,1
a72f15980dc3e9bfd1a49ac9b2f3af65,SP,1,89.9,5.1416203703703705,0.0,426.2679461339568,4.0,0.0,1,1,89.9,89.9,18.73,1,1
0ed6ce5d87fd9c69eaacaeb778d67235,SP,42,48.25047619047619,15.995893132716049,0.14285714285714285,574.4377215565918,4.390243902439025,0.04878048780487805,12,42,2026.52,48.25047619047619,15.97095238095238,25,4
00d8b143d12632bad99c0ad66ad52825,MG,1,86.0,7.233344907407408,0.0,1623.4046829365957,5.0,0.0,1,1,86.0,86.0,51.1,1,1
fedf2c1386e137f296b3bbf3b635e69d,SP,2,65.87,10.332349537037038,0.0,282.07801234895874,3.5,0.5,1,5,131.74,26.348000000000003,15.831999999999999,2,2
8bdd8e3fd58bafa48af76b2c5fd71974,SP,9,216.31555555555556,10.378738425925926,0.1111111111111111,636.7282895533339,4.888888888888889,0.0,6,9,1946.8400000000001,216.31555555555556,18.084444444444443,5,1
4391ea5c5990502176a1dcda44a2373d,RS,3,783.0,12.014274691358025,0.0,985.2660893622239,4.666666666666667,0.0,2,5,2349.0,469.8,27.060000000000002,3,2
38e6dada03429a47197d5d584d793b41,SP,7,85.16285714285713,10.115011574074074,0.0,475.9599471589046,4.428571428571429,0.14285714285714285,4,12,596.14,49.678333333333335,17.2425,8,1
6973a06f484aacf400ece213dbf3d946,SP,89,117.06426966292135,14.897277361631293,0.14606741573033707,291.710359220342,3.75,0.2159090909090909,9,108,10418.72,96.46962962962962,11.924722222222222,12,1
e83e93b71371817b11d78a63ff156aee,SP,2,143.0,15.808663194444446,0.0,257.9786125113547,4.5,0.0,2,3,286.0,95.33333333333333,29.12666666666667,2,1
9bade61a92bed55a25d2b67b9f4ed739,PR,2,58.84,9.656429398148148,0.0,1085.0225288029224,3.0,0.5,1,3,117.68,39.22666666666667,19.04,1,1
6c6cc59a5c00cacc5054ca06d65cc282,RS,1,1107.0,9.252847222222222,0.0,1342.26595704436,5.0,0.0,1,1,1107.0,1107.0,148.71,1,1
c6381b1321d7d97717a5bb4ed5b77882,SP,2,33.0,4.809027777777778,0.0,273.51517108771577,3.0,0.5,1,3,66.0,22.0,11.336666666666666,3,2
d29ba1220fb8634fa3a107e54497b8a4,SP,9,80.5488888888889,6.488707561728395,0.0,328.200176160292,3.2222222222222223,0.3333333333333333,5,9,724.94,80.5488888888889,20.324444444444445,7,1
226b05fe067266c59c15dae208213d06,PR,10,105.69000000000001,9.978346064814815,0.0,529.3016888925351,4.5,0.1,5,11,1056.9,96.08181818181819,17.152727272727272,8,1
328acb143b4a73aad6bee8e734f5d20d,PR,2,349.99,12.058634259259259,0.0,996.4822321700865,4.0,0.0,2,2,699.98,349.99,17.384999999999998,2,2
788f22bafdd7ab0e1e79f19db72f16a4,SP,2,62.900000000000006,3.541741898148148,0.0,473.06771610650054,4.5,0.0,2,2,125.80000000000001,62.900000000000006,13.120000000000001,2,2
86ff3eaef0267069cc891a2ed9d10a17,SC,7,58.535714285714285,8.963817791005292,0.0,759.4722906123001,4.714285714285714,0.0,6,7,409.75,58.535714285714285,20.087142857142858,7,2
5f7300535881cef3b625fd683cf7d145,RS,10,66.598,8.813859953703703,0.0,594.9945340223039,4.4,0.1,5,11,665.98,60.54363636363637,15.531818181818181,7,1
0cbcee27c791afa0cdcb08587a2013a8,MG,37,136.59864864864863,12.79132225975976,0.10810810810810811,441.99840356007513,4.0,0.13513513513513514,9,39,5054.15,129.59358974358975,20.09051282051282,13,3
20611af7866c6068fd5ae1f9dbe15c92,SP,2,109.9,8.539311342592592,0.0,451.71318176999324,4.5,0.0,1,2,219.8,109.9,57.25,2,2
1fa2d3def6adfa70e58c276bb64fe5bb,SP,1,6.9,6.255381944444444,0.0,1328.8248902413072,1.0,1.0,1,1,6.9,6.9,9.0,1,1
3d2531eccfbde1d7c8db7a3a12fb267a,MG,10,199.954,9.996932870370369,0.0,793.0797828150048,4.222222222222222,0.1111111111111111,5,10,1999.54,199.954,21.306,2,1
fcdd820084f17e9982427971e4e9d47f,SP,16,298.999375,12.597906539351852,0.125,471.88780526721,3.9375,0.1875,8,27,4783.99,177.1848148148148,32.657407407407405,5,2
d8dd176509baa37f359644d082bf7f7b,SP,2,99.0,30.358559027777776,1.0,315.7892800022537,1.5,1.0,1,2,198.0,99.0,15.95,1,1
cb5ff1b9715e99589f3e0c7a6afab9e3,PR,4,21.25,6.08377025462963,0.0,398.8883023613364,4.0,0.0,2,4,85.0,21.25,13.5075,2,1
9b1f656ca3060f8af17a50d8a024b533,SP,2,20.5,16.34451388888889,0.5,753.1679567367776,5.0,0.0,2,2,41.0,20.5,23.84,2,2
43a5d4a57af536fddc96d08be3afdfcb,MG,1,75.0,11.811469907407407,0.0,241.50124175995126,1.0,1.0,1,1,75.0,75.0,24.83,1,1
b1a81260566c1bac3114a6d124413f27,RS,51,170.2880392156863,8.565282543572986,0.0,950.3151963003854,4.2745098039215685,0.13725490196078433,11,54,8684.69,160.8275925925926,28.990925925925925,26,4
080199a181c46c657dc5aa235411be3b,SP,79,183.5974683544304,8.087146917487107,0.012658227848101266,349.2509986014363,4.615384615384615,0.01282051282051282,9,83,14504.2,174.74939759036147,12.53831325301205,40,1
cca3071e3e9bb7d12640c9fbe2301306,SP,699,90.17905579399142,14.158784606315901,0.04864091559370529,557.8742283037308,3.8844476744186047,0.18895348837209303,22,817,63035.16,77.15441860465117,17.32361077111383,318,6
788e857f317e53de488d393e65a80f45,SP,11,110.0,7.407333754208754,0.0,349.7518018679493,4.909090909090909,0.0,5,11,1210.0,110.0,16.813636363636366,4,1
d51e0a403fe2e689ece6c73359d96e12,SP,18,410.0,14.026194058641975,0.1111111111111111,825.6363021133145,4.222222222222222,0.05555555555555555,8,25,7380.0,295.2,25.9028,5,1
b080809eaacb49e5ca07290981472431,MG,11,38.54545454545455,10.537906144781145,0.0,352.66939248725015,4.818181818181818,0.0,5,11,424.0,38.54545454545455,13.036363636363637,6,1
7f7b8245c336066a1f9933c359f11d77,SP,38,55.114736842105266,8.170569261695906,0.02631578947368421,257.4841510507747,4.552631578947368,0.07894736842105263,6,43,2094.36,48.70604651162791,12.462093023255814,12,8
8648b1e89e9b349e32d3741b30ec737e,SP,93,77.72849462365592,9.046316955396257,0.0967741935483871,386.6536025178658,4.161290322580645,0.13978494623655913,14,100,7228.75,72.2875,14.2027,54,3
d50d79cb34e38265a8649c383dcffd48,SP,70,185.8917142857143,13.15979861111111,0.04285714285714286,765.6053434506297,4.246376811594203,0.08695652173913043,18,70,13012.42,185.8917142857143,27.603714285714286,19,5
f214d28e8d8e3ef068748498ccc2f813,SP,52,41.39288461538461,10.428257211538462,0.07692307692307693,481.65846478625184,4.2745098039215685,0.09803921568627451,14,57,2152.43,37.7619298245614,13.779122807017544,21,4
717b78b0950b51ed00b1471d858b0edc,SP,5,27.72,21.32962037037037,0.2,378.56178314913785,4.0,0.2,3,5,138.6,27.72,16.23,2,1
aa2640d851ec322526f1295bbeb20092,SP,1,159.98,3.9644328703703704,0.0,134.17653438151402,3.0,0.0,1,2,159.98,79.99,11.18,1,1
ebd2d60905fb58271facef5596b620d3,SP,82,94.06121951219512,12.992299712059621,0.036585365853658534,674.5865991455877,4.2317073170731705,0.0975609756097561,16,85,7713.02,90.74141176470589,19.26329411764706,39,1
efcd8d2104f1a05d028af7bad20d974b,SP,46,51.84326086956521,10.140610154991949,0.021739130434782608,713.4147147929298,4.195652173913044,0.08695652173913043,12,50,2384.79,47.6958,16.8062,34,1
6562efe88ce0826a4ca4f189f03b4b84,PR,8,134.5,17.81350115740741,0.125,548.6413714637717,3.875,0.125,5,20,1076.0,53.8,14.116,6,1
530ec6109d11eaaf87999465c6afee01,PR,94,134.91606382978725,10.852067203506698,0.010638297872340425,888.8083964397872,4.340425531914893,0.0851063829787234,13,101,12682.11,125.56544554455446,25.713366336633666,28,5
a5259c149128e82c9d6d46e0c1c812bb,RO,8,147.7825,19.34989728009259,0.0,2183.146692581813,3.875,0.25,4,8,1182.26,147.7825,54.85875,7,1
89f69225956f951295ca4c7fb1266553,RJ,11,94.66363636363636,9.72122159090909,0.0,616.6820633096672,4.2727272727272725,0.09090909090909091,6,12,1041.3,86.77499999999999,23.117500000000003,8,5
8b11118053756a9a2932f447e11fc1b5,SP,1,79.99,11.909560185185185,0.0,254.19262561770265,3.0,0.0,1,1,79.99,79.99,11.17,1,1
6bb62a4912377c7bfe7cb17b406bc7e6,SP,4,184.88,4.566553819444445,0.0,362.6359215315615,4.25,0.25,2,6,739.52,123.25333333333333,17.645,5,3
f9d010e39375d9c91dce3f40b73a2f84,SP,4,303.0,17.3491087962963,0.25,709.7742778476877,3.5,0.25,3,5,1212.0,242.4,27.627999999999997,2,1
052577151711aec5c744fe12e66db3e1,SC,1,687.0,14.03383101851852,0.0,608.3962504777506,5.0,0.0,1,1,687.0,687.0,42.65,1,1
0adac9fbd9a2b63cccaac4f8756c1ca8,SP,106,146.7698113207547,13.070889565863032,0.05660377358490566,403.5099087516345,4.09433962264151,0.12264150943396226,13,134,15557.6,116.10149253731343,17.894776119402987,64,5
269cff2d3c8d205c11f37a52402ea93b,SP,4,320.3975,7.12845775462963,0.0,356.7293815231664,4.5,0.0,1,5,1281.59,256.318,26.682,3,2
402916f742e5c740cc751493d9cf5053,MG,9,139.11111111111111,6.386786265432098,0.0,614.366395982888,4.666666666666667,0.0,6,10,1252.0,125.2,22.643,5,3
443d880f15cbd3572885e1d44bf2c478,SP,1,94.8,12.403761574074075,0.0,838.0575585514939,2.0,1.0,1,2,94.8,47.4,15.1,1,1
6d22a1fcebb6dd08c9cd90b92a93e8d0,SC,12,60.30833333333334,15.403934220679012,0.0,564.6636775449203,4.25,0.08333333333333333,5,13,723.7,55.66923076923077,17.13307692307692,9,2
04aba03279157f6d4e0fe8ccaf21963c,RJ,15,161.06666666666666,11.624953703703705,0.06666666666666667,496.7748861116779,4.533333333333333,0.06666666666666667,6,15,2416.0,161.06666666666666,21.282,12,1
b39d7fe263ef469605dbb32608aee0af,SP,43,117.74883720930232,13.303499407838071,0.046511627906976744,554.6603536886519,3.9285714285714284,0.14285714285714285,10,48,5063.2,105.48333333333333,21.604791666666667,19,1
ca77545ca4d2dfd1431bf61334e2fa3c,PR,6,126.66666666666667,13.23924189814815,0.0,864.9405178196007,4.666666666666667,0.0,5,10,760.0,76.0,21.371000000000002,2,2
36890be00bbfc1cdb9a4a38a6af05a69,SP,13,104.71538461538461,9.416596331908831,0.15384615384615385,727.9630105633244,4.230769230769231,0.15384615384615385,8,13,1361.3,104.71538461538461,18.429230769230767,5,3
7b0df942f46435babab05d49b744b2c4,SP,32,706.2696875,11.085880353009259,0.09375,448.6804987239037,4.387096774193548,0.06451612903225806,8,32,22600.63,706.2696875,21.0046875,16,2
f26d70155c2b6326fcfa1780c8c684e4,SC,1,202.89,8.901666666666667,0.0,511.36246618928936,5.0,0.0,1,1,202.89,202.89,16.17,1,1
42fb44130ac3134cde8e35cf8ec7df25,SP,2,21.9,5.903657407407408,0.0,218.78504811690777,5.0,0.0,2,2,43.8,21.9,12.74,2,1
dd9661d3cda1e6feb237f0c4d8b26f2e,SC,1,174.0,18.197858796296295,0.0,827.1423354811528,5.0,0.0,1,1,174.0,174.0,16.98,1,1
f27e33c6d29b5138fa9967bcd445b6d5,SP,93,95.57311827956988,12.069667587614497,0.08602150537634409,538.5684816705365,4.096774193548387,0.16129032258064516,17,98,8888.3,90.69693877551019,16.264795918367348,22,11
55d3daac7c404d59e51c2aa2f4dc5a23,SP,21,213.36190476190478,8.714584986772488,0.0,274.2101942065502,4.095238095238095,0.09523809523809523,6,28,4480.6,160.02142857142857,46.78142857142858,7,3
659e8466eb3ff1b0e8740d74fb7bbedd,BA,11,135.16363636363636,9.260814393939393,0.0,971.5876027531689,4.363636363636363,0.09090909090909091,7,14,1486.8,106.2,28.085714285714285,9,1
1c40343cc5d18c2d8248ac2f3366de34,SP,21,117.21,7.48171626984127,0.09523809523809523,574.0866925786665,4.619047619047619,0.0,8,22,2461.41,111.88227272727272,17.18227272727273,12,7
e3a386fc36e22064434e1fa256f6a9fa,SP,16,49.61875,10.068441116898148,0.125,397.4414925005195,4.1875,0.125,5,17,793.9,46.699999999999996,14.897058823529411,10,1
c9aafcd0621b2207c10e32c649cada4d,SP,40,66.78150000000001,8.712135416666666,0.075,515.8059417239749,4.325,0.1,9,47,2671.26,56.83531914893617,17.389148936170212,29,1
72431a818f97fe6ab9c81eee3e297e54,SP,1,229.9,12.434548611111111,0.0,614.4018972098744,5.0,0.0,1,1,229.9,229.9,19.49,1,1
184a67a8f9f63234d3a92340bbdb727f,SC,7,35.184285714285714,17.62088458994709,0.0,1036.3919489406803,4.285714285714286,0.14285714285714285,4,10,246.29,24.628999999999998,19.056,7,1
9fe7c6641c79970ab48185498f547c09,SP,1,130.0,17.920046296296295,0.0,2157.0198984594685,5.0,0.0,1,1,130.0,130.0,34.71,1,1
08ad4ac1388e4420ca531c3edfc46198,SP,6,36.93666666666666,6.36944637345679,0.0,222.97479322319728,2.8333333333333335,0.5,3,7,221.61999999999998,31.659999999999997,12.721428571428572,5,1
6fc26fe110feebd80a433e1f012a84f9,SP,35,118.59628571428571,12.877805224867725,0.11428571428571428,681.9787672334054,3.911764705882353,0.14705882352941177,8,72,4150.87,57.65097222222222,13.572083333333333,19,1
2f4b9d112bfa44a214bc6cef085d17c8,ES,5,58.798,14.775958333333332,0.0,1032.513911597973,4.4,0.0,4,6,293.99,48.998333333333335,19.878333333333334,3,3
ab27bbbad5239bc31a34709275a70db4,SP,3,127.63333333333333,8.455354938271606,0.0,164.70659397730142,5.0,0.0,1,11,382.9,34.809090909090905,9.286363636363637,3,2
c37b2059d4f90d4feead554e5246565e,SP,12,69.94166666666666,17.34350212191358,0.25,501.7031048452097,3.3333333333333335,0.4166666666666667,7,16,839.3,52.45625,13.87375,10,1
f43827dd686be3a4a80e00aa299990fb,SP,1,95.54,21.39116898148148,0.0,520.0472402643805,2.0,1.0,1,2,95.54,47.77,15.1,1,1
e601b04acf48b4576e73ddca9481f0dc,SP,15,32.796,6.84870987654321,0.0,256.95128180620134,4.066666666666666,0.2,6,16,491.94,30.74625,13.1875,11,7
98dac6635aee4995d501a3972e047414,SP,89,46.24438202247191,9.616128017062007,0.0449438202247191,312.19163412424973,4.1477272727272725,0.18181818181818182,10,190,4115.75,21.66184210526316,12.52421052631579,61,1
3d39fbf22a665714baf62fae36029e23,SP,8,313.025,8.57480179398148,0.0,375.2734459253803,4.75,0.0,5,8,2504.2,313.025,16.32875,4,2
a49928bcdf77c55c6d6e05e09a9b4ca5,SP,96,90.07187500000002,16.933884910300925,0.21875,576.8851415885937,3.03125,0.40625,18,104,8646.900000000001,83.14326923076925,16.605,3,3
b12cfd255810394b60caef18ae163547,PR,2,280.0,15.839143518518519,0.0,680.3639828282917,4.5,0.0,2,2,560.0,280.0,83.07499999999999,1,1
a1bea7061f61f6fdd9a85a6325ba1033,SP,9,90.10555555555555,4.491721965020576,0.1111111111111111,219.19465591383548,4.444444444444445,0.0,4,9,810.95,90.10555555555555,11.103333333333333,8,8
3c88ed2e76a2247933a15daa7161eb1c,SP,1,155.0,19.908125,0.0,765.5685787662233,5.0,0.0,1,1,155.0,155.0,151.2,1,1
51ed72984a04e5dd35c2b27e77179038,SP,7,184.9,16.578348214285715,0.14285714285714285,620.0346418495501,3.5714285714285716,0.2857142857142857,3,7,1294.3,184.9,28.41857142857143,4,2
3ac588cd562971392504a9e17130c40b,SP,1,11.9,7.089305555555556,0.0,140.51289135965888,5.0,0.0,1,1,11.9,11.9,7.39,1,1
606ce7768feac12c5e8bd58db8b08f0f,SP,5,583.3199999999999,9.72950925925926,0.0,516.7795304600412,4.8,0.0,5,5,2916.6,583.3199999999999,20.452,5,1
6879c4d287a8dd06b11f54ea8f78e4da,SP,6,87.945,6.816903935185185,0.0,389.599318587459,4.333333333333333,0.16666666666666666,4,6,527.67,87.945,24.91,3,3
ccbd753e6863fe7314dc6c0ca5a074e7,SC,1,495.0,11.860879629629629,0.0,2599.3920068760767,4.0,0.0,1,1,495.0,495.0,101.56,1,1
0d85bbda9889ce1f7e63778d24f346eb,MG,51,95.00392156862745,15.828296114742193,0.11764705882352941,876.4736054683312,4.2,0.12,16,58,4845.2,83.53793103448275,28.00862068965517,17,3
4c61e37f664c3c88aff092aa5ac779d7,RJ,7,112.61571428571429,15.791797288359788,0.14285714285714285,361.75990560192236,4.0,0.16666666666666666,4,8,788.3100000000001,98.53875000000001,14.9825,3,2
b44dbfbf62e52125f3c15d230569ea91,SP,4,152.3425,4.995295138888889,0.0,269.43480844258767,4.75,0.0,3,8,609.37,76.17125,11.211250000000001,2,2
d624126b9206f595fb3fbb6ba03b28a8,PR,23,312.9913043478261,11.358020833333335,0.043478260869565216,670.602850338535,4.318181818181818,0.0,9,28,7198.8,257.1,20.34642857142857,13,2
26d8a1c7c75d513045798992ead43aa2,PR,34,174.6214705882353,12.723354779411764,0.08823529411764706,621.7828393870595,4.411764705882353,0.08823529411764706,7,36,5937.13,164.92027777777778,18.14805555555556,20,2
e6a69c4a27dfdd98ffe5aa757ad744bc,SP,21,24.214761904761904,10.744657186948855,0.0,271.1252121303376,4.285714285714286,0.09523809523809523,6,23,508.51,22.109130434782607,11.992608695652173,12,4
6bd69102ab48df500790a8cecfc285c2,SP,5,1614.0,16.254462962962965,0.2,449.99487965787483,3.0,0.6,3,5,8070.0,1614.0,57.803999999999995,3,1
f181738b150df1f37cb0bd72e705b193,SP,36,153.60277777777776,9.319003022119341,0.08333333333333333,517.8261629912706,4.472222222222222,0.05555555555555555,8,37,5529.7,149.45135135135135,29.81216216216216,8,3
4305fe92735c8a43d154ff6dd2b8d927,MG,17,153.3,11.483929057734205,0.0,929.9657605588069,4.176470588235294,0.11764705882352941,9,19,2606.1,137.16315789473683,20.71263157894737,5,3
4f1f1c8666cdb6442f775c4e8caed465,MG,2,472.49,19.96107060185185,0.0,1860.92172312496,5.0,0.0,2,2,944.98,472.49,62.705,2,1
7dea6f73af847b42cc3985bd620f994d,PR,2,162.0,5.594658564814814,0.0,1083.8182901271634,4.0,0.0,2,2,324.0,162.0,28.085,2,1
a0a14e50070f3225b3eabba5b85da517,PR,4,44.05,6.053330439814815,0.0,388.07191012858124,4.5,0.0,2,4,176.2,44.05,18.11,1,1
bd4889b5e9133b35b66e42a8665cea5c,SP,36,174.21944444444443,10.282339248971192,0.0,567.7080197588782,4.4,0.08571428571428572,10,42,6271.9,149.33095238095237,23.443809523809524,16,1
0b3f27369a4d8df98f7eb91077e438ac,SP,2,73.255,7.161655092592593,0.0,,4.0,0.0,1,2,146.51,73.255,12.44,2,1
d5c530f4884a75ae0dba9c148718d278,MG,5,50.586,10.283006944444445,0.2,354.2458143721015,4.0,0.2,2,8,252.93,31.61625,17.90125,5,1
5ab05b6d86d417796c69ffd6774ec832,SP,10,188.60999999999999,13.937832175925925,0.1,702.2846406694913,3.8,0.2,6,12,1886.1000000000001,157.175,21.395833333333332,2,1
d4d99b60c4c94cd35acd502cec65dc8d,SP,1,72.9,19.08181712962963,0.0,322.68228916212036,3.0,0.0,1,1,72.9,72.9,14.39,1,1
9de4643a8dbde634fe55621059d92273,SC,72,243.8936111111111,14.635875289351851,0.027777777777777776,659.4329308128922,4.527777777777778,0.05555555555555555,13,81,17560.34,216.79432098765432,21.260123456790122,5,2
3be634553519fb6536a03e1358e9fdc7,SP,80,65.38775000000001,10.08215480324074,0.075,459.99885816585873,4.025,0.15,13,95,5231.02,55.06336842105264,18.986631578947367,38,6
b906dd0e57f282c7089171b6ed07982e,PR,2,87.5,6.987065972222222,0.0,716.8048296541031,4.0,0.0,2,2,175.0,87.5,17.875,2,1
ed46f1eb4a638113deb2a1137b5f22e9,SC,4,867.5,7.358561921296296,0.0,411.26760420982515,4.0,0.25,3,4,3470.0,867.5,54.17,3,1
c8025364abeecb115431bf95c11a747f,RS,2,464.0,7.962546296296296,0.0,480.1321616302837,4.5,0.0,2,2,928.0,464.0,21.64,2,1
04308b1ee57b6625f47df1d56f00eedf,SC,92,641.2152173913043,18.87600291867955,0.07608695652173914,1041.181297410732,3.9456521739130435,0.1956521739130435,19,92,58991.8,641.2152173913043,32.05239130434783,20,1
457fe919b032a3f7dadba6fb92cf7855,SP,9,122.76555555555557,5.505036008230452,0.0,360.54026797926804,4.777777777777778,0.0,5,12,1104.89,92.07416666666667,11.768333333333333,8,1
0ac4201fda2c68ebc0e47cb9423cf3c9,SP,13,128.99076923076925,12.64974358974359,0.07692307692307693,864.3059469618827,4.230769230769231,0.15384615384615385,8,14,1676.88,119.77714285714286,16.71357142857143,4,3
a2b5b6105ea5942300631d2e76f4ffe0,SP,16,205.41812499999997,8.46931495949074,0.0625,599.511020056507,4.75,0.0,9,16,3286.6899999999996,205.41812499999997,45.165625,6,2
23d7c96d4a1160db1c726b248601b25a,SP,50,213.16479999999999,13.130946064814816,0.1,483.0420004529972,3.9270833333333335,0.16666666666666666,13,52,10658.24,204.96615384615384,24.787115384615387,40,11
e883aa812c37a7413226856f4579fe91,SP,26,157.58076923076925,9.902272079772079,0.038461538461538464,536.1871612538399,4.153846153846154,0.11538461538461539,9,29,4097.1,141.2793103448276,15.77103448275862,6,5
86bb7c4b535e49a541baf3266b1c95b1,SP,16,510.15,20.137781394675926,0.1875,687.882332816488,3.2,0.4,7,16,8162.4,510.15,20.30125,5,1
cb810bd318f51b3dc3c753944d61a1fa,RJ,1,1750.0,12.295810185185186,0.0,2072.7670087314605,4.0,0.0,1,1,1750.0,1750.0,39.02,1,1
c0563dd588b775f2e37747ef6ad6c92c,SP,28,132.04285714285714,10.860574156746031,0.10714285714285714,407.91940568046766,4.357142857142857,0.14285714285714285,9,28,3697.2000000000003,132.04285714285714,14.195714285714285,8,1
820cc752a266cdc6c1a1e61dd4583330,PR,15,186.85333333333332,13.962199074074075,0.06666666666666667,604.7873846323178,4.133333333333334,0.06666666666666667,6,15,2802.7999999999997,186.85333333333332,18.398000000000003,4,3
e5475dcab1e07b63d7f6e902d8f5eda8,SP,19,115.36842105263158,9.57444018031189,0.05263157894736842,388.57294128496613,4.105263157894737,0.15789473684210525,5,19,2192.0,115.36842105263158,13.222105263157895,10,2
333c4210e76a1aa2ab817b99437e3ff1,SP,2,167.5,7.161348379629629,0.0,1311.4005120307977,5.0,0.0,2,2,335.0,167.5,33.715,2,1
aded58c8142dedc5494a81f948431fab,RJ,4,72.375,8.741727430555557,0.0,312.80424137805454,3.75,0.25,3,5,289.5,57.9,17.996000000000002,4,2
33a6f4b1e7cdc205511e76ba1b6e0186,SP,105,98.04771428571429,8.50247299382716,0.01904761904761905,406.70079866921697,4.40952380952381,0.08571428571428572,12,126,10295.01,81.70642857142857,14.991269841269842,15,2
91f848e9f4be368f4318775aac733370,SP,60,94.47683333333333,9.941640817901234,0.016666666666666666,422.3109764557087,4.396551724137931,0.05172413793103448,12,70,5668.61,80.98014285714285,17.055428571428575,10,1
7a67c85e85bb2ce8582c35f2203ad736,SP,1145,121.97265502183406,11.200217845301633,0.05240174672489083,623.615725475722,4.274846086191733,0.09850483729111698,26,1155,139658.69,120.91661471861472,17.852666666666668,146,2
55029529919c0123526150bd26ca8f20,MG,7,64.85,8.695739087301588,0.0,806.9370453592281,4.714285714285714,0.0,5,7,453.95,64.85,19.268571428571427,6,3
b372ee768ed69e46ca8cdbd267aa7a38,SP,63,200.47619047619048,12.494652410346854,0.0,760.2053194410128,4.436507936507937,0.09523809523809523,15,69,12630.0,183.04347826086956,17.157101449275363,24,1
d20b021d3efdf267a402c402a48ea64b,SP,86,45.608139534883726,16.99066308677864,0.16279069767441862,488.8310983568431,3.7529411764705882,0.2,11,102,3922.3,38.45392156862745,14.75450980392157,44,3
a3b42d266fa8afc874b909422ce88582,SP,1,839.4000000000001,3.5071296296296297,0.0,295.3181850922282,5.0,0.0,1,6,839.4000000000001,139.9,13.64,1,1
d63c73efd41eb002280e7ec831424edb,SP,2,2799.0,6.290329861111111,0.0,498.27199553038224,4.0,0.0,2,2,5598.0,2799.0,84.29499999999999,2,1
dc7192adf8ba09569261f4a8d576afe0,SP,7,131.0,6.234565145502645,0.0,622.2563636027019,3.857142857142857,0.2857142857142857,5,8,917.0,114.625,20.17875,5,3
0ea22c1cfbdc755f86b9b54b39c16043,MG,234,45.26538461538462,11.029134318613485,0.008547008547008548,614.7334550060784,4.406926406926407,0.06060606060606061,19,265,10592.1,39.97018867924528,15.969735849056603,151,9
be8e909810184b9b19e886129149d8e5,SP,15,41.99,15.356016203703705,0.13333333333333333,612.2891597909908,3.7333333333333334,0.2,8,15,629.85,41.99,14.415333333333333,3,3
269c5fc9fcadee614364c3620c30a1f9,SP,3,69.86666666666666,4.606662808641976,0.0,54.79311332600226,5.0,0.0,1,6,209.6,34.93333333333333,7.52,2,1
bbaff50f3b708fda865918715276cd87,SP,12,37.475,10.197382330246914,0.16666666666666666,397.07947746898776,4.75,0.0,5,16,449.7,28.10625,12.629375,11,1
3b18f9856c6eb2413eafedb58e9eecd9,SP,1,315.0,9.18412037037037,0.0,362.55680435891645,5.0,0.0,1,1,315.0,315.0,20.09,1,1
db2956745b3a8e9f3785c99f34b5d25e,SP,45,183.57777777777778,14.282383744855967,0.08888888888888889,727.3507274597571,3.8444444444444446,0.2,15,46,8261.0,179.58695652173913,20.592608695652174,6,1
8fb791022c1fc8909664f48ab7dc636d,SP,5,1623.99,5.729247685185185,0.0,400.66258615791014,4.2,0.2,3,5,8119.95,1623.99,72.67999999999999,4,1
232a6014e7b10cba61c6c2b2ea6bb4b0,SP,32,119.37406250000001,13.59916015625,0.03125,979.8214987626908,4.15625,0.125,18,35,3819.9700000000003,109.14200000000001,34.202,20,1
6614814a00d344b846ae209f95ee7e3f,SP,1,13.0,4.7878125,0.0,234.57668141686605,1.0,1.0,1,1,13.0,13.0,12.69,1,1
59cd88080b93f3c18508673122d26169,SP,10,39.233,13.021471064814815,0.1,724.3226107958355,4.7,0.0,6,12,392.33,32.69416666666667,14.615,10,1
fffd5413c0700ac820c7069d66d98c89,SP,57,149.73684210526315,13.792657569850553,0.12280701754385964,583.6918708633854,3.892857142857143,0.21428571428571427,15,58,8535.0,147.1551724137931,44.66034482758621,28,3
712e6ed8aa4aa1fa65dab41fed5737e4,SC,77,511.4935064935065,24.691598875661377,0.2077922077922078,1090.4730046224354,3.3947368421052633,0.35526315789473684,17,85,39385.0,463.3529411764706,79.58611764705881,23,1
b5abf4f36adc043117b4fca82c22984c,DF,8,100.38749999999999,19.701410590277778,0.25,716.6499788216421,3.125,0.375,4,9,803.0999999999999,89.23333333333332,18.537777777777777,5,3
6dd7dce75cd55c1ce255dc38d9f0cd46,SC,1,75.0,12.228090277777778,0.0,2215.8475004086,4.0,0.0,1,1,75.0,75.0,21.33,1,1
bbe87dce25ba8b38bb61cc7210a3f10b,SP,2,143.5,6.258229166666666,0.0,793.9386325633552,5.0,0.0,2,2,287.0,143.5,34.195,2,1
99a25c39b28a74d1151c35c18d178292,SP,1,173.94,2.230983796296296,0.0,9.364702077245013,5.0,0.0,1,6,173.94,28.99,7.46,1,1
05730013efda596306417c3b09302475,SC,4,238.0,9.451623263888889,0.0,621.8239396235158,5.0,0.0,3,4,952.0,238.0,54.1675,4,2
0b35c634521043bf4b47e21547b99ab5,PR,50,264.71299999999997,19.267996064814817,0.16,736.6527921903711,3.4081632653061225,0.3469387755102041,9,77,13235.65,171.89155844155843,18.89792207792208,39,1
c35672b10ad50968f567ea3f4b91e877,RJ,18,63.92055555555555,11.607548868312756,0.05555555555555555,744.7059976873719,4.5,0.05555555555555555,8,22,1150.57,52.29863636363636,16.58090909090909,3,2
f435898e493ba0356019a0b1cb8b55b1,PR,10,64.976,10.871199074074074,0.0,1001.8092018043459,4.4,0.1,4,12,649.76,54.14666666666667,19.243333333333336,5,1
7adbd3210a7b3cc2235e225eef33574d,SP,3,43.96666666666667,10.077029320987654,0.0,1471.203910995072,4.666666666666667,0.0,3,3,131.9,43.96666666666667,24.319999999999997,2,1
d8cf3b6a2151949f930d0252b180ec42,PR,6,103.94999999999999,7.142662037037037,0.0,532.4565757689411,3.5,0.3333333333333333,3,19,623.7,32.82631578947369,21.393684210526317,4,1
4ce8b55b4bfa4659184e7becc1fba3f2,PR,2,99.5,12.415815972222223,0.0,759.0832638683218,3.0,0.5,1,2,199.0,99.5,29.935000000000002,2,1
5d043cd5512d4bd2f88e5ccdd5736c38,SP,1,650.0,9.573449074074073,0.0,81.96917358144515,2.0,1.0,1,1,650.0,650.0,64.91,1,1
edb1ef5e36e0c8cd84eb3c9b003e486d,RJ,165,479.66606060606057,11.897481130751965,0.07272727272727272,696.3928536557208,4.442424242424242,0.07272727272727272,18,174,79144.9,454.85574712643677,22.33471264367816,55,1
761681a821d8275bc79f552116d06869,SP,3,118.30666666666667,8.154621913580247,0.0,1118.0410270731622,5.0,0.0,3,3,354.92,118.30666666666667,53.326666666666675,3,2
3361277dc30b7cccdb0c286b24219756,PR,29,134.65689655172415,13.247004709450831,0.06896551724137931,595.3744021888444,4.344827586206897,0.06896551724137931,6,42,3905.05,92.97738095238095,15.139285714285714,18,3
519a7aa428f18d125a283cf8c014fdd6,SC,3,26.566666666666663,7.4835262345679014,0.0,701.3762895860382,4.0,0.0,2,3,79.69999999999999,26.566666666666663,24.366666666666664,1,1
3c7c4a49ec3c6550809089c6a2ca9370,SP,139,28.796762589928058,9.574326622035704,0.05755395683453238,320.60852382407825,3.6906474820143886,0.2733812949640288,15,158,4002.75,25.33386075949367,11.370000000000001,24,1
53b0300ca793f9834cd69c0678d35ee8,SP,5,332.43,5.94075462962963,0.0,339.16503554774374,5.0,0.0,3,10,1662.15,166.215,13.731,5,1
822bad9bc42b51213ba522fe87b7ab5d,SC,18,286.6666666666667,26.65635223765432,0.2777777777777778,1130.240412516735,4.111111111111111,0.1111111111111111,10,18,5160.0,286.6666666666667,29.296666666666667,7,4
48162d548f5b1b11b9d29d1e01f75a61,SP,66,304.6877272727273,11.606531285072952,0.015151515151515152,726.0971403638192,3.984848484848485,0.16666666666666666,19,89,20109.39,225.948202247191,22.94876404494382,42,7
88ef59b51bdaa941d10a853429f2b6ce,PR,2,126.45,6.199189814814815,0.0,534.693032234731,2.0,0.5,2,2,252.9,126.45,20.9,2,1
3fd1e727ba94cfe122d165e176ce7967,SP,35,78.49714285714286,15.705679563492065,0.2,540.0910010831451,3.942857142857143,0.17142857142857143,9,36,2747.4,76.31666666666666,15.235833333333334,12,1
ea4e9ce63a2134743b4a92777437fcdd,SC,3,105.53333333333335,10.11315200617284,0.0,591.2395725517348,4.666666666666667,0.0,2,4,316.6,79.15,16.425,3,1
45a3d05fb00435e52a28859dd03703b3,SP,1,1299.0,25.719780092592593,0.0,1225.7148006995724,5.0,0.0,1,1,1299.0,1299.0,24.79,1,1
c3fe93ba3085f92855c97e57f38c8c05,PR,6,36.5,13.222635030864197,0.0,566.0351981629714,5.0,0.0,3,6,219.0,36.5,16.363333333333333,5,1
9646c3513289980f17226a2fc4720dbd,SP,69,42.96231884057971,11.201072195383789,0.028985507246376812,597.3689029355588,4.449275362318841,0.057971014492753624,16,76,2964.4,39.00526315789474,15.629342105263158,23,4
52a52b9f656520e99716f5bc40f661c8,SP,7,111.87142857142855,10.714502314814814,0.0,302.8701183879777,4.0,0.2857142857142857,4,8,783.1,97.8875,18.515,6,1
36a968b544695394e4e9d7572688598f,SP,148,46.38155405405406,10.72730394456957,0.033783783783783786,416.39350497381565,3.7533783783783785,0.20945945945945946,16,156,6864.47,44.00301282051282,13.16173076923077,39,10
4b5f66b7adcf57f1ecc0d3c07dd6b177,PR,23,277.4686956521739,14.243249295491143,0.043478260869565216,691.2952336366791,4.090909090909091,0.13636363636363635,7,38,6381.78,167.9415789473684,19.320526315789472,10,1
ec21206b7894c503788a684a7bc822a6,RJ,1,75.0,8.111898148148148,0.0,589.6250705409775,3.0,0.0,1,1,75.0,75.0,17.78,1,1
b1aaae6b66ad3c40f54b389d7ea4bee0,SP,15,78.43333333333334,8.024413580246913,0.0,547.6375835244445,4.4,0.06666666666666667,6,17,1176.5,69.20588235294117,23.10235294117647,15,3
89ad3263c0931c47f976d7c5778e60f6,SP,6,94.7,6.547744984567902,0.0,550.3035340355658,4.166666666666667,0.16666666666666666,5,6,568.2,94.7,21.923333333333332,5,1
af4a0e4cfe1d9c26b6712b1be25a72e5,MG,21,417.0466666666666,13.361939484126983,0.047619047619047616,688.3431629430239,3.4285714285714284,0.38095238095238093,8,26,8757.98,336.8453846153846,22.83153846153846,17,2
6f1a1263039c76e68f40a8e536b1da6a,SP,2,89.345,51.000538194444445,0.5,310.6749706533242,2.0,0.5,1,5,178.69,35.738,14.9,1,1
5f67c6082caacb26e431a7b17940cece,PR,13,127.89230769230768,22.829244123931623,0.23076923076923078,565.3060696444066,3.5384615384615383,0.23076923076923078,5,14,1662.6,118.75714285714285,14.887857142857143,3,1
5721089ba9214e80074f27d5a03fc0eb,SP,5,49.18599999999999,7.435550925925926,0.0,214.34064735028397,5.0,0.0,3,7,245.92999999999998,35.13285714285714,9.52,4,2
1782ce2db72c3dda627d5e7c898104e1,SP,9,223.42222222222222,29.349214248971194,0.1111111111111111,1379.195475700645,4.333333333333333,0.0,8,10,2010.8,201.07999999999998,20.737000000000002,7,2
8160255418d5aaa7dbdc9f4c64ebda44,SP,380,122.02207894736841,16.249576693469784,0.1368421052631579,573.896366395204,3.9547872340425534,0.1702127659574468,22,424,46368.39,109.35941037735849,18.224740566037735,57,4
cee48807215b30a12ca2ca10ffb5f250,SP,39,184.92897435897436,23.632062856125355,0.1282051282051282,640.2869232491028,3.769230769230769,0.23076923076923078,12,40,7212.2300000000005,180.30575000000002,22.83225,27,2
8e670472e453ba34a379331513d6aab1,MG,1,975.0,86.00116898148148,1.0,1823.4202284549363,1.0,1.0,1,1,975.0,975.0,108.96,1,1
633ecdf879b94b5337cca303328e4a25,SP,6,172.93333333333337,25.722860725308646,0.6666666666666666,515.6443173332606,1.8,0.8,5,6,1037.6000000000001,172.93333333333337,14.648333333333333,2,1
05a940b4ecae36cadfd8e93bd9c43257,GO,9,77.23333333333333,14.254607767489713,0.0,845.0650913636191,4.222222222222222,0.1111111111111111,7,9,695.1,77.23333333333333,18.77777777777778,8,3
da7039f29f90ce5b4846ffc0fcc93beb,SP,17,74.06470588235294,9.274008033769062,0.058823529411764705,664.2042644776493,4.529411764705882,0.058823529411764705,8,18,1259.1,69.94999999999999,13.580555555555556,7,1
4c03b9dd4c11ee2cb35c96c49efc9420,SP,48,134.55416666666667,10.534739824459876,0.020833333333333332,605.9106869738035,4.1063829787234045,0.14893617021276595,15,48,6458.6,134.55416666666667,17.577708333333334,5,1
a5a1bfcf728ab0e19182959cf0771ee4,SP,21,86.33142857142857,13.414981261022929,0.047619047619047616,366.105265740165,4.333333333333333,0.047619047619047616,7,24,1812.96,75.54,14.495416666666666,6,3
431050a06a317f2b38168dec3dcd2b46,SP,10,137.0,8.922488425925925,0.0,579.1818037911341,4.5,0.0,6,10,1370.0,137.0,20.615000000000002,5,1
40ec8ab6cdafbcc4f544da38c67da39a,PR,2,58.9,6.5789583333333335,0.0,416.82577906207564,5.0,0.0,1,2,117.8,58.9,19.6,1,1
ffff564a4f9085cd26170f4732393726,SP,8,44.875,12.49623263888889,0.0,511.1345528657471,3.25,0.375,4,8,359.0,44.875,14.41875,6,3
bede56095ba33c42038fb85f707b8a42,SP,2,1986.95,12.575914351851853,0.0,1218.2249239232128,4.5,0.0,2,2,3973.9,1986.95,105.435,2,1
bbad7e518d7af88a0897397ffdca1979,SP,68,65.09294117647059,13.456101409313725,0.16176470588235295,486.7216207962147,3.1791044776119404,0.40298507462686567,14,84,4426.32,52.69428571428571,15.653809523809525,14,8
a806a4bb063ea7ca6d374eafa50a6058,ES,5,58.879999999999995,12.707159722222222,0.0,1084.1164361466874,4.0,0.0,4,6,294.4,49.06666666666666,18.478333333333335,5,1
1b1ae47a313a825a7ccceb8e2e30fa9d,PR,10,218.4,10.654221064814815,0.0,493.50658148186994,4.222222222222222,0.2222222222222222,6,10,2184.0,218.4,22.937,5,4
d9e7e7778b32987280a6f2cb9a39c57d,SP,11,65.68181818181819,18.465708122895624,0.18181818181818182,1432.7069688313293,3.5454545454545454,0.2727272727272727,9,13,722.5,55.57692307692308,20.299230769230768,7,1
99a54764c341d5dc80b4a8fac4eba3fb,SP,44,81.33545454545454,7.728657933501683,0.11363636363636363,266.4217190715632,3.6744186046511627,0.20930232558139536,7,66,3578.7599999999998,54.22363636363636,19.67909090909091,31,5
939f6e231201f26803cb5c3a3d2940b3,SP,3,43.53333333333333,10.861435185185185,0.0,614.4951847024278,4.666666666666667,0.0,3,4,130.6,32.65,23.755000000000003,3,1
282f23a9769b2690c5dda22e316f9941,MG,98,65.96204081632652,11.22246019935752,0.04081632653061224,622.0567531822811,4.36734693877551,0.04081632653061224,16,109,6464.28,59.30532110091743,17.126330275229357,41,6
427165bf50f8ca07efc7bdc2bfcf1688,SP,5,320.7,38.565872685185184,0.6,455.6713624936398,3.2,0.4,4,5,1603.5,320.7,17.880000000000003,3,1
d03698c2efd04a549382afa6623e27fb,BA,18,492.52611111111105,14.709746013374485,0.05555555555555555,1232.1314548631976,4.5,0.05555555555555555,14,21,8865.47,422.16523809523807,37.102380952380955,14,2
e21a1e8be4715b0fcfd5385643bc49c4,SC,20,33.684999999999995,16.619786458333333,0.0,986.5969955743815,3.7,0.25,7,23,673.6999999999999,29.291304347826085,19.761304347826087,14,3
1e26c56af8d48424e1df0140a2401f83,SP,2,129.45,5.251145833333333,0.0,615.2886914261818,5.0,0.0,2,2,258.9,129.45,16.745,2,2
8f119a0aee85c0c8fc534629734e94fd,SP,75,47.7184,10.047791203703703,0.04,393.99494076387276,4.28,0.08,13,81,3578.88,44.183703703703706,13.172962962962963,30,8
fdaaf5bfda82b7b80535610c831b8d09,SP,10,258.89,9.90040625,0.1,557.8884537683249,4.2,0.2,4,15,2588.9,172.59333333333333,17.294666666666668,12,2
b274baf5bbd142410eb2958cf685d684,RS,7,83.7,6.354259259259259,0.0,1146.3274270344994,4.285714285714286,0.14285714285714285,4,7,585.9,83.7,21.23857142857143,7,2
bcc9dd23e2a8bd8267cf92b19304a1b9,SP,3,67.59666666666668,22.54966049382716,0.6666666666666666,520.7063715181861,2.3333333333333335,0.6666666666666666,3,3,202.79000000000002,67.59666666666668,14.476666666666667,2,1
751e274377499a8503fd6243ad9c56f6,SP,1,218.0,1.9974652777777777,0.0,95.65116077328908,5.0,0.0,1,2,218.0,109.0,8.92,1,1
b1fc4f64df5a0e8b6913ab38803c57a9,RJ,107,74.71719626168225,15.916294998269297,0.12149532710280374,849.2411683660541,3.857142857142857,0.20952380952380953,23,121,7994.74,66.07223140495867,17.737603305785125,5,1
4eb61f060e7dcc1d5a80d806c35cc541,SP,8,164.125,6.202073206018518,0.0,279.59655555811827,3.875,0.125,3,8,1313.0,164.125,19.14,3,2
1d0646a72178a6fb37ee8082140e06ec,SC,2,30.5,7.651782407407408,0.0,414.8906044689136,5.0,0.0,1,2,61.0,30.5,18.31,2,2
0ebd97a106433a45a4aebe57c1799778,MG,31,98.28387096774195,9.436748805256869,0.0,795.1765617019531,4.483870967741935,0.06451612903225806,13,32,3046.8,95.2125,19.215,10,1
f0ec78809fe0bc3edb11c9fe5b97b059,SP,2,31.299999999999997,9.34699074074074,0.0,420.11633630345136,4.0,0.0,2,2,62.599999999999994,31.299999999999997,11.829999999999998,2,1
6219ba2359cfb97f2e38fd4c321eb309,SP,5,68.52000000000001,23.707979166666668,0.6,355.67394601293825,4.0,0.25,3,5,342.6,68.52000000000001,16.509999999999998,4,1
a7f13822ceb966b076af67121f87b063,SP,73,164.6258904109589,22.7069525304414,0.0410958904109589,616.4177523940521,3.4027777777777777,0.2777777777777778,16,84,12017.69,143.0677380952381,35.270714285714284,31,5
4e8dacf3d38f281ae26c3e0321d92d88,SP,8,256.9325,12.03462962962963,0.125,360.82344251718587,3.125,0.375,4,9,2055.46,228.38444444444445,15.619999999999997,4,1
78a4d36f65a019172c6154468831a69f,SP,7,220.78571428571428,15.5092791005291,0.14285714285714285,885.9726162495737,4.285714285714286,0.14285714285714285,4,7,1545.5,220.78571428571428,31.914285714285715,1,1
c64a2aec32cc408a8a4c6d7c46017f91,RS,9,357.94444444444446,21.510210905349794,0.0,1541.7291814827104,3.888888888888889,0.1111111111111111,9,9,3221.5,357.94444444444446,45.18555555555556,2,1
cb162c8eef257253782d245c08d9097c,SP,1,34.99,10.642743055555556,0.0,494.45368571353634,5.0,0.0,1,1,34.99,34.99,14.13,1,1
fc6295add6f51a0936407ead70c1001d,SP,1,160.0,13.800219907407408,0.0,2371.084226691649,1.0,1.0,1,4,160.0,40.0,17.63,4,1
f0e103c63864d5405b958d984b6e94c9,SP,11,86.51818181818182,8.819280303030304,0.0,504.4984075810018,4.7272727272727275,0.0,5,11,951.7,86.51818181818182,13.610000000000001,7,2
5def4c3732941a971cba8fdee992ede1,SP,5,26.96,4.562969907407408,0.0,267.45057321905057,4.6,0.0,3,6,134.8,22.46666666666667,11.04,5,4
80e6699fe29150b372a0c8a1ebf7dcc8,PR,96,115.82979166666667,11.559742115162038,0.03125,763.0305201428669,4.336842105263158,0.08421052631578947,18,98,11119.66,113.46591836734694,27.215816326530614,32,3
42ef3192a9ff87a22d1867b74b3ee205,SP,23,58.87347826086957,9.308129528985507,0.0,248.32676178332522,4.6521739130434785,0.043478260869565216,6,23,1354.0900000000001,58.87347826086957,13.125217391304348,20,4
a2deecd5398f5df4987110c80a1972a3,SP,13,47.98538461538461,8.307628205128205,0.0,667.6668649710549,4.269230769230769,0.07692307692307693,7,13,623.81,47.98538461538461,17.076153846153847,5,1
9853a239ab7b7ebbdc3a21248d5b8e1f,PR,4,60.5,17.958078703703706,0.25,670.9799698274429,3.75,0.25,4,4,242.0,60.5,17.05,4,1
f8e2c1b59cd4225a3e4fd0d013a76b93,SP,2,109.9,10.010943287037037,0.0,405.17947805211645,5.0,0.0,2,3,219.8,73.26666666666667,14.876666666666667,2,1
9c3c24eca51c52b91c1de727d2a2ae06,RS,6,51.25,10.611865354938272,0.0,739.4200784106039,4.5,0.0,5,6,307.5,51.25,18.94333333333333,3,2
f524ad65d7e0f1daab730ef2d2e86196,RS,1,578.0,24.899224537037036,1.0,172.9117279809348,1.0,1.0,1,2,578.0,289.0,15.75,1,1
aae5953b9edddf14749c0d65d60eb4b9,MG,2,86.5,12.825434027777778,0.0,413.44829617251196,5.0,0.0,2,2,173.0,86.5,14.95,2,1
c003204e1ab016dfa150abc119207b24,SP,195,127.7143076923077,9.627084223646722,0.05128205128205128,561.027004164666,4.466666666666667,0.046153846153846156,16,200,24904.29,124.52145,23.57085,11,2
5656537e588803a555b8eb41f07a944b,DF,171,46.38163742690059,11.294335336798786,0.05847953216374269,827.5897155632139,3.8947368421052633,0.1871345029239766,20,185,7931.26,42.871675675675675,17.969135135135136,72,11
503c1de08ae81a2d86f17951b204db55,SP,22,223.045,13.488269675925926,0.045454545454545456,806.2280895205593,4.409090909090909,0.045454545454545456,8,22,4906.99,223.045,18.859545454545454,2,1
b8bc237ba3788b23da09c0f1f3a3288c,SC,45,304.1268888888889,11.744737139917694,0.022222222222222223,623.5047454208558,4.318181818181818,0.06818181818181818,9,47,13685.710000000001,291.1853191489362,41.17978723404256,1,1
7816cd9c5b1238e320545f5bf7eb80e8,SP,1,489.0,10.901851851851852,0.0,86.85819018589444,4.0,0.0,1,1,489.0,489.0,22.76,1,1
213fafb0ca06fb3d5886579c2565791b,MG,3,63.23333333333334,4.259791666666667,0.0,54.05972306628763,2.3333333333333335,0.6666666666666666,1,3,189.70000000000002,63.23333333333334,9.053333333333333,3,3
404e1ba01358af4cd63f679b2c4d1fa1,MG,8,46.7375,8.209917534722223,0.0,539.1488110867876,5.0,0.0,5,12,373.9,31.15833333333333,14.819166666666666,7,3
186cdd1b2df32caa72cfb410bba768d3,SC,6,223.57500000000002,8.898485725308642,0.0,477.1649581113608,5.0,0.0,4,6,1341.45,223.57500000000002,44.71333333333334,6,1
de23c3b98a88888289c6f5cc1209054a,SP,161,161.07869565217393,10.952872455141478,0.07453416149068323,495.7473014863422,4.291925465838509,0.10559006211180125,15,178,25933.670000000002,145.69477528089888,14.86623595505618,92,6
fe49ee029e61e789a1f3a5525f57ba8d,SP,16,154.605625,10.416166811342592,0.0625,399.82566904063896,4.25,0.125,7,16,2473.69,154.605625,13.59125,10,5
902c99f1ac505c0d18778b61bcd636f7,SP,3,41.156666666666666,4.851431327160494,0.0,111.83224376560925,5.0,0.0,1,3,123.47,41.156666666666666,27.27333333333333,3,1
94ca168e8bcb407ab85c5da308863027,SP,5,44.86,12.487648148148148,0.0,963.4838150661047,5.0,0.0,4,5,224.3,44.86,17.472,4,2
82921991ff5b557b045605b8bbf08d49,SP,1,18.9,4.079814814814815,0.0,773.9215797070909,5.0,0.0,1,1,18.9,18.9,18.23,1,1
77128dec4bec4878c37ab7d6169d6f26,SP,1,6.5,11.992465277777777,0.0,1.2546125127820873,5.0,0.0,1,1,6.5,6.5,8.72,1,1
4bf658053d453036c70976bccb2c31b2,SP,2,871.495,24.678402777777777,0.0,1278.7778243599255,4.5,0.0,2,2,1742.99,871.495,40.785,2,1
e8a85b5f3df47be0984c55fd4064dbb4,DF,8,92.875,10.681103877314815,0.125,637.8451492380084,4.5,0.125,4,14,743.0,53.07142857142857,15.927857142857144,6,4
28f10b1c5e5abb9d4857745bede6147c,SP,28,29.821428571428573,7.637304894179894,0.14285714285714285,458.35833044269236,4.0,0.17857142857142858,9,28,835.0,29.821428571428573,12.515,4,3
48bad451945f5227341793478d6353ea,SP,3,102.33333333333333,22.083051697530863,0.3333333333333333,627.8980649438064,4.0,0.0,3,3,307.0,102.33333333333333,25.830000000000002,2,2
2a61c271b1ac763450d846849783e922,SP,17,87.45705882352941,18.59890727124183,0.17647058823529413,1290.1917920044725,4.117647058823529,0.17647058823529413,11,22,1486.77,67.58045454545454,21.921363636363637,6,2
ba6ce6de456f6c11d08c17701ba5c26f,SP,6,124.05833333333334,12.412860725308642,0.0,221.1612479652415,4.166666666666667,0.16666666666666666,2,7,744.35,106.33571428571429,18.594285714285714,3,1
5dceca129747e92ff8ef7a997dc4f8ca,SP,322,345.1140683229814,11.569820278352887,0.055900621118012424,562.6061333947104,4.012578616352202,0.1918238993710692,24,343,111126.73,323.9846355685131,39.580728862973764,47,6
e1dc0754bada9ee4cfe9713f22f61292,RJ,12,73.75,8.281831597222222,0.0,712.7192713715858,3.8333333333333335,0.25,7,12,885.0,73.75,22.064999999999998,4,4
39a5005f2605cbdb4f9ac14485cabfd1,SP,3,167.02333333333334,9.623873456790124,0.0,1177.2614708381222,5.0,0.0,2,8,501.07,62.63375,29.07375,3,1
2bf28e311bba65237358230cabac3f15,PR,7,42.0,11.378096891534392,0.2857142857142857,502.6707935829419,3.7142857142857144,0.2857142857142857,5,8,294.0,36.75,22.985,6,3
0e44d110fa6a54e121cb2c095a77762f,SP,6,37.22,12.001626157407408,0.16666666666666666,251.94866792662688,4.333333333333333,0.16666666666666666,3,6,223.32,37.22,11.676666666666668,5,1
3d871de0142ce09b7081e2b9d1733cb1,SP,1064,87.78890977443608,13.510275428153717,0.05451127819548872,505.43759549961027,4.1918328584995255,0.10446343779677113,23,1131,93407.4,82.58832891246684,19.547524314765695,202,6
51e4e89242cbb846c2deff3dc015650e,RS,16,51.41125,9.21369357638889,0.0,1099.6014709578485,4.625,0.0,6,16,822.58,51.41125,22.073125,10,2
86ccac0b835037332a596a33b6949ee1,SC,178,89.29404494382023,12.06077624323762,0.02247191011235955,660.6229427461277,4.228813559322034,0.11864406779661017,16,208,15894.34,76.41509615384615,18.776971153846155,71,2
c97aa4ee7420f937da13b7f9e2228b99,RS,1,29.9,10.80730324074074,0.0,1499.0271489481088,1.0,1.0,1,1,29.9,29.9,6.66,1,1
aac51c486b672a9850d59f3e84b1cf88,SP,10,72.828,4.651243055555556,0.0,251.32846004266622,4.8,0.0,3,13,728.28,56.02153846153846,10.099230769230768,6,3
3340ef1913fb70d28420f6ceb685c339,PR,32,210.34843750000002,16.713813657407407,0.03125,818.166704397716,4.375,0.0625,11,42,6731.15,160.2654761904762,17.866666666666667,15,1
76de363de16dacc923eec8daf91df504,SC,2,180.0,13.318443287037038,0.0,758.400512720367,2.5,0.5,2,2,360.0,180.0,25.21,2,2
b74d1c09cb380e1d03a6f859c6f4224b,RJ,30,72.48700000000001,10.78025424382716,0.13333333333333333,610.8204965314106,4.3,0.1,9,38,2174.61,57.226578947368424,21.315,10,3
1bb2bdb95f4841f1bba2c0d2cd83d3c9,SP,79,62.09822784810127,12.408010431317393,0.06329113924050633,435.81805060385926,4.628205128205129,0.038461538461538464,12,83,4905.76,59.1055421686747,13.471927710843374,23,5
670c26e0f1bf8d0576271d5cfaec6d2b,PR,77,81.17012987012987,14.281619017556517,0.05194805194805195,747.4196375411291,4.311688311688312,0.07792207792207792,12,86,6250.1,72.67558139534884,19.539186046511627,15,2
c32fc744b9160ac853450488e3cfea93,SP,2,32.9,15.516493055555555,0.0,535.0256209401628,3.0,0.5,2,2,65.8,32.9,7.0249999999999995,2,1
59de1d4c8c057c2a53acd4ca66531af2,PR,1,135.0,18.68167824074074,0.0,964.7554571132127,5.0,0.0,1,1,135.0,135.0,21.75,1,1
e64882b4ef12aee8d0faca4db5b681f4,GO,1,230.0,25.008819444444445,0.0,1212.9734185177736,4.0,0.0,1,2,230.0,115.0,21.61,1,1
1b65c144b17e607c0f37f10bb7dfec8d,SC,5,221.9,8.770837962962963,0.0,717.6946807475534,2.0,0.6,2,5,1109.5,221.9,28.97,3,1
f4aba7c0bca51484c30ab7bdc34bcdd1,SP,108,27.332407407407405,10.979156057098765,0.05555555555555555,528.1820532688863,3.9444444444444446,0.1574074074074074,17,115,2951.8999999999996,25.66869565217391,13.17591304347826,12,2
e0878efa0e0b7e5313ac0b43bc04c081,PR,26,193.28461538461536,18.133796296296296,0.15384615384615385,827.354184753686,3.6153846153846154,0.2692307692307692,10,28,5025.4,179.47857142857143,18.46892857142857,4,2
03a2a6dcbe45d639c4dc2a0d24769c40,SP,9,119.82333333333334,10.4471579218107,0.1111111111111111,594.8625433195585,4.111111111111111,0.1111111111111111,5,9,1078.41,119.82333333333334,19.13888888888889,7,1
327b89b872c14d1c0be7235ef4871685,AM,3,392.3333333333333,47.8408024691358,0.3333333333333333,2327.5959862009863,2.3333333333333335,0.6666666666666666,3,3,1177.0,392.3333333333333,27.266666666666666,3,1
e9d99831abad74458942f21e16f33f92,SP,130,37.86523076923077,12.873267984330484,0.1,578.6273158979536,3.9302325581395348,0.16279069767441862,21,149,4922.4800000000005,33.036778523489936,13.37973154362416,35,4
a45765f8afb1e594b22bf9e974b46765,SP,1,79.99,4.976712962962963,0.0,17.495744062147203,4.0,0.0,1,1,79.99,79.99,8.93,1,1
dc8798cbf453b7e0f98745e396cc5616,SP,35,49.51428571428571,13.457997354497355,0.05714285714285714,424.5541890348398,3.3714285714285714,0.3142857142857143,10,43,1733.0,40.30232558139535,12.23139534883721,34,2
d9cd369bffa979d1634f8e1318bf2f1b,SP,3,226.0,11.24925925925926,0.0,822.4818785882726,5.0,0.0,2,3,678.0,226.0,22.27,3,1
240b9776d844d37535668549a396af32,RJ,35,380.91685714285717,11.357760582010583,0.02857142857142857,443.57946550639025,4.3428571428571425,0.08571428571428572,8,35,13332.09,380.91685714285717,23.987428571428573,11,5
70f7e8018e3d46c748c92f026aa2585a,SP,1,239.8,7.02681712962963,0.0,582.4170793358567,5.0,0.0,1,2,239.8,119.9,18.94,2,1
3f2af2670e104d1bcb54022274daeac5,PR,6,162.26666666666668,19.51496141975309,0.16666666666666666,779.1572623257713,3.3333333333333335,0.3333333333333333,4,7,973.6,139.0857142857143,51.51142857142857,5,1
bb3dca718920a4d7ec3cc9ffb025108b,SP,2,54.0,11.942725694444444,0.0,907.5745237862327,3.0,0.5,2,3,108.0,36.0,31.233333333333334,2,1
babcc0ab201e4c60188427cae51a5b8b,SP,1,79.0,8.19707175925926,0.0,220.02120598045727,5.0,0.0,1,1,79.0,79.0,14.13,1,1
eed78ac17f7f795a19a709745f00cd4e,SP,22,197.70454545454547,10.03719433922559,0.0,456.2006524369771,3.772727272727273,0.22727272727272727,8,56,4349.5,77.66964285714286,15.113214285714287,12,1
a2e874074c877c5a05abae80ad6e488f,SP,40,183.875,19.23790740740741,0.05,606.0401410570823,4.25,0.075,10,42,7355.0,175.11904761904762,26.317619047619047,18,3
abcd2cb37d46c2c8fb1bf071c859fc5b,MT,44,109.48454545454545,13.89348879419192,0.045454545454545456,1322.17727935531,4.318181818181818,0.022727272727272728,13,51,4817.32,94.45725490196078,25.578823529411764,31,1
1703bc09972dab9782e7a9194943b69f,MG,1,249.9,12.12505787037037,0.0,1769.7370400613772,5.0,0.0,1,1,249.9,249.9,106.21,1,1
365e445f796710c3431557e85caa25db,SP,4,278.75,8.38683449074074,0.0,540.576859727252,4.5,0.0,4,5,1115.0,223.0,15.86,4,1
0bb738e4d789e63e2267697c42d35a2d,SP,28,70.69285714285715,12.086564153439154,0.03571428571428571,625.6438023245695,4.642857142857143,0.0,9,29,1979.4,68.2551724137931,20.40344827586207,4,2
3d290fe363c60a77498c1126fd3fb8d3,SP,3,66.32666666666667,7.46141975308642,0.0,148.6669242519176,4.333333333333333,0.0,2,3,198.98,66.32666666666667,11.686666666666667,2,1
325f3178fb58e2a9778334621eecdbf9,SP,36,27.269444444444442,6.405302211934156,0.0,214.64052481723954,4.444444444444445,0.08333333333333333,7,46,981.6999999999999,21.341304347826085,9.818913043478261,13,3
8c16d1f32a54d92897cc437244442e1b,SC,108,52.2462962962963,11.002946459190673,0.009259259259259259,640.8797683688412,4.355140186915888,0.07476635514018691,15,118,5642.6,47.81864406779661,17.898898305084746,25,8
f5a590cf36251cf1162ea35bef76fe84,SP,113,453.38743362831855,11.744838270239265,0.07079646017699115,627.6245708280974,4.274336283185841,0.10619469026548672,19,118,51232.78,434.17610169491525,35.03542372881356,60,3
1e8b33f18b4f7598d87f5cbee2282cc2,SP,122,141.25868852459018,7.837611376745598,0.03278688524590164,336.35260213304934,4.4,0.10833333333333334,13,139,17233.56,123.98244604316548,19.356187050359715,30,1
59cea8e446d3834393058e7e0666b6fb,PR,10,69.66,7.272856481481481,0.0,639.7840504922322,4.6,0.0,5,10,696.6,69.66,20.454,5,4
8c5e007d7bd5693fa1386ffefbc99f6c,SP,9,114.34555555555555,10.242138631687244,0.0,859.7288612039926,4.333333333333333,0.1111111111111111,7,24,1029.11,42.87958333333333,15.762500000000001,9,1
1da3aeb70d7989d1e6d9b0e887f97c23,SP,261,33.30099616858237,8.604649673619981,0.04597701149425287,449.04504947326933,4.165384615384616,0.12307692307692308,20,324,8691.56,26.8258024691358,12.887407407407409,152,21
5b67882648febfb6e1225e6ad7164f6b,PR,27,252.35111111111112,12.55868912894376,0.037037037037037035,791.9251899201867,4.0,0.14814814814814814,8,30,6813.4800000000005,227.116,20.631333333333334,24,2
53e4c6e0f4312d4d2107a8c9cddf45cd,SP,463,63.904470842332614,12.021332093432525,0.047516198704103674,418.83033294318017,4.130151843817788,0.1279826464208243,22,512,29587.77,57.78861328125,18.9378125,159,6
039e6ad9dae79614493083e241147386,SP,5,2585.0,14.593856481481481,0.2,731.5276446318646,4.0,0.2,4,5,12925.0,2585.0,69.684,4,1
cad10cc982ab6a391570c211b995c17c,SP,1,47.4,4.2977893518518515,0.0,236.46740321497617,5.0,0.0,1,1,47.4,47.4,12.79,1,1
527801b552d0077ffd170872eb49683b,SP,90,199.36444444444444,13.124561471193415,0.1,651.5751771146644,4.47191011235955,0.07865168539325842,14,92,17942.8,195.0304347826087,22.41913043478261,26,4
be67f78487e2cecb0d55bc769709e4f5,MG,1,102.0,10.03462962962963,0.0,850.3028877766218,5.0,0.0,1,1,102.0,102.0,23.64,1,1
8ca1551acf9832a4cf467bbbac15851f,PR,11,197.85454545454547,13.264915824915825,0.09090909090909091,756.2954249622417,3.909090909090909,0.18181818181818182,5,12,2176.4,181.36666666666667,22.21166666666667,10,3
2ea0861cc19e94cad86438c984c52da4,SP,6,27.599999999999998,5.2506057098765435,0.0,192.007841028348,3.3333333333333335,0.16666666666666666,2,6,165.6,27.599999999999998,10.408333333333333,5,5
7202e2ba20579a9bd1acb29e61fe71f6,SP,51,236.97450980392153,13.344604438997822,0.0392156862745098,860.1559908722836,3.98,0.16,14,53,12085.699999999999,228.03207547169808,21.349245283018867,19,2
0509040ea3fe50071181bbc359eb7738,MG,87,42.40632183908046,11.611956550659855,0.04597701149425287,552.9866020817918,4.476744186046512,0.011627906976744186,17,96,3689.35,38.430729166666666,14.686458333333333,34,3
2039c5e51785b5dde7cf93ccb3b7be2c,SP,1,159.9,8.269247685185185,0.0,339.10377974800997,5.0,0.0,1,1,159.9,159.9,13.78,1,1
62de60d81c55c29d76a6bce418b31cef,SP,1,103.0,16.171631944444446,0.0,1439.6395520841404,4.0,0.0,1,1,103.0,103.0,23.87,1,1
eaf6d55068dea77334e8477d3878d89e,SP,3,17.0,6.129313271604938,0.0,315.4731971501165,5.0,0.0,2,3,51.0,17.0,11.003333333333332,2,1
e89c4adbe7b1d0819dbb636e16461cf1,SP,24,132.55416666666667,15.115932677469134,0.125,471.54101584445897,3.8333333333333335,0.16666666666666666,9,25,3181.3,127.25200000000001,18.194000000000003,8,1
2e2f44824ab87a0cb961f68bf4073e7f,PR,1,48.0,10.955590277777778,0.0,336.85375626866767,2.0,1.0,1,1,48.0,48.0,17.93,1,0
85ecf03781da592876b7844acc1b729f,SP,2,125.5,15.553564814814814,0.5,1537.2776881534276,4.5,0.0,2,2,251.0,125.5,21.95,2,1
5c853bb56f70f4d14218944bae111d7a,SP,23,11.440434782608696,8.65661533816425,0.0,314.6173053947304,4.0,0.21739130434782608,6,24,263.13,10.96375,10.460833333333333,12,1
bba74270a87732727b5a3b4fd9ac1c39,MG,35,170.41714285714286,9.715594576719576,0.0,752.7119595868614,4.057142857142857,0.14285714285714285,12,40,5964.6,149.115,18.5935,20,5
e8ff5a6ceb895583033fc2a0f314e3c2,SC,1,139.89,3.1886111111111113,0.0,438.6474691528665,5.0,0.0,1,1,139.89,139.89,19.08,1,1
835f0f7810c76831d6c7d24c7a646d4d,SP,42,118.81428571428573,18.097381227954145,0.2619047619047619,798.0923238882738,3.357142857142857,0.30952380952380953,15,48,4990.200000000001,103.96250000000002,19.417708333333334,18,2
702835e4b785b67a084280efca355756,MG,1,7.6,1.8040393518518518,0.0,1.1359068347956276,5.0,0.0,1,1,7.6,7.6,10.96,1,0
4ea2f12dbe91deeacd2c1e74f069a6e6,SP,4,52.55,9.45769386574074,0.0,552.8623932267985,4.75,0.0,3,6,210.2,35.03333333333333,11.678333333333333,4,1
a066df7361163e7ddc5d7452dd17448b,SP,15,71.88666666666667,15.738050154320986,0.2,587.2396194779141,4.4,0.13333333333333333,7,17,1078.3,63.42941176470588,15.665882352941177,6,1
bc8c8d665ec4664d286be0d521722b19,SP,1,22.5,8.033923611111112,1.0,20.4782218995221,2.0,1.0,1,1,22.5,22.5,8.32,1,1
5e106d93b717c2682b9383da480364a1,PR,1,445.9,7.260185185185185,0.0,1224.8277232181551,5.0,0.0,1,1,445.9,445.9,21.71,1,1
bd4431c1a8dfa744b59e1e2a8bc99b9e,RJ,7,115.64285714285714,7.122043650793651,0.0,296.57304326066907,4.571428571428571,0.0,3,7,809.5,115.64285714285714,29.155714285714286,5,1
bd4ff04377f974574f7f0bf9d6ce7dde,SP,4,41.24,21.992728587962965,0.25,262.7359893562917,3.5,0.25,2,4,164.96,41.24,12.535,3,3
3076499bbc033a927bf4a8a41bcf7fd4,SP,7,51.332857142857144,7.401684854497355,0.0,493.5101544550695,4.285714285714286,0.14285714285714285,3,9,359.33,39.925555555555555,13.81111111111111,7,2
010da0602d7774602cd1b3f5fb7b709e,SP,1,849.5,26.1146875,0.0,527.3532293501346,1.0,1.0,1,5,849.5,169.9,46.05,1,1
5d505d2298ad549e4e4e835562fa0c1e,SP,2,124.9,5.899982638888889,0.0,566.1592255887772,5.0,0.0,2,2,249.8,124.9,14.169999999999998,1,1
ad14615bdd492b01b0d97922e87cb87f,SC,1,8.25,13.583900462962964,0.0,245.42037435823147,5.0,0.0,1,1,8.25,8.25,10.96,1,1
7df1fc11cc5cbc518b39faa60cf5d67c,MS,5,207.51999999999998,7.718787037037037,0.0,957.3729191733806,4.2,0.2,3,5,1037.6,207.51999999999998,26.872000000000003,5,1
238fac594e170b59c6d228f5a4f4f1d9,SP,29,107.79310344827586,12.00780491698595,0.10344827586206896,403.66365706038596,4.0,0.14285714285714285,7,30,3126.0,104.2,47.31733333333333,6,1
29c322e3f09f886f8bacbe91dfbd979e,RS,1,48.98,6.673425925925926,0.0,134.09248857674612,5.0,0.0,1,2,48.98,24.49,28.295,2,1
134a288e7de827ec5ec62e3ec9c3a295,SP,9,97.49444444444445,9.450118312757203,0.0,532.3934351488831,4.777777777777778,0.0,5,9,877.45,97.49444444444445,14.06111111111111,7,2
33fd411ed63a7c2f9005e3f065d9f85d,RS,1,24.9,8.134837962962964,0.0,846.6554212066465,4.0,0.0,1,1,24.9,24.9,18.23,1,1
edb58a1390adf273840030a3d6253829,SP,1,39.9,5.503541666666667,0.0,469.9389092039424,5.0,0.0,1,1,39.9,39.9,18.38,1,1
1e8c6a4c538f286aee9573239740a4b4,SP,5,71.94,7.40725925925926,0.0,685.6234594634201,3.8,0.2,3,5,359.7,71.94,17.424,5,3
07de60b03d150fb3ea09eab5da5e4c8b,SP,9,79.9,13.419634773662551,0.1111111111111111,458.15595247615187,4.333333333333333,0.1111111111111111,3,9,719.1,79.9,18.87777777777778,4,1
f1ce5fdecd64935c28b9ff932751d0dc,SP,2,79.0,10.23626736111111,0.0,226.35890484574952,4.5,0.0,2,2,158.0,79.0,11.265,2,1
ede2977fbaf3738583170735ca403f6c,PR,1,289.9,14.979814814814814,0.0,1031.3107892193718,5.0,0.0,1,1,289.9,289.9,37.35,1,1
03bd479e1d9484cdb14104d3023f7321,MG,3,119.90000000000002,20.46724151234568,0.0,501.7548583427575,4.333333333333333,0.0,3,3,359.70000000000005,119.90000000000002,19.24,3,1
31e60bf8d103ce47932a85f5562deb16,GO,1,181.0,14.461574074074074,0.0,1582.7825315645798,5.0,0.0,1,1,181.0,181.0,58.04,1,1
83645b1645cdee8953ee54c29ceed564,PR,14,69.92142857142856,10.400109126984129,0.0,938.379013169837,4.428571428571429,0.0,7,14,978.9,69.92142857142856,19.014285714285712,11,3
bdae679a9b282249bc23b9b69dae9a99,DF,6,110.52499999999999,10.398778935185184,0.0,787.3887032996336,3.5,0.3333333333333333,5,12,663.15,55.262499999999996,15.735833333333332,7,2
5cf13accae3222c70a9cac40818ae839,MG,148,96.57635135135136,10.701136918168169,0.02027027027027027,651.7470097603544,4.476190476190476,0.07482993197278912,16,155,14293.300000000001,92.21483870967742,19.37341935483871,34,2
249f0e9905a6e06ad6c6bea7547ab9f6,RJ,3,115.98333333333333,6.271500771604939,0.0,438.7863722835161,3.6666666666666665,0.3333333333333333,3,3,347.95,115.98333333333333,13.013333333333334,3,2
96804ea39d96eb908e7c3afdb671bb9e,MG,37,95.42567567567568,12.917326076076076,0.02702702702702703,708.8103264884896,4.135135135135135,0.13513513513513514,11,39,3530.75,90.53205128205128,18.903846153846153,5,5
cd233f8bfa30ebfd651f47ee7d054951,SP,1,79.9,9.33625,0.0,1047.9390275419476,5.0,0.0,1,1,79.9,79.9,18.66,1,1
3986c0b54f6b748b75e7bd4e092aa3e5,PR,1,24.99,6.12349537037037,0.0,343.1769456138527,5.0,0.0,1,1,24.99,24.99,15.28,1,1
5563732abe64c3036cb97ad924128dd1,SP,2,202.0,12.159421296296296,0.0,474.0733167107309,4.5,0.0,2,3,404.0,134.66666666666666,12.533333333333333,3,1
51f108f62cb87d61918159902c8f8583,PR,3,101.24333333333334,5.971261574074074,0.0,885.830187632608,4.333333333333333,0.0,2,3,303.73,101.24333333333334,25.01,2,1
134b867a0f7f8bbe6abf10f91874891e,SP,1,789.89,12.933530092592592,0.0,1996.0496963552434,4.0,0.0,1,1,789.89,789.89,132.95,1,1
57c764b4a836300be881e2ff86e449f9,SP,28,41.28928571428572,15.405973875661376,0.14285714285714285,592.6225351993843,4.222222222222222,0.1111111111111111,11,29,1156.1000000000001,39.865517241379315,15.77206896551724,11,3
2fa13c8bd5705d279f7ed5cc9ec61c68,SP,2,43.7,4.554305555555556,0.0,451.33691028876507,5.0,0.0,2,4,87.4,21.85,15.325,2,2
e627629ba868740e287800f1a9be81c2,SP,11,30.645454545454548,6.900215698653199,0.0,142.59467374243715,4.909090909090909,0.0,2,11,337.1,30.645454545454548,9.96,11,2
c72de06d72748d1a0dfb2125be43ba63,BA,21,834.3809523809524,9.696403218694886,0.0,1030.7472949648843,4.476190476190476,0.047619047619047616,8,22,17522.0,796.4545454545455,55.053636363636365,8,3
8d79c8a04e42d722a75097ce5cbcf2ef,CE,26,101.07000000000001,19.172177706552706,0.07692307692307693,1494.6129604224975,4.576923076923077,0.07692307692307693,11,27,2627.82,97.32666666666667,26.645555555555553,3,1
8060d731897e33b5c5ae575ce1e209e1,SP,5,39.9,7.804481481481481,0.0,471.3795882018606,4.8,0.0,2,5,199.5,39.9,18.29,1,1
4c4d546adf3c3868fe19c9ec6e9ffda9,PR,2,55.849999999999994,6.870364583333333,0.0,431.1182423958214,4.0,0.0,2,3,111.69999999999999,37.23333333333333,15.13,2,1
5a9c0859cb00fd8aa4db443837f0a700,SC,2,104.0,9.005376157407408,0.0,837.1383568511922,4.5,0.0,2,2,208.0,104.0,23.795,2,1
cecd97bc34ed8330bd4cd15713eda670,SC,1,57.99,7.138460648148148,0.0,704.9548949206617,1.0,1.0,1,1,57.99,57.99,18.51,1,1
9c3a1c416c765687bc79a04113269929,MG,1,74.9,6.0855902777777775,0.0,388.48475437206537,1.0,1.0,1,1,74.9,74.9,58.9,1,1
8ae520247981aa06bc94abddf5f46d34,SC,65,251.09215384615385,10.97949643874644,0.0,667.7351269097758,4.446153846153846,0.09230769230769231,14,65,16320.99,251.09215384615385,22.236153846153844,50,4
ac3508719a1d8f5b7614b798f70af136,RS,101,123.2291089108911,9.45691453520352,0.019801980198019802,1022.7558162787627,4.64,0.03,18,101,12446.140000000001,123.2291089108911,29.351683168316832,47,4
15cd6eefe58588619aaed41dfa6621b1,MG,16,101.42125,15.088155381944444,0.0625,669.1272168908134,4.25,0.1875,5,18,1622.74,90.15222222222222,31.45111111111111,8,0
4a3ca9315b744ce9f8e9374361493884,SP,1772,111.10729119638826,14.486044893299054,0.09706546275395034,553.3886053761634,3.8531089560752996,0.1842555618938962,25,1949,196882.12,101.01699332991278,17.61842483324782,394,7
478bfe564db21eeb44386606aa30b650,MG,3,60.900000000000006,13.974162808641973,0.0,905.0455900010053,4.666666666666667,0.0,3,3,182.70000000000002,60.900000000000006,16.033333333333335,3,1
6d988d6174a2c27441597174f8905515,PR,19,19.564736842105262,20.590691398635478,0.10526315789473684,577.497818750231,4.105263157894737,0.15789473684210525,6,23,371.73,16.16217391304348,15.89,6,2
ed49da7cadefc454d6a67de249eab240,SP,1,21.5,7.191886574074074,0.0,39.401223193763464,5.0,0.0,1,1,21.5,21.5,8.72,1,1
6f892e20a171e98efe17fdb971ff319b,SP,41,147.53658536585365,17.355762195121955,0.0975609756097561,1027.9317713297482,4.15,0.1,14,50,6049.0,120.98,17.1498,5,3
4bfc7a4a1cf8d4d2121c27422d9e50b5,SP,26,312.4769230769231,8.018603543447293,0.038461538461538464,498.9425710735601,4.538461538461538,0.07692307692307693,8,40,8124.4,203.10999999999999,26.679750000000002,7,1
acadd4d36859671cb635527c6c977533,SP,12,198.41666666666666,17.891220100308644,0.08333333333333333,432.94424230435044,4.25,0.08333333333333333,6,12,2381.0,198.41666666666666,22.161666666666665,9,2
034b9387752bfa309f350a70cd45ffa3,SC,8,12.0,8.508582175925927,0.0,463.87971521546615,4.5,0.0,4,8,96.0,12.0,18.0325,2,1
abbf6046bbdf1028606a5bc7f00c99e7,SC,6,311.2083333333333,11.785158179012347,0.0,844.5444071658247,4.666666666666667,0.0,4,6,1867.25,311.2083333333333,21.168333333333333,4,1
901b460cdce0c64e471230d7f2f9f3a3,RS,5,380.8,15.51374537037037,0.0,1160.1367677255191,4.4,0.2,4,5,1904.0,380.8,21.712,5,2
81ed90f07c0bacb7594940ba2ef676aa,MG,2,111.95,16.095561342592593,0.0,379.37361769026575,4.5,0.0,1,2,223.9,111.95,16.78,2,1
11eac105f3f90a9b87b19c89d91e24f3,SP,5,160.578,9.12383101851852,0.0,282.42383786083246,3.6,0.2,4,5,802.89,160.578,24.988,4,2
0725b8c0f3f906e58f70cbe76b7c748c,SP,16,135.095,12.978666811342592,0.25,363.97085222620996,3.65625,0.25,6,36,2161.52,60.04222222222222,19.554166666666667,14,5
d1a5cc844736958c11b8efab9a2b4c87,PR,1,237.6,30.294270833333332,1.0,145.66288822847247,1.0,1.0,1,1,237.6,237.6,16.41,1,1
f35becee938e982bd615edf8ef12bcfb,SP,6,24.765,7.9204591049382715,0.0,721.5739113670087,4.0,0.16666666666666666,3,6,148.59,24.765,13.036666666666667,5,2
634964b17796e64304cadf1ad3050fb7,RJ,265,147.60037735849056,14.672130066387142,0.09433962264150944,687.4599018269333,4.056603773584905,0.1509433962264151,20,323,39114.1,121.09628482972136,18.26625386996904,28,11
6624bc09786f0e41ae48dfc5eeb1a9e2,MG,1,89.54,15.795405092592592,0.0,776.1871894476205,5.0,0.0,1,1,89.54,89.54,17.47,1,1
54219883e72aad869adfb2a54b7bfa0f,SP,5,1350.0,17.007217592592593,0.0,576.0353432540957,3.2,0.4,4,5,6750.0,1350.0,165.91,3,2
5795aebfe331fbcd02a2c4b679fb7952,SC,6,213.33333333333334,12.203221450617285,0.0,1555.2878456227772,3.8333333333333335,0.16666666666666666,4,6,1280.0,213.33333333333334,26.015,3,2
3078096983cf766a32a06257648502d1,SP,56,141.26500000000001,12.067960276124339,0.03571428571428571,457.6649262569393,4.303571428571429,0.10714285714285714,12,61,7910.84,129.68590163934425,22.46311475409836,37,9
014d9a685fd57276679edd00e07089e5,PR,11,66.35272727272728,9.154871632996633,0.0,534.7045272000483,3.727272727272727,0.18181818181818182,5,12,729.88,60.82333333333333,12.244166666666667,3,2
656591be56071d4c9ef4e5fee78a578a,SP,7,243.14285714285714,14.808503637566137,0.2857142857142857,283.74400710263615,4.571428571428571,0.0,4,11,1702.0,154.72727272727272,29.018181818181816,3,1
26562f211dd1364af2a8596dc945e8ae,SP,2,49.5,2.2555555555555555,0.0,65.76756661867563,5.0,0.0,1,2,99.0,49.5,8.055,2,2
bccf933e006e9b94a6184af782963e77,SP,45,92.50533333333333,11.69805066872428,0.022222222222222223,680.2718563062986,4.5227272727272725,0.06818181818181818,11,46,4162.74,90.49434782608695,19.227608695652176,22,1
12c2ed9cded6138cf0c75f525f565fc7,SP,4,78.74,13.442248263888889,0.25,144.17520613005922,4.25,0.0,2,4,314.96,78.74,12.7625,4,3
961dff0a659b4561334372337dd897d9,RJ,3,2432.3333333333335,20.515949074074076,0.0,335.5372546666067,4.666666666666667,0.0,1,3,7297.0,2432.3333333333335,30.91333333333333,3,1
b33e7c55446eabf8fe1a42d037ac7d6d,SP,149,296.74610738255035,16.27741144668158,0.11409395973154363,671.145629516896,4.201342281879195,0.12751677852348994,19,152,44215.17,290.88927631578946,17.476184210526316,34,5
2235cf78d3e2073a88146a9cb60f0dd0,SP,1,178.99,14.215081018518518,0.0,8.16356746576828,5.0,0.0,1,1,178.99,178.99,25.77,1,1
218d46b86c1881d022bce9c68a7d4b15,SP,382,140.60287958115185,13.898833987783597,0.08638743455497382,541.1980244637164,4.185526315789474,0.12105263157894737,23,420,53710.3,127.88166666666667,17.744380952380954,142,3
08d1c9478fb0d7d7fcac9c0da4e82fc7,MG,1,538.0,10.392372685185185,0.0,599.5933454119756,5.0,0.0,1,1,538.0,538.0,67.57,1,1
dfc475d54e1b6dbeeb7d7d9bdaa63827,PR,18,94.90944444444443,13.0373141718107,0.0,605.5512963840006,4.5,0.1111111111111111,6,20,1708.37,85.4185,20.688,5,2
813348c996469b40f2e028d5429d3495,SP,172,62.86936046511628,10.168005692829457,0.046511627906976744,374.8356669447717,4.06508875739645,0.14792899408284024,17,195,10813.53,55.454,17.73179487179487,4,1
c394e193cda3b4225ff2094d32184849,SP,2,1567.4450000000002,11.452471064814816,0.0,179.5970592116798,5.0,0.0,2,11,3134.8900000000003,284.99,16.14181818181818,1,1
2745f798279e0ed033addcc1474776d7,SP,32,114.6415625,13.36188548900463,0.09375,514.5241629136646,3.967741935483871,0.12903225806451613,10,32,3668.53,114.6415625,21.764375,13,1
6b803197e03abd5056b4313306b4f29d,SP,7,58.142857142857146,5.328425925925926,0.0,206.6287008094548,4.714285714285714,0.0,3,12,407.0,33.916666666666664,10.301666666666668,5,2
bafc5aa11e413978be29040f51342e70,MG,9,186.61666666666667,13.440901491769546,0.1111111111111111,543.8488161536861,3.7777777777777777,0.3333333333333333,6,9,1679.55,186.61666666666667,16.657777777777778,6,1
44717f64ec2a457979cf83c429077666,RS,2,53.5,5.8075115740740735,0.0,994.445454660068,5.0,0.0,2,3,107.0,35.666666666666664,21.30333333333333,2,1
b7cc6c5e001441ae8cdd5c69a480cbe4,SC,5,90.56,12.828016203703703,0.0,621.1407137373333,4.6,0.0,4,5,452.8,90.56,27.45,4,2
af7cdac9d9897cddead9c6b08976c642,SP,6,90.58999999999999,15.225084876543209,0.16666666666666666,500.0920344144186,3.6666666666666665,0.16666666666666666,3,6,543.54,90.58999999999999,25.078333333333333,5,1
b3e2faf2c1004d674f16a3aa3197f0e1,SP,3,20.49,6.792133487654321,0.0,201.18477401074793,5.0,0.0,1,3,61.47,20.49,11.256666666666668,3,1
670a9dda115b5a88b18cfadee8de2332,SP,11,83.53636363636365,12.298190235690235,0.0,570.1753187251277,4.454545454545454,0.0,5,11,918.9000000000001,83.53636363636365,16.644545454545455,10,3
3b15288545f8928d3e65a8f949a28291,SP,101,136.28534653465346,14.45947733314998,0.06930693069306931,552.6958504474035,4.08,0.12,13,118,13764.82,116.65101694915253,20.33949152542373,45,3
3e35a8bb43569389d3cebef0ce820f69,SP,1,55.8,7.917349537037037,0.0,105.05369469774175,5.0,0.0,1,2,55.8,27.9,14.44,1,1
81783131d2a97c8d44d406a4be81b5d9,SP,8,95.22999999999999,7.2540480324074075,0.0,477.21956707881174,4.5,0.125,5,9,761.8399999999999,84.64888888888888,12.572222222222223,3,2
29e6e05b65f93bc224c644319dc52ecf,MG,4,118.9,6.916348379629629,0.0,658.9278483914309,4.75,0.0,3,4,475.6,118.9,20.83,3,1
cce6ab8d1682639fe45ab70234f1665f,SP,61,40.044262295081964,15.35970267911354,0.03278688524590164,551.2764694389666,4.508196721311475,0.04918032786885246,10,64,2442.7,38.1671875,17.76390625,16,1
e1643dff33666ca629e3644c02738179,SP,3,56.666666666666664,4.555775462962963,0.0,35.71664018897101,4.333333333333333,0.0,1,3,170.0,56.666666666666664,9.77,2,1
76623fde66e6b63b59440fd34160512d,SP,3,21.8,3.3888425925925922,0.0,22.28225480310344,4.0,0.0,1,3,65.4,21.8,7.78,3,1
5275ca25d0358ca73864e0ae41be1320,SP,4,102.4,7.039756944444445,0.0,164.3295774602812,4.75,0.0,2,4,409.6,102.4,17.305,3,1
eb4df17aed01d918c65f0f8d650900c0,SP,11,339.98818181818183,12.899521254208754,0.2727272727272727,460.98806391057883,3.909090909090909,0.18181818181818182,5,11,3739.87,339.98818181818183,16.87181818181818,9,1
10089e9f2fd0c668a8fd4e52e1698888,SP,3,379.9666666666667,7.632048611111112,0.0,332.96696357703854,4.333333333333333,0.0,2,3,1139.9,379.9666666666667,19.80333333333333,3,1
c398bc00a606d33758afd91f4e64fd15,RJ,2,75.0,3.7029050925925926,0.0,18.790855700923288,4.5,0.0,1,2,150.0,75.0,7.75,1,1
2f09f7d37a97956d11cc1a7cadd5262b,SP,7,89.28571428571429,12.842810846560846,0.14285714285714285,234.8878921466261,4.0,0.14285714285714285,3,8,625.0,78.125,15.86375,3,1
e58a5b390e28abc0b216cfb0e07d27d7,RJ,7,146.0857142857143,7.598201058201058,0.0,705.3259656756319,4.857142857142857,0.0,3,7,1022.6,146.0857142857143,20.66142857142857,3,2
f41ce2e25237f9092cd8e6e7516c7a2f,SP,26,75.45769230769231,8.769085202991452,0.0,348.9139777900658,4.423076923076923,0.038461538461538464,7,27,1961.9,72.66296296296296,11.997037037037037,10,5
8e6cc767478edae941d9bd9eb778d77a,MG,100,59.2935,16.615996527777778,0.06,696.1856975103494,4.071428571428571,0.15306122448979592,14,108,5929.35,54.901388888888896,20.085740740740743,58,2
028872bfa080090a9d0abd4f1af168f8,MG,1,70.5,16.481273148148148,0.0,998.3343325843098,5.0,0.0,1,3,70.5,23.5,15.79,1,0
1710c3aaa9c6b44ec3883ee0fe300e21,SP,2,594.45,6.127557870370371,0.0,483.98197373850826,5.0,0.0,2,2,1188.9,594.45,18.825000000000003,2,2
52d76513f0c4d97f3b99570e2c94ee31,RS,19,429.11052631578946,10.409611963937621,0.05263157894736842,1194.6513210887736,4.055555555555555,0.16666666666666666,10,28,8153.1,291.1821428571429,31.759285714285713,15,8
dace965ca58120f92f8d742a9fa1864b,SP,8,180.25,8.051372974537037,0.0,344.3507088811732,4.625,0.125,2,8,1442.0,180.25,16.47125,7,1
f5b44895715ddfe3087dc414f30268f3,SP,19,19.936842105263157,12.497305677387915,0.0,567.2050932219996,4.0,0.15789473684210525,7,19,378.8,19.936842105263157,14.50736842105263,17,1
c8467937e403e76a8ee9f0ab13f6f5ef,MG,30,61.793,16.945050925925926,0.13333333333333333,552.9149664450214,4.071428571428571,0.14285714285714285,9,33,1853.79,56.17545454545454,17.846969696969698,6,1
56f413900b5166ab4d730e9ac0b12cb0,SP,3,50.596666666666664,10.19193287037037,0.0,342.9700575624576,4.666666666666667,0.0,2,3,151.79,50.596666666666664,14.15,2,2
3f8034bfc6b8b4135534975d49f04c63,PR,11,115.80909090909091,10.890319865319865,0.0,909.4922804656311,4.0,0.18181818181818182,8,14,1273.9,90.99285714285715,17.787857142857142,7,1
4992e76a42cb3aad7a7047e0d3d7e729,SP,56,38.771428571428565,7.713207258597883,0.05357142857142857,354.62896557820847,3.9642857142857144,0.16071428571428573,10,73,2171.2,29.742465753424653,13.593972602739726,22,2
265fdc289dffa9f1ad801c74f7d0de47,SP,1,495.0,7.357453703703704,0.0,359.66423022061485,5.0,0.0,1,1,495.0,495.0,51.55,1,1
0afccdb8a34ee5c79f7c06faf2b4d56e,MG,24,49.4,13.473533468364197,0.08333333333333333,602.9262375735849,4.086956521739131,0.13043478260869565,8,24,1185.6,49.4,15.47875,10,1
02dcd3e8e25bee036e32512bcf175493,MG,13,103.22307692307693,17.089043803418804,0.3076923076923077,544.6608733954997,4.076923076923077,0.23076923076923078,5,15,1341.9,89.46000000000001,18.772666666666666,7,1
c9e5ad1f6647f5dbd1172adf6ae3cada,RS,4,64.7575,9.245217013888889,0.0,901.1775539631776,4.75,0.0,4,4,259.03,64.7575,15.2375,3,3
f783a638e9c6af4a7d0dbfde811e7a81,SP,5,169.95999999999998,17.646319444444444,0.2,1026.9291402090068,4.0,0.2,4,5,849.8,169.95999999999998,30.619999999999997,4,2
0b18d63d0cd1d723567903fd34a07df2,SP,9,186.45999999999998,7.111788837448559,0.0,491.6910262650096,4.777777777777778,0.0,5,14,1678.1399999999999,119.86714285714285,18.992142857142856,9,2
3ef37b7ca6dd2b80bd8af81a62504996,SP,2,350.0,14.346006944444444,0.0,757.7810832548644,4.5,0.0,2,2,700.0,350.0,20.485,2,1
dd4d95ba2d15c071e6c695e2ef6ce169,ES,4,437.0,14.406846064814815,0.5,670.8788424436225,4.25,0.0,3,4,1748.0,437.0,53.6025,2,1
7bb8fac2913a6064ec412e583c6d8b4d,SP,1,109.0,4.895717592592592,0.0,594.0834071549551,5.0,0.0,1,1,109.0,109.0,16.52,1,0
8dd386be0767c330276ea6a3f96532d3,SC,1,89.98,10.293009259259259,0.0,1395.9424022263931,5.0,0.0,1,2,89.98,44.99,22.25,1,1
5e063e85d44b0f5c3e6ec3131103a57e,SP,1,22.9,1.2883333333333333,0.0,61.71652938389943,5.0,0.0,1,1,22.9,22.9,7.42,1,1
6e4f5ff6b086632ba8dcb558fb10249e,RS,5,167.78,10.725724537037037,0.0,738.0420872379589,3.4,0.4,3,5,838.9,167.78,42.87,3,3
117cfc326c6d50da67ca858ff5c0c852,RJ,5,90.92,6.073467592592593,0.0,237.00249077838575,4.6,0.0,3,5,454.6,90.92,16.296,2,2
d25aa0aaacb370e912f8cf6efeba38b3,SC,17,156.37941176470588,8.840630446623093,0.058823529411764705,675.5708012383649,4.470588235294118,0.058823529411764705,9,21,2658.45,126.59285714285713,34.032380952380954,5,2
c0e6839516f5398edc34adf5f1d53d1a,SP,1,34.92,5.102037037037037,0.0,6.54310872020145,5.0,0.0,1,1,34.92,34.92,14.12,1,1
119c7f1a00ef43fad0e57604e76a747c,SP,2,94.9,5.977835648148148,0.0,25.905374297926276,4.5,0.0,1,2,189.8,94.9,8.51,2,1
2953ce3a88f5e3c3b696d77fc9e4c8eb,SP,14,33.57142857142857,8.224686673280424,0.07142857142857142,263.7186582171519,4.642857142857143,0.07142857142857142,4,15,470.0,31.333333333333332,10.754666666666667,7,2
bbf9ad41dca6603e614efcdad7aab8c4,CE,14,560.4285714285714,13.931492228835978,0.0,2104.547627817124,4.5,0.07142857142857142,6,14,7846.0,560.4285714285714,55.44714285714286,4,1
d7b2377bae6ace1b11fc69a11900ac36,SP,3,79.9,19.543175154320988,0.3333333333333333,375.7098843999702,3.6666666666666665,0.3333333333333333,3,3,239.70000000000002,79.9,14.173333333333334,3,1
57fe6232e67823593374a2281d7a8af8,SP,8,22.335,9.581882233796296,0.0,266.2775966445052,4.75,0.0,4,8,178.68,22.335,13.17,7,1
4da0e408c99d2fdc2126dc9fce518060,PR,44,68.77272727272727,9.280887257996632,0.0,507.7643798920636,4.409090909090909,0.06818181818181818,9,54,3026.0,56.03703703703704,17.38388888888889,30,2
8b28d096634035667e8263d57ba3368c,SP,139,64.93021582733813,14.073363226085798,0.1079136690647482,493.9372247169501,4.014598540145985,0.145985401459854,17,151,9025.3,59.77019867549669,16.60754966887417,47,14
82cb9f452fe8334df74b22d37824b431,RS,14,59.871428571428574,8.529109623015874,0.0,649.4258747780441,4.714285714285714,0.0,6,18,838.2,46.56666666666667,17.614444444444445,8,3
9bc484c87d79cd4874e05ca182658045,SP,8,121.25,13.12238425925926,0.125,151.53922311901505,4.25,0.125,3,8,970.0,121.25,13.14,8,4
c6218512d16fcac0af02fe92691cf274,MG,8,84.25,14.866530671296296,0.0,554.2926113160663,4.0625,0.125,5,8,674.0,84.25,24.33,4,2
d17f467e4bf608a510c20d82f4ba3b6b,RS,11,269.43454545454546,12.06053451178451,0.18181818181818182,544.4798362388678,4.2727272727272725,0.0,6,11,2963.7799999999997,269.43454545454546,46.13909090909091,10,3
4371b634e0efc0e22b09b52907d9d469,SP,101,80.87128712871286,11.118572951045104,0.06930693069306931,461.4211393882726,4.48,0.07,13,111,8168.0,73.58558558558559,13.306396396396396,39,4
1b45169b635ef59425637e9a33eb5fb3,PR,7,44.128571428571426,7.974323743386243,0.0,544.424469131655,4.571428571428571,0.14285714285714285,1,8,308.9,38.6125,13.80625,6,4
bd23da7354813347129d751591d1a6e2,SP,86,112.84418604651164,9.874542420327304,0.023255813953488372,460.74017235240245,4.117647058823529,0.15294117647058825,14,87,9704.6,111.54712643678161,15.91448275862069,9,1
412a4720f3e9431b4afa1476a1acddbe,SP,21,98.0047619047619,10.530947971781305,0.047619047619047616,492.01190116152765,4.238095238095238,0.09523809523809523,8,22,2058.1,93.55,23.23,8,3
7238a95bb63ef7e498389fb863b834a1,SP,15,151.04666666666665,7.956341820987655,0.0,562.2182279406799,4.733333333333333,0.0,8,15,2265.7,151.04666666666665,37.96066666666666,6,3
26785a546900236d66f2e4197c211158,SP,15,67.94666666666667,5.767207561728395,0.0,287.09299210097316,4.666666666666667,0.06666666666666667,5,15,1019.2,67.94666666666667,15.03,12,1
b7ed9fb14c8eadb37adb9c45d67ab0fb,SP,7,80.85714285714286,12.563201058201058,0.0,1039.4998431738245,3.2857142857142856,0.42857142857142855,6,11,566.0,51.45454545454545,20.15909090909091,5,2
a0d7fbb07bb5ebc3b05980e750db56f3,SP,3,282.99666666666667,16.224313271604938,0.0,949.5291607681665,2.3333333333333335,0.6666666666666666,3,4,848.99,212.2475,59.0475,4,1
10264f60a8f0a4d2f30810f5c661c673,SP,4,71.15,4.128816550925926,0.0,146.74305317482325,5.0,0.0,2,4,284.6,71.15,10.465,2,1
35857757f553273b1056c1cabdace7fb,SP,6,75.76666666666667,18.20813271604938,0.16666666666666666,567.8298919954342,4.0,0.16666666666666666,5,6,454.6,75.76666666666667,19.790000000000003,6,1
538caafddff204241cecbf3a02e6b3cf,SP,8,16.05,17.311448206018518,0.375,259.53466812838855,2.75,0.5,4,8,128.4,16.05,11.30125,5,1
913fd0ebba70bb919f7254a02239173c,SC,1,159.9,13.430914351851852,0.0,476.5986082678713,1.0,1.0,1,1,159.9,159.9,19.22,1,1
b2eecf5ea250510da76590ca79d60e5d,SP,9,117.77777777777777,6.1671476337448565,0.0,281.8469073800906,5.0,0.0,4,11,1060.0,96.36363636363636,13.922727272727274,5,1
1c742ac33582852aaf3bcfbf5893abcf,MG,1,97.9,6.017256944444444,0.0,624.246031640681,5.0,0.0,1,1,97.9,97.9,15.79,1,1
8f2ce03f928b567e3d56181ae20ae952,SP,151,140.48476821192054,14.380811871474123,0.12582781456953643,633.7425631690325,4.1466666666666665,0.12,20,172,21213.2,123.33255813953488,21.840697674418603,78,1
4d9fea3499bdc22aa4da4e339365f215,SP,2,96.27000000000001,12.668061342592592,0.0,344.2884489109639,5.0,0.0,1,2,192.54000000000002,96.27000000000001,15.1,1,1
d4e12e7884759a14fa0f5f896c791cae,SP,29,48.275862068965516,8.422430954661557,0.06896551724137931,373.40524875149026,4.620689655172414,0.06896551724137931,7,32,1400.0,43.75,13.7396875,14,1
e24fc9fcd865784fb25705606fe3dfe7,SP,51,250.35294117647058,12.578922476397967,0.0784313725490196,664.836836785093,4.1568627450980395,0.11764705882352941,14,55,12768.0,232.14545454545456,18.412909090909093,22,3
26e2c91ef821e1ff8985f408788fe35b,SP,12,137.45000000000002,26.224134837962964,0.4166666666666667,812.838975328974,3.0,0.3333333333333333,8,14,1649.4,117.81428571428572,19.605,10,1
53336f97ddbe53e2a617d07b17447b95,SP,1,599.5,19.431122685185183,0.0,1760.8113803354615,5.0,0.0,1,1,599.5,599.5,75.33,1,1
fec8cd45395b3cb0c2b173d7739706a1,SP,4,320.0,10.44833912037037,0.0,102.95853846755242,3.75,0.0,1,4,1280.0,320.0,24.235,3,1
900ba814c251a692506d7834c1218441,SP,86,335.2677906976744,12.483181524547804,0.13953488372093023,437.43716343448125,4.226190476190476,0.08333333333333333,14,86,28833.03,335.2677906976744,27.14453488372093,7,1
afe0067131b73e40875c9b6c10bd2e21,MG,45,112.0111111111111,15.468515432098766,0.044444444444444446,774.0681477249237,4.2727272727272725,0.09090909090909091,13,45,5040.5,112.0111111111111,24.690888888888885,7,1
542917da124346b47ea1ac79a93ce454,PR,20,65.19500000000001,11.576402777777778,0.05,801.0206849987666,4.15,0.15,9,20,1303.9,65.19500000000001,18.159,13,2
35b96509602ec4b7da831b5cd73ff2c2,RS,2,279.45,9.125092592592592,0.0,1296.453018805829,4.5,0.0,2,2,558.9,279.45,23.775,2,1
4a23adac87cf538689fa600d976f78b2,SP,3,135.0,8.555979938271605,0.0,75.23254543383028,4.333333333333333,0.0,1,3,405.0,135.0,11.803333333333333,1,1
85cc55e048b6bcc90c75afe7f0e72f72,RJ,9,34.25333333333333,13.153153292181068,0.2222222222222222,467.78104027421773,4.444444444444445,0.1111111111111111,5,9,308.28,34.25333333333333,21.497777777777777,6,5
2009a095de2a2a41626f6c6d7722678d,SP,8,48.61125,8.679225983796297,0.0,458.07434424189125,4.375,0.125,4,12,388.89,32.4075,16.128333333333334,4,2
3a52d63a8f9daf5a28f3626d7eb9bd28,SP,1,35.0,6.339652777777777,0.0,1408.4151771973739,1.0,1.0,1,1,35.0,35.0,17.78,1,1
e9b6c33b71b67737693b4cfa68341c8d,SP,1,119.9,11.771851851851851,0.0,21.430263324950893,4.0,0.0,1,1,119.9,119.9,21.49,1,1
c458e2045a8aa8964f8879af03fdcce6,SP,4,123.7275,16.03906539351852,0.0,1290.1499806605432,2.75,0.5,4,9,494.91,54.99,21.865555555555556,4,1
6601ee6383e7f452be71929f8de48bbb,SP,2,76.8,14.825185185185186,0.0,271.7349286181792,4.0,0.0,2,2,153.6,76.8,14.17,2,1
5a4236931428800e9d9cc04af0987118,SP,1,44.97,3.981076388888889,0.0,343.548309227665,5.0,0.0,1,3,44.97,14.99,15.229999999999999,1,1
258447aad3f7b01e2643c89f64dc5647,PR,1,51.9,7.945914351851852,0.0,627.7488800009187,5.0,0.0,1,1,51.9,51.9,19.55,1,1
8a32e327fe2c1b3511609d81aaf9f042,SP,126,48.4215873015873,8.874441229423867,0.031746031746031744,357.5374583169156,3.944,0.16,13,169,6101.12,36.10130177514793,13.241065088757399,50,2
0f519b0d2e5eb2227c93dd25038bfc01,SP,1,79.9,12.271921296296297,0.0,2287.3044408729456,5.0,0.0,1,1,79.9,79.9,23.0,1,1
d7d517afce974cd491b8d52bb5b5b1fc,SP,1,89.99,13.544733796296295,0.0,969.5180178475318,4.0,0.0,1,1,89.99,89.99,18.73,1,1
ec5c1d94df153d473b37f880977ae58e,SP,2,99.83500000000001,10.320208333333333,0.0,1105.2117077534576,2.0,0.5,2,3,199.67000000000002,66.55666666666667,28.02333333333333,2,2
31561f325664a8a7aba4c8d0c3a9b3db,SP,36,75.06083333333333,7.388848701131688,0.0,572.1637490218405,4.638888888888889,0.027777777777777776,11,38,2702.19,71.11026315789474,16.504473684210524,25,2
70c4eedec9cb4a85cda2f3f9673557b4,SP,1,239.9,7.002696759259259,0.0,396.5670135097468,5.0,0.0,1,1,239.9,239.9,13.18,1,1
4fb41dff7c50136976d1a5cf004a42e2,BA,3,410.0,66.75465663580248,0.3333333333333333,781.0110001094787,4.0,0.0,3,3,1230.0,410.0,22.256666666666664,3,1
d23019c84ffae2d5ef2270367b8605fc,PR,39,748.8487179487179,11.277978395061728,0.02564102564102564,630.3606910886914,4.410256410256411,0.05128205128205128,9,39,29205.1,748.8487179487179,70.50615384615385,8,1
ce20a2ec1514c25e16f2b5b39bc818f0,SP,4,71.75,14.237659143518519,0.0,949.2603578757028,4.75,0.0,3,7,287.0,41.0,29.861428571428572,3,1
0f94588695d71662beec8d883ffacf09,SC,1,9.0,14.887152777777779,0.0,1319.092440226452,5.0,0.0,1,1,9.0,9.0,18.59,1,1
3a79f35a2344ede41af21267f61d5ec6,SP,1,186.0,14.27412037037037,0.0,538.3453272298499,1.0,1.0,1,1,186.0,186.0,31.71,1,0
b586cd24c010a13916af621b0325fbba,SC,6,184.82333333333335,5.270991512345678,0.0,482.9389585065098,3.8333333333333335,0.16666666666666666,4,7,1108.94,158.42000000000002,37.712857142857146,7,3
2075d8cd4dd63ff12df0749a5866bb06,PR,3,61.56666666666667,4.744471450617284,0.0,306.74645317322467,5.0,0.0,3,3,184.70000000000002,61.56666666666667,19.176666666666666,2,1
0d83f8e03188682112cc0d93523705cc,RS,4,174.065,16.91439814814815,0.25,1046.2411562114903,3.75,0.25,3,8,696.26,87.0325,15.53875,2,1
85044848b1b767db2a4a58526adef4b4,SP,4,60.150000000000006,8.78732349537037,0.0,855.8116929707337,3.25,0.25,4,4,240.60000000000002,60.150000000000006,16.2275,3,3
c3251e13f1bbda6c74e37c160f991e19,SP,2,218.89999999999998,13.26116898148148,0.0,1112.665769671777,5.0,0.0,2,2,437.79999999999995,218.89999999999998,37.64,2,2
4a1f694197d05fe70026b016a7316b41,SP,14,64.84071428571428,9.060297619047619,0.07142857142857142,637.7687089901564,4.571428571428571,0.07142857142857142,7,23,907.77,39.46826086956521,16.129565217391306,12,2
6ebf4eceee4dd9847201c82e77ef8123,RJ,1,59.9,15.017141203703703,0.0,1132.1060383321435,5.0,0.0,1,1,59.9,59.9,22.13,1,1
0873d9f8f36123f8d910f4760e788cfb,SP,6,1210.9316666666666,13.130835262345679,0.3333333333333333,574.3228584423832,3.1666666666666665,0.3333333333333333,4,6,7265.59,1210.9316666666666,26.843333333333334,6,2
a44fb5a447105f8469bdf16bf9159f25,RS,19,195.0578947368421,14.242983065302143,0.21052631578947367,904.5971992210042,4.052631578947368,0.15789473684210525,8,19,3706.1,195.0578947368421,30.87421052631579,11,1
dcf3755cefcdc158ad0b7bdde51e871b,RS,3,89.90000000000002,13.252658179012348,0.0,995.9352637441293,4.0,0.0,2,3,269.70000000000005,89.90000000000002,29.776666666666667,3,2
4869f7a5dfa277a7dca6462dcf3b52b2,SP,1124,201.94655693950176,15.062424336035324,0.10498220640569395,610.3649838564629,4.150537634408602,0.13082437275985664,27,1148,226987.93,197.72467770034842,17.43826655052265,94,10
6bb66d9870c2e01c05655c7ed0e7ee13,SP,3,89.66666666666667,8.319984567901235,0.0,962.8389189485529,3.6666666666666665,0.3333333333333333,3,3,269.0,89.66666666666667,17.34,1,0
1c5e4e49b9079480255b49d50aac1aa9,SP,12,847.7591666666667,8.798226273148147,0.0,412.14812878545655,4.333333333333333,0.08333333333333333,4,12,10173.11,847.7591666666667,74.13416666666667,8,3
6a3139c7bf09ece22a4713d956acbe5e,SP,1,61.9,3.8735185185185186,0.0,267.64461674531185,5.0,0.0,1,1,61.9,61.9,14.74,1,1
37515688008a7a40ac93e3b2e4ab203f,SP,227,26.229515418502203,15.226597936041768,0.07929515418502203,738.9590007161478,4.102222222222222,0.10222222222222223,19,239,5954.1,24.912552301255232,14.21192468619247,3,2
8fec2e460530482132c436cfb5439925,SP,3,156.15333333333334,21.85567901234568,0.3333333333333333,438.007816734458,4.333333333333333,0.0,3,5,468.46,93.692,16.03,3,1
1746c1ae87ac63d530c7c943d0ac42e2,SP,1,229.9,23.021400462962962,0.0,491.2167860681372,5.0,0.0,1,1,229.9,229.9,22.45,1,1
3be5841cdcc46de4ed3f9116f104b2c5,SP,4,149.9,8.005859375,0.0,412.54226003154974,4.75,0.0,4,4,599.6,149.9,22.0875,4,3
0249d282d911d23cb8b869ab49c99f53,SP,11,35.72727272727273,10.258965698653197,0.18181818181818182,225.6692138762893,4.2727272727272725,0.18181818181818182,4,11,393.0,35.72727272727273,12.625454545454545,4,1
23ca5f678e0b3ea6c630b30fa8bf51ea,SP,6,30.5,7.270869984567901,0.0,342.67676314430213,5.0,0.0,4,7,183.0,26.142857142857142,13.77,4,1
5eeb9c756d9780b96283e5a2ac6da334,SP,9,274.55555555555554,16.608179012345676,0.2222222222222222,719.406504838193,4.222222222222222,0.1111111111111111,5,9,2471.0,274.55555555555554,27.526666666666667,7,1
25be943a321c8938947bdaabca979a90,SP,3,159.66666666666666,3.203792438271605,0.0,35.7716957893502,4.333333333333333,0.0,1,3,479.0,159.66666666666666,31.876666666666665,2,1
818d28f936e791926d33bcb6ee94ef79,SP,4,27.9,12.943929398148148,0.0,954.2055906428454,4.0,0.0,4,4,111.6,27.9,15.67,4,1
bfd938b22bc99bce1ae60dc602889f52,RJ,4,155.85,11.562456597222223,0.0,643.4239765218947,5.0,0.0,3,6,623.4,103.89999999999999,16.745,3,2
c12b92bf1c350f3e6bf88d3596219c86,SP,17,282.8694117647059,10.78250408496732,0.058823529411764705,781.4480507328877,3.8823529411764706,0.23529411764705882,9,17,4808.78,282.8694117647059,26.121176470588235,9,6
97e995629983723d11830a829bc2b246,SP,5,99.9,17.008074074074074,0.0,935.0324317822755,4.8,0.0,4,5,499.5,99.9,19.874000000000002,5,2
ffa6adafb71b807dc13159e26431354c,PR,17,147.11176470588236,9.852557189542482,0.0,804.6126859077228,3.9411764705882355,0.11764705882352941,8,17,2500.9,147.11176470588236,30.381176470588237,9,5
080102cd0a76b09e0dcf55fcacc60e05,MG,122,46.005327868852454,9.905664750303583,0.040983606557377046,672.8168497972287,4.516393442622951,0.040983606557377046,19,128,5612.65,43.848828125,16.881484375,43,5
5a6a02f419701fc8c605af71d4fc57a4,SP,10,60.05,5.593672453703704,0.1,234.83340971153416,4.8,0.0,3,11,600.5,54.59090909090909,10.355454545454545,9,2
94b9108d4b637ba65bb4f1e53cfcf8d8,SP,7,33.565714285714286,17.020074404761903,0.14285714285714285,307.9389260638528,4.428571428571429,0.14285714285714285,4,8,234.95999999999998,29.369999999999997,12.39125,3,2
0fe2d9733ed841eb064503920015a8c0,SP,3,129.88,8.665925925925926,0.0,1086.2008408592446,4.666666666666667,0.0,2,3,389.64,129.88,36.23666666666667,3,1
154bdf805377afea75a3bd158e9eab10,SP,1,89.9,24.920844907407407,1.0,566.4046924622858,1.0,1.0,1,1,89.9,89.9,19.82,1,1
b2ac621f0d0322434d04a12b078b9369,PR,30,319.18333333333334,14.670295524691358,0.1,1112.938666502424,4.4,0.06666666666666667,14,30,9575.5,319.18333333333334,26.046333333333333,13,2
9c54608f0996c32ae4743089d915f845,PR,3,64.93333333333334,12.21988811728395,0.0,1537.608054319662,4.0,0.0,2,3,194.8,64.93333333333334,36.64,3,1
17306570e772e7718c92a562d33f5f1d,SP,27,320.0,14.355489111796983,0.07407407407407407,499.90943481826616,3.7777777777777777,0.18518518518518517,7,30,8640.0,288.0,25.863666666666667,20,1
244c2f1bff6afe1f2eaf9bfe9b2aed38,SP,23,112.17391304347827,13.988220108695652,0.08695652173913043,277.1808720141369,3.782608695652174,0.17391304347826086,5,27,2580.0,95.55555555555556,44.99518518518518,11,1
71039d19d4303bf9054d69e9a9236699,SP,35,101.06285714285714,13.89009656084656,0.2,654.9380363952364,3.8,0.2,11,38,3537.2,93.08421052631579,16.353947368421053,26,3
54065e9aef7e9e9c2dc23b7594db021a,RJ,12,589.9166666666666,12.422222222222222,0.0,732.58714422373,4.333333333333333,0.08333333333333333,8,12,7079.0,589.9166666666666,20.231666666666666,10,4
7ad41305e96a6cab8294cd65891e9a86,SP,2,90.0,11.66113425925926,0.0,530.826776488689,5.0,0.0,2,2,180.0,90.0,28.8,2,1
25e47381a6c510ddeb36084e33b89f0c,SP,16,80.60000000000001,10.001467013888888,0.0,619.6723619568462,4.25,0.0625,9,17,1289.6000000000001,75.85882352941178,16.59470588235294,11,1
4d6d651bd7684af3fffabd5f08d12e5a,SP,363,118.45454545454545,13.022438399142946,0.03856749311294766,507.67023469793804,4.223756906077348,0.11878453038674033,20,389,42999.0,110.53727506426735,20.017377892030847,70,3
24a6daf925d9d591870a66660416de31,SP,2,30.0,13.617193287037036,0.0,329.8152254442043,4.5,0.0,2,2,60.0,30.0,15.04,2,1
b76dba6c951ab00dc4edf0a1aa88037e,SP,157,16.212165605095542,10.381203408822836,0.03184713375796178,537.7193180552241,4.219354838709678,0.1032258064516129,17,167,2545.31,15.241377245508982,13.664850299401198,37,3
1bc2e21de46adfea6b98cc96b00f3b40,SC,3,346.65000000000003,16.51103009259259,0.0,294.79074310604216,3.3333333333333335,0.3333333333333333,3,5,1039.95,207.99,20.520000000000003,2,1
b1204cfda1d4948679db3cfc0d3cb95c,SP,6,68.53333333333335,9.825545910493828,0.0,625.907469671644,4.333333333333333,0.16666666666666666,5,6,411.20000000000005,68.53333333333335,16.675,3,2
b4ffb71f0cb1b1c3d63fad021ecf93e1,SP,143,46.40342657342657,10.105635926573427,0.02097902097902098,715.4965781382456,4.248251748251748,0.0979020979020979,21,164,6635.69,40.4615243902439,15.254573170731707,97,1
165b1235e9e9942cb5fae67103576fb0,SP,11,189.5590909090909,7.830222011784511,0.09090909090909091,374.1008122076659,4.363636363636363,0.0,5,16,2085.15,130.321875,25.290625,9,3
8eb88b0acb3f90a717ad659221471fa7,SC,2,59.9,12.252141203703705,0.0,817.7665217413709,4.5,0.0,2,2,119.8,59.9,20.435,2,1
9599519be538b98748162a2b48248960,SP,1,570.0,22.617453703703703,0.0,2467.28073652898,1.0,1.0,1,3,570.0,190.0,20.02,1,1
0417b067eeab773d2f7061a726dc477f,SC,13,143.01384615384615,17.55735933048433,0.23076923076923078,1374.7255002930067,3.923076923076923,0.23076923076923078,6,13,1859.18,143.01384615384615,49.42846153846154,11,1
c26ba52cf8d2f34915f2f6b7ffa0a3f3,RJ,3,35.82333333333333,7.716890432098765,0.0,233.49240654549354,5.0,0.0,3,3,107.47,35.82333333333333,12.916666666666666,2,0
e5cbe890e679490127e9a390b46bbd20,SP,2,454.495,5.923854166666667,0.0,442.18665348242564,4.5,0.0,2,2,908.99,454.495,14.36,2,1
974cf2cb8f4b7add98709c30df02fe10,SP,30,89.82333333333332,11.269405092592592,0.03333333333333333,435.4035764872232,4.166666666666667,0.1,7,30,2694.7,89.82333333333332,16.573333333333334,9,2
3c487ae8f8d7542beff5788e2e0aea83,DF,30,312.8566666666666,13.742282793209878,0.03333333333333333,828.8612273193077,4.2,0.1,11,33,9385.699999999999,284.4151515151515,21.80757575757576,11,1
4a3ccda38b2129705f3fb522db62ca31,SP,64,252.64203125,13.319973054108797,0.0625,669.3971306714697,3.9296875,0.203125,15,73,16169.09,221.49438356164384,18.35232876712329,43,5
876182d1918783bbe15233febfbd4926,SP,3,40.089999999999996,9.279259259259259,0.0,241.06111372216296,4.0,0.0,2,3,120.27,40.089999999999996,11.576666666666668,3,1
33576ec5412fb5905d876f12f33bfde6,PR,31,87.6774193548387,14.81529607228196,0.03225806451612903,843.8915162661673,4.096774193548387,0.0967741935483871,13,32,2718.0,84.9375,17.811875,1,1
5b85809efd0d0e4dea1a9544e1280ed9,SP,12,150.38333333333335,7.96546199845679,0.0,769.8638770353881,4.25,0.08333333333333333,6,14,1804.6000000000001,128.9,20.91142857142857,8,2
5566627eab3fe93fd6ee08798226101a,PR,5,17.1,8.814136574074073,0.0,857.1171759181843,4.4,0.0,5,5,85.5,17.1,20.462,4,1
e504a4e2efaa45cbff7e268a2c58c956,SP,10,108.89000000000001,12.945398148148149,0.3,298.35021931126346,3.8,0.3,4,11,1088.9,98.9909090909091,21.89090909090909,6,1
056b4ada5bbc2c50cc7842547dda6b51,RJ,64,190.67812500000002,12.779225983796296,0.109375,602.7480947927514,4.2063492063492065,0.12698412698412698,13,65,12203.400000000001,187.7446153846154,19.729076923076924,23,2
1e483cc5c76fef08d3ca05f9a8af7d01,SP,9,18.454444444444444,8.48593492798354,0.0,132.72485149897335,4.444444444444445,0.0,3,10,166.09,16.609,10.228,3,3
b248792ac0b60ec3f93d80af1b4fae47,SP,7,64.92857142857143,6.652924933862434,0.14285714285714285,589.0069573554016,3.857142857142857,0.14285714285714285,4,9,454.5,50.5,17.094444444444445,6,2
34056b8b55c1775a22af2331670a799c,SP,77,83.1,12.927642496392497,0.11688311688311688,754.4851155296926,4.038961038961039,0.14285714285714285,17,77,6398.7,83.1,22.746883116883115,58,1
21d59342ba150175ca2aa4f8faddeca6,SP,2,129.95,8.62144675925926,0.0,1138.2609911374916,4.5,0.0,2,2,259.9,129.95,37.195,2,1
23c38debaffe4a25a30fdbd9b586a13f,SP,41,131.27268292682928,11.482206131436314,0.12195121951219512,449.49986938857757,4.317073170731708,0.024390243902439025,10,46,5382.18,117.00391304347826,18.13869565217391,12,6
d9c349beabc06aa6ff1c6d68b5e9e22e,SP,1,168.1,21.02513888888889,0.0,2478.6707077514047,5.0,0.0,1,1,168.1,168.1,37.55,1,1
49f8d2ea7b718d0ce587d34207caf2b4,SP,1,149.9,6.839895833333333,0.0,114.8111919340259,5.0,0.0,1,1,149.9,149.9,15.36,1,1
bd1d49a326abfa9b1036772e40445430,SP,12,53.14166666666667,12.412584876543209,0.08333333333333333,424.027188767368,4.083333333333333,0.08333333333333333,5,13,637.7,49.05384615384616,14.5,10,1
6861de0f40cacb0602e473c51639f980,PR,5,134.8,13.836252314814814,0.2,753.244843678987,3.6,0.2,5,8,674.0,84.25,34.46625,2,1
c9c7905cffc4ef9ff9f113554423e671,SP,127,83.9148031496063,11.093948035141441,0.07874015748031496,632.9467263943408,4.141732283464567,0.11023622047244094,19,139,10657.18,76.67035971223022,15.176474820143886,22,9
aa17b35ce4de7b565be3249ba838944f,SP,2,39.9,16.367667824074076,0.0,622.2657179525426,4.5,0.0,2,2,79.8,39.9,17.1,1,1
0887a9f087bcd5d9f6642b52f897fc6c,SP,12,136.83333333333334,14.240796682098766,0.08333333333333333,752.9090662864706,4.416666666666667,0.0,8,12,1642.0,136.83333333333334,18.3625,3,3
abc015ebac1d283a323ca9db35ede4b9,SP,12,92.23333333333333,10.813035300925925,0.0,832.8855625421479,4.416666666666667,0.08333333333333333,8,13,1106.8,85.13846153846154,17.142307692307693,8,2
00720abe85ba0859807595bbf045a33b,SP,13,77.5,11.786855413105412,0.15384615384615385,420.3545589223144,3.6153846153846154,0.23076923076923078,6,26,1007.5,38.75,12.153076923076924,9,1
75d34ebb1bd0bd7dde40dd507b8169c3,BA,57,222.04087719298246,16.047814733593242,0.12280701754385964,1055.7210085675201,3.9298245614035086,0.19298245614035087,17,67,12656.33,188.90044776119402,19.60358208955224,15,4
e5e33c0d8e7e002f398f5dc4cbbb338f,SP,26,249.80384615384614,12.06518919159544,0.07692307692307693,734.2625565776887,4.576923076923077,0.038461538461538464,11,27,6494.9,240.55185185185184,27.62777777777778,20,1
8f54d64f28a993550aa7943f12572959,MG,15,183.7,14.054725308641975,0.06666666666666667,769.149365998723,3.7333333333333334,0.26666666666666666,7,16,2755.5,172.21875,23.60125,10,1
91f5779a8731baca4809fdeade81803f,RJ,6,328.57666666666665,16.374195601851852,0.0,574.5618843654303,3.8333333333333335,0.16666666666666666,3,6,1971.46,328.57666666666665,24.271666666666665,5,2
13074f016982ff2bd6c58ced8682f000,RS,13,152.07692307692307,14.887260505698006,0.23076923076923078,773.0576590936532,4.153846153846154,0.07692307692307693,6,14,1977.0,141.21428571428572,55.40428571428571,4,2
bec568278124768c474ee90971ca94d1,SP,2,109.95,3.4400520833333337,0.0,94.73775735848415,4.5,0.0,1,2,219.9,109.95,14.58,2,2
534a01cc6df1e034e05c32028a291fa2,SP,5,47.118,10.692097222222221,0.0,359.0933429431913,4.4,0.0,3,5,235.59,47.118,11.972,4,2
cd3d09fbe6e3e9ff0c0ac0c300e93ae7,SP,12,54.25333333333333,11.708241705246913,0.08333333333333333,933.7070947851965,4.166666666666667,0.16666666666666666,9,12,651.04,54.25333333333333,19.099166666666665,11,1
57e632711dec9ec14ca7546769483e7e,SC,62,102.42032258064516,10.924974798387098,0.0,621.8811907937602,4.419354838709677,0.04838709677419355,11,65,6350.06,97.69323076923078,18.584307692307693,20,2
cb3dd9ce66268c7a3ca7241ac70ab58c,SP,48,58.09,14.009482060185185,0.041666666666666664,544.8914892983014,4.197916666666667,0.125,13,50,2788.32,55.766400000000004,16.407,25,2
094ced053e257ae8cae57205592d6712,SP,19,79.9578947368421,12.158787158869396,0.0,557.6350151204637,4.052631578947368,0.15789473684210525,8,19,1519.2,79.9578947368421,24.159473684210525,13,2
9906e7aa42a3c067b7c9a564d01c4320,PR,12,218.25,16.46547164351852,0.16666666666666666,1003.2310608295946,4.5,0.08333333333333333,5,16,2619.0,163.6875,31.037499999999998,2,1
1f1bb1f0859883505541bdd6606193e5,SP,27,594.1051851851852,13.97880958504801,0.1111111111111111,695.3213199133153,4.333333333333333,0.07407407407407407,11,29,16040.84,553.1324137931034,18.00103448275862,24,2
4200ddf1967c5e41e48db62bc6d4b5ac,SP,22,33.4,10.264541245791246,0.045454545454545456,456.22464089000556,4.2631578947368425,0.10526315789473684,8,42,734.8,17.495238095238093,11.617380952380952,25,1
ed9eef5be0992d413d251fadba1a410d,SP,3,134.7,10.529228395061729,0.0,585.9621547448869,4.666666666666667,0.0,2,9,404.09999999999997,44.9,15.915555555555557,5,1
139157dd4daa45c25b0807ffff348363,SP,1,29.9,1.2141782407407407,0.0,6.699242121432764,4.0,0.0,1,1,29.9,29.9,7.78,1,1
c1849d4d32d7a6cecd5aa471809d3135,SP,3,129.66,5.419305555555556,0.0,50.33628196254214,4.333333333333333,0.0,1,3,388.98,129.66,13.910000000000002,3,2
33ab10be054370c254ddfcf0a6253422,RJ,4,53.3,5.813640046296296,0.0,438.421251961386,5.0,0.0,4,4,213.2,53.3,13.0825,2,1
bff9deb0ec77d437f3305a79cf25529e,SP,5,32.39,6.972201388888888,0.0,543.9346215456442,4.0,0.2,4,5,161.95,32.39,16.157999999999998,1,1
3fefda3299e6dfaea3466ef346a3571a,PR,1,209.0,6.3142708333333335,0.0,366.3314568737081,4.0,0.0,1,1,209.0,209.0,16.21,1,1
236585a4ddb5fea9fa40233e2249ed91,RS,11,59.04818181818182,13.136474116161617,0.09090909090909091,865.5126900546122,4.090909090909091,0.09090909090909091,5,11,649.53,59.04818181818182,17.10363636363636,3,2
499ec63c58e51296c9cf57edcfe1c8a8,SP,5,73.0,5.2333750000000006,0.0,93.86821388210791,4.8,0.0,2,5,365.0,73.0,9.586,1,1
6f83d9e4da896daae20b9b6b2d3ff8d2,PR,11,69.56272727272727,15.023242845117846,0.0,606.4272558303782,4.363636363636363,0.09090909090909091,5,11,765.19,69.56272727272727,19.986363636363635,5,1
35ef5aa32949680f627efec3c23e705c,SC,4,90.39999999999999,11.067511574074073,0.0,1475.7692913022136,3.75,0.25,2,5,361.59999999999997,72.32,31.362000000000002,3,1
403aa86912527d730337ffcb0fb096ab,MG,11,814.5354545454545,10.995046296296296,0.0,609.635719721568,4.0,0.1,7,11,8959.89,814.5354545454545,18.60181818181818,6,6
ec8463980a4e0ea9f8517aea1ed0c419,SC,2,119.6,11.225914351851852,0.5,365.4052099528895,5.0,0.0,2,8,239.2,29.9,14.844999999999999,1,1
c847e075301870dd144a116762eaff9a,MG,41,371.9219512195122,16.930350327461607,0.07317073170731707,860.3252118887318,4.2,0.15,16,42,15248.800000000001,363.0666666666667,26.016190476190477,5,4
6c77cd583b36a13aacccf2b3ee23e233,SP,1,18.9,6.026678240740741,0.0,362.20903489354487,5.0,0.0,1,1,18.9,18.9,12.79,1,1
5ef131ac72773e5b3f6c0d63cf424657,SP,10,57.57899999999999,5.92846412037037,0.0,557.2622096251905,4.1,0.2,7,11,575.79,52.344545454545454,22.38181818181818,8,1
6cf476a4ca74498db55cbccdaa9dcfb6,SP,5,124.98800000000001,34.34511111111111,0.2,800.284428476314,3.4,0.4,3,6,624.94,104.15666666666668,27.776666666666667,4,2
c447f8dd3ed213f291d65ef074a268eb,SP,7,93.57142857142857,11.032149470899471,0.0,681.2976713733389,3.7142857142857144,0.2857142857142857,4,8,655.0,81.875,15.278749999999999,4,2
4736e9d642ef4257cd7622516931eb51,SP,16,67.42937500000001,4.796315104166666,0.0,190.35277500644668,4.125,0.125,2,20,1078.8700000000001,53.94350000000001,18.545,12,4
a5cba26a62b8b4d0145b68b841e62e7f,PR,53,272.43094339622644,13.183294898672257,0.018867924528301886,878.9184506695062,4.566037735849057,0.03773584905660377,10,54,14438.84,267.3859259259259,24.94314814814815,18,3
a1bea9970d8f65b240555f99c2214f7f,PR,1,75.0,9.306875,0.0,1125.2611841840735,3.0,0.0,1,1,75.0,75.0,27.48,1,1
1025f0e2d44d7041d6cf58b6550e0bfa,SP,910,151.87753846153845,12.391189814814814,0.07912087912087912,588.5313597624289,4.008869179600887,0.1674057649667406,27,1420,138208.56,97.32997183098591,23.743943661971834,153,4
a5dd1946fb63ada8bcaa0c9cd8f11e22,PE,6,36.60333333333333,16.939828317901235,0.0,1075.6085351745196,3.8333333333333335,0.16666666666666666,5,7,219.62,31.374285714285715,29.53,6,2
c5f7feb04a6a1fb3596322bfc3cf1917,SP,11,156.4181818181818,10.024396043771043,0.09090909090909091,413.8109123907472,4.2727272727272725,0.18181818181818182,6,11,1720.6,156.4181818181818,30.714545454545455,10,1
c3e1abd72a42fe690fcd89cf5720fe29,SP,13,138.35461538461539,4.309395477207977,0.0,307.76720326782134,4.461538461538462,0.07692307692307693,5,13,1798.61,138.35461538461539,12.997692307692308,5,1
891071be6ba827b591264c90c2ae8a63,SP,85,44.27470588235294,13.706738970588235,0.1411764705882353,548.8694855468002,3.9529411764705884,0.2,16,90,3763.35,41.815,13.263333333333334,27,9
491a5ada3aa1678414e990262c4bbdc1,SP,1,1420.0,6.891527777777778,0.0,11.406558469485837,5.0,0.0,1,1,1420.0,1420.0,15.58,1,1
84deb808079d1be601c209c1e771b1cc,PR,2,17.465,7.539299768518519,0.0,179.33761995992015,5.0,0.0,2,2,34.93,17.465,11.605,2,1
dd58ee93286b0821565574c570e9e1dc,PR,2,1474.0,12.036979166666667,0.0,270.0699822770696,5.0,0.0,2,2,2948.0,1474.0,37.655,2,1
9558aa23f77a9e0a0eca83540999f43b,PR,1,39.0,20.871423611111112,0.0,480.5083031207996,5.0,0.0,1,1,39.0,39.0,14.52,1,1
3c4e0452bff7a2a788179488d3d77032,PR,32,117.075,13.833818721064816,0.03125,508.3276780484906,3.838709677419355,0.1935483870967742,9,36,3746.4,104.06666666666666,16.836666666666666,10,2
ca5832c6960267b71041f74bb39e8b12,SC,1,79.9,45.16071759259259,1.0,787.0570676406383,1.0,1.0,1,1,79.9,79.9,17.81,1,1
668bf321538e5072858eaef6087ce027,PR,1,19.9,4.473495370370371,0.0,3.4872493321899496,5.0,0.0,1,1,19.9,19.9,8.11,1,1
01266d4c46afa519678d16a8b683d325,PR,3,30.083333333333332,5.922897376543209,0.0,365.88012332342424,5.0,0.0,2,3,90.25,30.083333333333332,15.743333333333334,3,1
6c99c983ce3b6ba0ab813e6790e81691,MG,9,60.75,6.133632973251029,0.0,535.7757557287138,3.7777777777777777,0.2222222222222222,5,9,546.75,60.75,22.862222222222222,5,2
6aa3928696eab49a19a466e665a649fd,RJ,18,115.27777777777777,8.934614197530864,0.05555555555555555,463.10227670824054,4.611111111111111,0.05555555555555555,9,22,2075.0,94.31818181818181,15.258181818181818,12,1
7d81e74a4755b552267cd5e081563028,SP,1,32.5,2.209490740740741,0.0,78.63247631235119,4.0,0.0,1,1,32.5,32.5,7.49,1,1
f8d5c7085db9a4ad2b8c1ffbeb2798c8,SP,6,43.833333333333336,12.526377314814814,0.0,947.0758501398336,5.0,0.0,5,6,263.0,43.833333333333336,16.735,5,1
7586919161935337bf6b6d7ff5779648,RJ,11,151.33727272727273,17.498301767676768,0.18181818181818182,562.1272950192669,3.8181818181818183,0.2727272727272727,6,18,1664.71,92.48388888888888,18.345555555555556,8,2
47f55702f598c7c6cc8458b0fbc1c49a,MG,1,75.0,17.29196759259259,0.0,1105.38299406029,5.0,0.0,1,1,75.0,75.0,19.77,1,0
50a7e551a7b3f8d37cd6e32d8bfbe5ea,SP,1,140.0,12.586157407407407,0.0,361.38283643325866,5.0,0.0,1,1,140.0,140.0,27.96,1,1
ea1776927851da2532aa70d6a32c095a,SP,2,141.95,8.655138888888889,0.0,522.1148980385644,3.5,0.5,2,2,283.9,141.95,19.09,2,2
827f8f69dfa529c561901c4f2e0f332f,PR,91,37.45483516483517,13.683475910663411,0.06593406593406594,535.0820557118076,4.286516853932584,0.11235955056179775,11,104,3408.39,32.77298076923077,15.34201923076923,60,7
59fb871bf6f4522a87ba567b42dafecf,SP,123,172.1837398373984,11.998807023486902,0.056910569105691054,703.2726655474249,4.276422764227642,0.07317073170731707,21,125,21178.600000000002,169.42880000000002,16.10864,23,6
fa74b2f3287d296e9fbd2cc80f2d1cf1,SP,5,254.898,30.38007407407407,0.4,680.9559207882488,3.2,0.4,3,5,1274.49,254.898,15.236,4,1
52454f90d4c30c016768db02f88c1a74,SP,3,26.833333333333332,12.69337577160494,0.0,687.672437631367,3.6666666666666665,0.3333333333333333,3,5,80.5,16.1,13.434000000000001,4,1
a1043bafd471dff536d0c462352beb48,MG,702,141.4661396011396,13.64757012042313,0.04985754985754986,530.3378833553342,4.275714285714286,0.09428571428571429,19,752,99309.23,132.06014627659573,41.36105053191489,6,3
8378eb36b6b70c5734e83ad7b8cdc3b7,SC,7,244.97142857142856,16.56947585978836,0.14285714285714285,440.53022101433027,3.857142857142857,0.2857142857142857,4,13,1714.8,131.90769230769232,18.605384615384615,3,2
3fac58ce0ad699020c7944d53c41329c,SP,10,124.495,4.886935185185186,0.0,164.92191936676403,4.4,0.1,2,16,1244.95,77.809375,11.43875,13,2
debe6615cd90cc0c2eac2b8988e1f628,SP,5,55.7,11.604266203703705,0.0,754.5474577452105,4.6,0.0,4,5,278.5,55.7,19.106,3,2
baa49d93c8c8841e27400a300f5d74b2,SC,6,41.06666666666666,12.282937885802468,0.0,540.3305023654453,4.5,0.0,2,6,246.39999999999998,41.06666666666666,14.67,3,1
5ca5d579b5857ee8709479b1047cecc3,SP,1,169.99,17.78358796296296,1.0,21.280472910202338,1.0,1.0,1,1,169.99,169.99,8.05,1,1
3b872fd4747f01cc56206f2934198618,SP,25,109.06960000000001,14.48765324074074,0.16,375.8529400987325,3.88,0.16,6,27,2726.7400000000002,100.99037037037039,41.34703703703703,13,1
a4fc6eadaff1576af888509a53420f6a,SP,1,100.86,28.985127314814815,0.0,2130.33481437812,3.0,0.0,1,1,100.86,100.86,20.76,1,1
7402d13c03a7e91366337cd1de471144,PR,3,157.96333333333334,9.903695987654322,0.0,416.55513378391726,4.333333333333333,0.0,2,3,473.89,157.96333333333334,36.96666666666667,2,2
6e4a902d1054e4e17aa6eab87fac1c75,SP,7,83.7957142857143,6.74422123015873,0.14285714285714285,323.6363107086064,4.142857142857143,0.14285714285714285,4,8,586.57,73.32125,13.64125,4,3
ff82e8873fba613f2261a9acc896fd84,MG,4,31.15,9.54111400462963,0.0,385.59461763251306,3.5,0.25,3,4,124.6,31.15,14.7325,3,2
92eb0f42c21942b6552362b9b114707d,SP,334,19.210808383233534,13.712684630738524,0.04790419161676647,589.8485298369066,4.021084337349397,0.14156626506024098,22,358,6416.41,17.922932960893853,13.535279329608938,52,3
f125f3a310c2e5f822d116147de1e474,SP,16,172.5875,11.933017216435186,0.125,497.900910020892,4.1875,0.0625,8,22,2761.4,125.51818181818182,13.085909090909091,4,2
72146da5774cabf2632faedcae097a76,PR,4,50.235,35.939108796296296,0.25,744.2115267363333,4.0,0.25,3,6,200.94,33.49,18.415,4,2
b9c0ffa92f3ff9a5a3d45ef7213c0842,SP,3,163.33333333333334,21.183537808641976,0.0,1766.7549696432354,5.0,0.0,3,3,490.0,163.33333333333334,27.39,2,2
1d139e3a3b14025640d8df1b230aace0,SP,2,18.245,7.653206018518519,0.0,1127.5195710872417,3.5,0.0,2,2,36.49,18.245,17.345,2,1
883dd81e82754ac2c65e9790a7db8c9a,PR,5,63.9,7.172194444444445,0.0,462.2437987083014,4.4,0.2,3,5,319.5,63.9,14.992,4,2
09883d9ab71c8fe8a9bfc7fc3075b07e,SP,4,67.4,14.43830150462963,0.25,601.048473313771,4.0,0.25,3,4,269.6,67.4,15.1225,4,1
2f1e7b90e01d9f086cbcb301c0c3d406,SC,1,59.0,7.110335648148149,0.0,166.85875118212022,5.0,0.0,1,1,59.0,59.0,12.66,1,1
6bbcb8924baf70b7fe2fe2097e8cd407,SC,10,238.25,12.088065972222221,0.0,788.2175718060855,4.5,0.1,5,11,2382.5,216.5909090909091,24.029999999999998,7,2
8e4f041ff58e7845456d3482524014b3,RS,2,66.9,24.080474537037034,0.5,2015.912035475711,3.0,0.5,2,2,133.8,66.9,24.295,2,1
0ec28cec4046a4a199b6de9b4c891d97,GO,3,98.86666666666667,10.472314814814816,0.0,541.0902889387622,5.0,0.0,2,4,296.6,74.15,14.01,2,1
5debea795b07621e1f90532e18f96145,PR,25,75.3512,10.347672685185184,0.0,518.9629125685457,4.36,0.08,7,33,1883.78,57.084242424242426,15.283333333333333,22,2
2709af9587499e95e803a6498a5a56e9,SP,25,47.2224,11.049499537037036,0.12,502.4805480926653,3.9583333333333335,0.20833333333333334,10,46,1180.56,25.664347826086956,11.950652173913044,15,2
bd43e172d599bed47a85da877172ca8c,SC,1,23.92,12.473587962962963,0.0,491.2249697475162,5.0,0.0,1,1,23.92,23.92,18.27,1,1
725c32fa80c2faacc4fc88450d27314e,SP,89,88.07730337078652,9.408308234498543,0.011235955056179775,519.843920482853,4.517241379310345,0.022988505747126436,16,93,7838.88,84.28903225806452,14.277204301075269,36,2
850913d59ce317156b00f3705f1c3edb,SP,29,75.27586206896552,13.536035680076628,0.1724137931034483,366.45561073772296,3.586206896551724,0.3103448275862069,9,30,2183.0,72.76666666666667,17.296666666666667,9,2
7354220fb240bde543b3c40c060d41e7,DF,7,96.0,11.098485449735449,0.0,937.7495861446748,4.571428571428571,0.0,4,7,672.0,96.0,23.59,6,3
e8b3a3a38279a82f0e5d006d5e5b7d2c,PR,80,147.03,17.3070546875,0.0375,879.2625963415388,4.0125,0.1625,17,85,11762.4,138.38117647058823,19.362470588235293,48,6
b17b679f4f5ce2e03ce6968c62648246,SP,50,68.4836,19.22530671296296,0.16,776.4170610355909,3.98,0.16,13,51,3424.18,67.14078431372549,19.21921568627451,31,2
43a1d4bab73b816e44ef4e4facd9f9b5,PR,1,189.9,9.82519675925926,0.0,549.9148536252658,4.0,0.0,1,1,189.9,189.9,15.5,1,1
dd264199fc8b687ad029de7de6d760e6,PR,1,87.9,18.080567129629628,0.0,616.9263832505549,5.0,0.0,1,1,87.9,87.9,20.7,1,1
67225bff54a172ff67579aaf583efd78,PA,8,154.75,13.427086226851852,0.0,672.2647162522792,4.5,0.0,3,8,1238.0,154.75,19.388749999999998,7,1
baeda7047354773262ba2405f97038ba,SP,1,35.0,23.479270833333334,0.0,426.09628369696605,5.0,0.0,1,1,35.0,35.0,15.1,1,1
167fd940acebc789debd6eb418c46e38,SP,5,215.516,15.500854166666667,0.2,375.3996085866314,3.0,0.4,3,5,1077.58,215.516,20.18,3,1
4ef4c39cf3c24f326434cf0b2e48046a,SP,7,113.14285714285714,13.282799272486773,0.14285714285714285,395.5365969694124,3.7142857142857144,0.2857142857142857,5,8,792.0,99.0,13.68875,2,1
ce616e1913288884e7742faac9d981db,SP,14,23.807142857142857,6.777799272486773,0.07142857142857142,190.3206421371211,4.428571428571429,0.0,4,22,333.3,15.15,11.825,8,1
a1474fd46fd3430168f7ec202da39408,SP,12,229.375,17.97502411265432,0.16666666666666666,1514.3599466402432,4.333333333333333,0.08333333333333333,8,14,2752.5,196.60714285714286,47.215714285714284,8,3
1b61fb1f0f2185d89e9a126c498e9cc7,PR,1,49.7,11.358564814814814,0.0,245.30706852629328,5.0,0.0,1,1,49.7,49.7,16.11,1,1
2ff6b7bff164ef05590a52734e1296da,PR,7,257.6557142857143,11.747468584656085,0.0,378.6139557429125,4.714285714285714,0.0,3,7,1803.59,257.6557142857143,21.647142857142857,6,4
3a3c180dd702a725bd0ba4117689239e,PR,1,41.9,13.821863425925926,0.0,626.2733536829116,4.0,0.0,1,1,41.9,41.9,35.48,1,1
bce6a5ecf98e99fd2a8868b15c51f04b,SP,14,247.49285714285716,11.760042162698413,0.14285714285714285,426.86193911327297,4.071428571428571,0.21428571428571427,5,15,3464.9,230.99333333333334,16.10666666666667,3,1
ea65d8b58316a6f2362f2a9e4b3e86ad,SP,9,229.04444444444445,8.413410493827161,0.0,343.21772115988557,4.0,0.2222222222222222,3,16,2061.4,128.8375,14.42625,8,6
686886775c8f6b1191c7b953fb52708c,SP,1,189.0,3.546076388888889,0.0,97.93977425542417,5.0,0.0,1,1,189.0,189.0,13.62,1,1
0a85ebe4e328db81ac9109781205e2f7,SP,12,55.65833333333333,5.248940007716049,0.08333333333333333,149.90484381743644,4.583333333333333,0.0,3,12,667.9,55.65833333333333,11.479166666666666,8,2
1660ad786c27fd935378b6192a90b417,SP,12,130.83333333333334,8.986636766975309,0.08333333333333333,811.1837922008945,4.583333333333333,0.08333333333333333,6,13,1570.0,120.76923076923077,19.09846153846154,9,1
0db783cfcd3b73998abc6e10e59a102f,SP,132,68.76818181818182,11.615984322390574,0.03787878787878788,624.0678038520546,4.206106870229007,0.1297709923664122,17,137,9077.4,66.25839416058393,14.592335766423357,14,5
52f9db5cfb423382a2fa5c9e39303202,SP,21,58.037142857142854,10.174080687830687,0.0,573.1324069407995,4.285714285714286,0.09523809523809523,7,22,1218.78,55.39909090909091,15.715909090909092,7,4
f307937c1bb287c3efc2a514b94b0d1d,MG,1,189.99,12.577673611111111,0.0,1238.8347797362228,5.0,0.0,1,1,189.99,189.99,26.61,1,1
e88f7a2995ba184710d339c5c4bf2e30,SP,2,125.8,10.833229166666667,0.0,991.2452907684799,5.0,0.0,2,2,251.6,125.8,17.955,1,1
b76a1f8356322f12529c37b67d5c96c2,SP,5,59.7,7.468219907407407,0.0,192.7885504457426,4.8,0.0,2,5,298.5,59.7,11.278,5,4
4aba6a02a788d3ec81c03137144d9a80,SC,1,89.9,13.221458333333333,0.0,142.32107284270182,5.0,0.0,1,1,89.9,89.9,15.38,1,1
9449f25aeaf531019b76999ea49a6949,RJ,9,219.95,13.614467592592591,0.2222222222222222,537.2779683243511,4.222222222222222,0.1111111111111111,3,9,1979.55,219.95,18.943333333333335,8,1
431af27f296bc6519d890aa5a05fdb11,SP,116,111.85000000000001,17.234933449074074,0.13793103448275862,659.7960426828288,3.8,0.23478260869565218,16,124,12974.6,104.63387096774194,17.16491935483871,20,1
53088c75f948b48a7ece173ac17f0c12,RS,3,87.23333333333335,10.963942901234567,0.0,1120.7346092611026,5.0,0.0,2,3,261.70000000000005,87.23333333333335,18.176666666666666,2,2
0f80a40c312b2472dca482cf50f5186f,SP,1,129.9,5.3246064814814815,0.0,881.4864955279745,3.0,0.0,1,1,129.9,129.9,20.1,1,1
544863df86ed3b78a04e0820d41430ee,ES,1,23.9,5.5005902777777775,0.0,734.3587611208216,5.0,0.0,1,1,23.9,23.9,15.27,1,1
78ef7e885d17f35e2382a47aae8b8cce,RS,3,129.33333333333334,8.66204861111111,0.0,1016.0411386279699,4.666666666666667,0.0,2,3,388.0,129.33333333333334,21.813333333333333,3,1
0be8ff43f22e456b4e0371b2245e4d01,SP,156,72.66666666666667,10.396858455009497,0.0641025641025641,491.7617894446496,4.032051282051282,0.17307692307692307,17,175,11336.0,64.77714285714286,14.33422857142857,119,13
1835b56ce799e6a4dc4eddc053f04066,SP,417,79.149448441247,13.234922922772892,0.10311750599520383,484.6920118419952,3.6630434782608696,0.2391304347826087,14,551,33005.32,59.90076225045372,15.649655172413791,144,2
2e13c71026e1a39ba5cc1b86dcb679aa,SP,24,158.04166666666666,10.574384162808643,0.041666666666666664,576.3156424236784,4.375,0.125,11,28,3793.0,135.46428571428572,18.471785714285716,9,1
0af2ab31141893d26aca5a404a537dab,SP,1,59.0,5.809513888888889,0.0,356.7680380528646,5.0,0.0,1,1,59.0,59.0,15.51,1,1
13d058e4eeac2ce8217660b2f8a05812,SP,22,169.99,11.403861531986532,0.09090909090909091,449.6623525693513,4.181818181818182,0.13636363636363635,8,22,3739.78,169.99,41.25409090909091,3,1
e00d85ce20ea50c1224c66ca5050527d,SP,1,149.0,2.049375,0.0,19.545555806895173,4.0,0.0,1,1,149.0,149.0,8.3,1,1
e48b04bf1aa1ef711caebeb7aede6180,PR,25,127.48400000000001,10.544004166666666,0.0,578.2190554708399,4.48,0.08,8,25,3187.1000000000004,127.48400000000001,25.8252,5,2
f67efa3f0b6761102a7f8c6b7b571f5d,PR,31,167.37677419354839,9.979094235364396,0.0,617.9286458613457,4.483870967741935,0.06451612903225806,9,32,5188.68,162.14625,26.2965625,9,4
c273175f7c6c80fb02f051e2fc6d0d72,SP,14,84.87357142857142,10.586340112433861,0.07142857142857142,797.8958605665441,3.7857142857142856,0.21428571428571427,8,14,1188.23,84.87357142857142,18.23,11,2
382229d1e840115ffe3dbf5ff460e417,RJ,45,89.71244444444444,9.299387345679012,0.06666666666666667,578.3841995919308,4.266666666666667,0.1111111111111111,12,48,4037.06,84.10541666666667,17.776458333333334,23,9
f09b760d23495ac9a7e00d29b769007c,SP,1,21.9,24.0575,0.0,915.7355959515824,4.0,0.0,1,1,21.9,21.9,17.19,1,1
5c243662ce92d84573bfaff24c3e3700,SP,98,335.32673469387754,10.906951884920636,0.01020408163265306,603.2777870754355,4.144329896907217,0.10309278350515463,19,100,32862.02,328.62019999999995,17.7564,24,2
38874e327ce94d11390b96eb42d61928,SP,6,629.99,19.95860725308642,0.16666666666666666,359.13023710739793,4.0,0.0,4,6,3779.94,629.99,63.08166666666667,2,1
ab3e0c171fe84a7ba7de130f19cfb485,PR,6,103.90833333333335,20.710918209876542,0.3333333333333333,599.0010402118306,4.0,0.16666666666666666,3,7,623.45,89.06428571428572,16.125714285714285,4,2
85e7c62c1d6ea078c3897424f867a7c8,SC,2,30.0,7.850451388888889,0.0,328.37431116124054,4.5,0.0,2,2,60.0,30.0,13.85,2,1
262237171f48e85819065498cac80d7b,SC,4,149.75,11.070480324074074,0.0,484.722111547074,4.25,0.0,3,10,599.0,59.9,15.0,1,1
fd386aa7bed2af3c7035c65506c9b4a3,SP,69,33.393478260869564,8.562201590177134,0.10144927536231885,515.0404250922819,4.3478260869565215,0.14492753623188406,15,76,2304.15,30.31776315789474,13.316052631578946,41,14
b2f4d63c7203f539a78252565ca32257,RJ,1,14.9,13.007511574074075,0.0,388.8810835618723,5.0,0.0,1,1,14.9,14.9,20.84,1,1
dd5450b022b2d00a2145a66331e1aef6,SC,1,59.0,7.1822337962962965,0.0,680.8154855544552,5.0,0.0,1,1,59.0,59.0,22.34,1,1
ff4e2d38692ce827b1a4f4b8196e680d,SP,11,47.17272727272727,9.210698653198653,0.0,362.97691580346515,4.2727272727272725,0.09090909090909091,6,11,518.9,47.17272727272727,13.661818181818182,3,2
7963e546f34e098b578f9ad102494601,SP,1,60.99,18.14728009259259,0.0,1940.972856817157,5.0,0.0,1,1,60.99,60.99,21.23,1,1
1588ac4010787100dddef64568f0ae35,PR,3,199.99,19.871010802469137,0.0,529.2525221145739,3.0,0.3333333333333333,2,3,599.97,199.99,15.333333333333334,2,1
41c2bad7229b0c25e6becf179ebf63ff,RN,20,39.1,4.69347974537037,0.0,8.405635296917009,4.95,0.0,1,23,782.0,34.0,8.257391304347825,4,1
8b655f0855926bcb49f5835d38dfddf6,SP,5,217.9,5.609800925925926,0.0,188.18295110543778,4.8,0.0,2,5,1089.5,217.9,14.662,3,1
a213f1bd6458f4a158f3746cb2514559,PR,1,41.52,8.3459375,0.0,446.6958766314954,5.0,0.0,1,1,41.52,41.52,14.43,1,1
1b7e5006cb25dd23ce8686691013b121,SP,11,239.70363636363635,15.486682449494948,0.18181818181818182,700.6533416612402,4.363636363636363,0.09090909090909091,6,11,2636.74,239.70363636363635,13.565454545454545,7,1
4559697a8f7e637227c2eeaed843baff,SP,39,89.3923076923077,12.937863544634379,0.07692307692307693,845.5698079221971,4.205128205128205,0.1282051282051282,7,39,3486.3,89.3923076923077,18.03128205128205,3,3
4867209cb29b56b92893d7bde3ce8012,SP,1,150.0,10.228275462962962,0.0,697.5428963482493,4.0,0.0,1,1,150.0,150.0,19.15,1,1
19a7c9f66ffa6452ff4b4c0cca71da27,PR,1,279.0,25.18634259259259,0.0,2072.3842702990896,5.0,0.0,1,1,279.0,279.0,59.74,1,1
6fa9202c10491e472dffd59a3e82b2a3,SP,3,2338.08,8.464201388888888,0.0,430.5382158988876,4.333333333333333,0.0,3,3,7014.24,2338.08,308.33666666666664,1,1
20d53aad4fe5ee93a64f8839609d3586,MG,1,14.5,39.27744212962963,1.0,194.86257660417894,1.0,1.0,1,1,14.5,14.5,12.48,1,1
42fa4ee7240e9b8eb4576358ec142ba7,RS,22,174.80454545454543,6.923532723063972,0.0,733.4152038454978,4.809523809523809,0.0,8,22,3845.7,174.80454545454543,23.580454545454543,7,2
c8660dcf9ba70575f45d80fe28c27713,SP,4,83.75,14.991455439814814,0.25,602.1041950666535,4.5,0.0,3,7,335.0,47.857142857142854,14.855714285714285,2,2
253c025bab43881055aeecde5e2d8b77,PR,2,47.41,16.56265625,0.5,347.7823264774769,4.5,0.0,1,2,94.82,47.41,14.754999999999999,1,1
7ecd59e5e20407131822c1a68ac59c1f,DF,24,61.11291666666667,17.207231385030862,0.125,909.45230055922,4.416666666666667,0.08333333333333333,6,29,1466.71,50.576206896551724,20.269310344827588,5,1
c026ef0d72e9132d9fa112308090c8dc,RJ,1,520.0,11.181145833333334,0.0,386.8165469647672,4.0,0.0,1,1,520.0,520.0,37.72,1,1
0b09101900100c0e9d312861fad5a1b9,SP,1,153.75,18.53783564814815,0.0,4.7334545085102615,4.0,0.0,1,1,153.75,153.75,14.61,1,1
e8f6dc8e6a1dcde89d20e3995c8d90b3,SP,35,61.392571428571436,12.935982804232804,0.08571428571428572,458.4096131420395,4.0,0.14285714285714285,10,44,2148.7400000000002,48.83500000000001,45.836363636363636,29,9
128f9bfbe4c7d5185033914b1de3d39a,SP,13,97.49153846153847,11.82590811965812,0.07692307692307693,348.3343416180414,4.769230769230769,0.0,6,15,1267.39,84.49266666666668,16.798666666666666,9,1
a09a13f18ed27932d08438aa6f12756e,RS,1,29.9,8.917627314814816,0.0,835.8135228936075,3.0,0.0,1,1,29.9,29.9,16.11,1,1
81a1104df0f08b59c68aa5b03cfe398e,PR,72,129.45805555555555,12.830092431841564,0.041666666666666664,794.3818379460338,4.314285714285714,0.07142857142857142,16,72,9320.98,129.45805555555555,24.922916666666666,17,1
3f84fefc07dc159b268d4a77d3e8c425,PR,3,66.86666666666666,8.068271604938271,0.0,504.2095964975469,5.0,0.0,2,3,200.6,66.86666666666666,17.106666666666666,3,1
750303a20e9c56b2a6bc45cdce0b897d,GO,53,148.60377358490567,14.103843029350104,0.03773584905660377,923.9890659800305,4.30188679245283,0.09433962264150944,16,56,7876.0,140.64285714285714,23.014642857142857,37,7
f8db351d8c4c4c22c6835c19a46f01b0,SP,659,75.997875569044,9.865957662423424,0.042488619119878605,506.38265159197846,4.265243902439025,0.09603658536585366,22,714,50082.6,70.1436974789916,17.373137254901962,146,19
0743a0239d764b9a0f959a57d07e36ab,SP,4,84.24,5.358070023148148,0.0,830.9432623156241,4.75,0.0,3,4,336.96,84.24,16.565,2,2
131fcb0a0c9a47bba4474aacff0f14b7,SP,4,92.45,4.300601851851852,0.0,17.551632576174114,4.0,0.0,1,4,369.8,92.45,9.1525,2,1
1838dd9b8977065acf51d95e0053ea7a,MG,62,44.36290322580645,12.791684961170848,0.03225806451612903,763.6023011886314,4.370967741935484,0.11290322580645161,16,65,2750.5,42.315384615384616,18.65830769230769,14,3
1b8b75e227c9a9c100d0c210fb6176ce,SP,15,96.32466666666667,14.996113425925925,0.06666666666666667,374.73347448791367,3.933333333333333,0.2,6,15,1444.8700000000001,96.32466666666667,13.574666666666667,11,1
eb1bf309f4f6af9a97e9ddac3fdbeabe,SP,1,22.3,8.489652777777778,0.0,14.69344203703289,5.0,0.0,1,1,22.3,22.3,8.88,1,1
5d378b73ab7dd6f0418d743e5dcb0bd1,SP,6,1875.6666666666667,30.48887152777778,0.16666666666666666,1274.5832775159117,3.8333333333333335,0.16666666666666666,5,6,11254.0,1875.6666666666667,59.78333333333333,3,0
39d54ff918774174706fb065d7f9dc07,SP,22,70.66772727272728,13.90331492003367,0.09090909090909091,638.0607406244812,4.045454545454546,0.22727272727272727,9,24,1554.69,64.77875,14.501249999999999,15,1
353e21e8bf8de2722b4fae1636664b76,RS,4,52.0,9.107554976851851,0.0,842.0013218989887,2.5,0.5,3,4,208.0,52.0,22.9725,2,1
5b33b527da3c5b969cc99dc435cad09a,PR,16,117.049375,12.708035300925925,0.0625,796.0181158519457,4.125,0.125,8,17,1872.79,110.16411764705882,21.50294117647059,7,5
c9d2ba8dde44a275ae06475ed1d2fafc,MG,1,28.79,8.417430555555555,0.0,699.7754763962657,5.0,0.0,1,1,28.79,28.79,14.52,1,1
d149de2f383552baea37a7198c2296ce,SP,3,106.90000000000002,4.890138888888889,0.0,177.93039558752662,5.0,0.0,2,3,320.70000000000005,106.90000000000002,11.223333333333334,2,1
bf961104a38e01b9062ee026bb657dee,SP,4,146.39,9.057149884259259,0.0,295.68586009715403,4.5,0.0,2,4,585.56,146.39,19.975,1,1
1ca7077d890b907f89be8c954a02686a,SP,108,115.50592592592592,15.536053990912208,0.16666666666666666,390.8765691737538,2.392523364485981,0.5981308411214953,14,127,12474.64,98.22551181102362,11.984330708661417,19,2
89a51f50b8095ea78d5768f34c13a76f,DF,10,67.716,7.424040509259259,0.0,581.5266504049875,4.7,0.0,5,11,677.16,61.559999999999995,16.099999999999998,10,1
3a490ba60afa30ece0e7d50cfe74a4f0,MG,8,191.15,11.933512731481482,0.0,715.6921334921905,4.625,0.0,5,8,1529.2,191.15,20.73375,3,1
455f46ef09a9e45667e2981df84b5cc2,SP,1,29.9,13.019328703703703,0.0,277.19633206458315,4.0,0.0,1,1,29.9,29.9,18.31,1,1
651fe66032c9520ee5587f694908040d,RS,7,66.28571428571429,6.706140873015873,0.0,991.6453781718544,4.0,0.14285714285714285,5,7,464.0,66.28571428571429,18.389999999999997,6,2
6d04126aba80df143fd038e711b8fd96,RJ,1,89.99,37.079166666666666,1.0,1118.2103334935032,1.0,1.0,1,1,89.99,89.99,18.87,1,1
d566c37fa119d5e66c4e9052e83ee4ea,SP,65,79.16461538461539,5.812535968660968,0.0,340.1515398704606,4.6875,0.03125,10,73,5145.7,70.48904109589041,13.413972602739726,25,2
010543a62bd80aa422851e79a3bc7540,SP,2,708.0,9.085081018518519,0.0,220.4689635807058,4.5,0.0,2,2,1416.0,708.0,15.975000000000001,1,1
7178e1eaa97257d8b6d4b80efd77a025,SP,1,167.9,7.122962962962963,0.0,112.67858083809111,5.0,0.0,1,1,167.9,167.9,16.81,1,1
2199e7fe213c16213bf5d6a7eadc9a5d,SP,24,156.97041666666667,10.778349247685185,0.041666666666666664,375.02619506292996,4.375,0.08333333333333333,5,30,3767.29,125.57633333333334,18.060333333333332,12,7
984c273121e743dd14767befe6cb17f5,SP,1,259.6,33.85025462962963,1.0,896.3859953075035,1.0,1.0,1,1,259.6,259.6,21.31,1,1
2b3e4a2a3ea8e01938cabda2a3e5cc79,SP,52,454.4067307692308,8.775291800213676,0.0,545.5355726935786,4.365384615384615,0.07692307692307693,17,54,23629.15,437.57685185185187,16.776851851851852,13,1
feb793c88d836c3a75efa4b5a3465d70,SP,1,466.0,5.986342592592592,0.0,6.084989388614314,5.0,0.0,1,1,466.0,466.0,64.17,1,1
e333046ce6517bd8bb510291d44f0130,SP,68,106.88235294117646,10.158788807189541,0.04411764705882353,550.7370577483935,4.338235294117647,0.08823529411764706,11,74,7268.0,98.21621621621621,19.34216216216216,47,6
5a413ade68e8f8d93071a7f52a64cb9e,SP,14,55.635714285714286,4.118708664021164,0.07142857142857142,133.48261618062733,4.642857142857143,0.07142857142857142,4,14,778.9,55.635714285714286,10.983571428571429,4,1
5a425cc503b39b262a847fd6212bf53b,PR,14,95.75714285714287,6.823572255291006,0.07142857142857142,562.7634563764611,4.461538461538462,0.07692307692307693,6,14,1340.6000000000001,95.75714285714287,17.94857142857143,8,1
9535a841eecebed61a9fb1ac1cbb5597,SP,2,392.45,9.502650462962963,0.0,63.63531373728206,3.0,0.5,2,2,784.9,392.45,16.715,2,1
8f78f0903005064036736c7173a5c2ed,MG,13,162.5923076923077,17.417435007122506,0.0,442.62137882327346,3.769230769230769,0.23076923076923078,7,21,2113.7000000000003,100.65238095238097,30.107142857142858,10,4
9803a40e82e45418ab7fb84091af5231,GO,11,388.97727272727275,15.639769570707072,0.0,1120.9227180636012,3.727272727272727,0.2727272727272727,8,18,4278.75,237.70833333333334,28.479444444444443,13,7
43b2c864251aa0ce4030c746984e088a,DF,2,47.4,5.6157812499999995,0.0,879.5279187186275,3.0,0.5,1,2,94.8,47.4,17.26,2,2
83e197e95a1bbabc8c75e883ed016c47,RJ,46,142.91717391304348,10.44315619967794,0.021739130434782608,615.8416588902921,4.804347826086956,0.021739130434782608,13,54,6574.1900000000005,121.74425925925927,17.802407407407408,19,2
17908cf9b444ee34047cadd5c0f4a516,GO,11,181.2718181818182,18.88040298821549,0.09090909090909091,1157.8148122888279,4.545454545454546,0.0,7,11,1993.99,181.2718181818182,45.583636363636366,9,1
17eea220a40cc0d2c0c5346379682398,SP,3,291.99333333333334,25.364583333333332,0.6666666666666666,1609.5233232554244,3.6666666666666665,0.3333333333333333,3,3,875.98,291.99333333333334,25.333333333333332,2,1
270297ead4c65a6cd2593960d2af6b21,SP,17,549.6705882352941,14.341523011982572,0.0,909.701503747064,3.823529411764706,0.29411764705882354,9,19,9344.4,491.81052631578945,28.282105263157895,12,3
5f0057b677eb963672bf05dfa3f16c34,SP,4,53.47,7.040208333333333,0.0,179.2413101827922,5.0,0.0,2,4,213.88,53.47,12.7775,4,2
8185694b58b2ba6de20fd41ae608bbea,SP,8,171.5375,11.058253761574074,0.0,402.93186556677676,4.5,0.0,6,8,1372.3,171.5375,28.783749999999998,8,2
17f51e7198701186712e53a39c564617,SP,56,857.4821428571429,23.242452256944443,0.08928571428571429,889.8913337535456,4.339285714285714,0.08928571428571429,17,61,48019.0,787.1967213114754,160.54803278688524,27,1
2addf05f476d0637864454e93ba673d5,DF,12,379.3333333333333,10.398473186728395,0.0,923.8115390291392,5.0,0.0,6,12,4552.0,379.3333333333333,27.136666666666667,8,1
b67d6c666e8dce1d078c882825e12704,SP,7,50.40571428571428,7.684325396825398,0.0,581.4233589349802,4.857142857142857,0.0,4,8,352.84,44.105,13.02375,6,2
ead2bab70821ea148476ae9bc08548ac,MG,9,45.78888888888889,7.322022890946503,0.0,704.6760163197097,4.5,0.0,5,9,412.1,45.78888888888889,12.911111111111111,4,1
fa14641f57b655e933124a9ea49cd7a5,SP,7,51.41857142857142,6.980003306878308,0.0,223.5421725962626,4.571428571428571,0.0,3,7,359.92999999999995,51.41857142857142,11.865714285714287,6,3
d1582f4043306e6b91afa6a8a884f898,SP,9,110.0,12.108569958847736,0.1111111111111111,585.7405274959297,4.111111111111111,0.1111111111111111,5,9,990.0,110.0,14.657777777777776,1,1
d263fa444c1504a75cbca5cc465f592a,SP,1,399.0,9.542453703703703,0.0,2313.6132301108264,5.0,0.0,1,1,399.0,399.0,45.07,1,1
f35b3c613c4f7b2275f4185d0a3c59ec,SP,9,449.69444444444446,12.80266975308642,0.1111111111111111,410.7960535464682,4.555555555555555,0.1111111111111111,4,9,4047.25,449.69444444444446,18.56,8,2
655220df33262c7e0c4949a147366f94,SP,13,172.69230769230768,13.793602207977207,0.15384615384615385,641.8889197671571,4.076923076923077,0.15384615384615385,6,15,2245.0,149.66666666666666,45.43533333333333,3,2
ad8b531ae67582f096925cff5630d0d1,PR,2,99.22500000000001,20.48488425925926,0.0,1144.4657209649865,4.0,0.0,2,2,198.45000000000002,99.22500000000001,26.52,2,2
499185655c29ecfdbfe776ef7cf875b5,RS,1,89.0,11.124560185185185,0.0,1343.0233168616671,4.0,0.0,1,1,89.0,89.0,17.33,1,1
44f091b5abab8018f682fce8124b85e5,SP,3,118.13333333333333,15.188487654320987,0.6666666666666666,108.47770600249112,3.6666666666666665,0.3333333333333333,1,3,354.4,118.13333333333333,11.593333333333334,3,1
7210cd29727d674c00741e5e387b3ccd,SP,9,81.00999999999999,3.7764146090534982,0.1111111111111111,52.15335129582631,4.444444444444445,0.1111111111111111,1,13,729.0899999999999,56.083846153846146,11.160769230769231,7,5
f4ce8ca9fa7157e3b33f536ac9a4487d,SP,4,102.4,6.975619212962963,0.0,595.2661640289974,4.75,0.0,2,4,409.6,102.4,24.3825,3,2
0570350b23eda5444f8d1d9544932058,SP,6,104.48333333333335,5.071749614197531,0.0,288.9061334389589,5.0,0.0,4,11,626.9,56.99090909090909,11.350909090909092,3,2
de9727ca376d1be6ec121b110aa7954c,PR,9,110.86666666666667,11.991947016460905,0.1111111111111111,555.5841605437362,3.6666666666666665,0.3333333333333333,5,11,997.8000000000001,90.70909090909092,17.985454545454544,4,1
d3891911c2feae53c52fea2bd14054e5,SP,2,70.5,4.062760416666666,0.0,292.4198931067829,5.0,0.0,2,2,141.0,70.5,12.995000000000001,2,1
70a12e78e608ac31179aea7f8422044b,SP,312,96.03695512820512,14.709280218720323,0.09294871794871795,626.0939570196861,3.8129032258064517,0.1967741935483871,23,323,29963.53,92.766346749226,17.101300309597523,119,15
2eeb6531ee027a48d401e72bebdd87d3,SP,3,12.9,12.211415895061728,0.0,442.0843464824556,4.333333333333333,0.0,3,3,38.7,12.9,13.333333333333334,3,1
c1ed9e3daf6154542826a6996af0fb8c,SC,8,94.6875,16.930416666666666,0.125,643.109975636421,4.25,0.125,4,16,757.5,47.34375,18.285625,6,1
d101c6da914ae3d53f7bee42283f2fe2,SP,13,99.80000000000001,13.331282941595443,0.07692307692307693,375.73125300725036,3.6153846153846154,0.3076923076923077,6,16,1297.4,81.0875,16.259375,4,3
a00824eb9093d40e589b940ec45c4eb0,SP,3,3133.3233333333333,8.007125771604938,0.0,332.4879541674072,4.666666666666667,0.0,3,3,9399.97,3133.3233333333333,126.49666666666667,1,1
0015a82c2db000af6aaaf3ae2ecb0532,SP,3,895.0,10.793885030864198,0.0,606.5905780969342,3.6666666666666665,0.3333333333333333,2,3,2685.0,895.0,21.02,1,1
808d4348b916efa08e766ebad39f61eb,SP,20,35.6475,7.961432870370371,0.05,610.7635081243902,4.6,0.05,9,20,712.95,35.6475,13.429499999999999,10,1
fb3cfbc8a86f5d7fbb4d36b8df63f60d,RJ,10,100.73,7.5278680555555555,0.0,503.79674497879626,4.2,0.1,3,15,1007.3000000000001,67.15333333333334,14.517333333333333,7,1
80ceebb4ee9b31afb6c6a916a574a1e2,PR,1,6729.0,20.866354166666667,1.0,1171.2600062510853,,,1,1,6729.0,6729.0,193.21,1,1
2d2c62bef4c8ba0dd74e0e228e808539,SP,16,234.3125,10.30731987847222,0.125,484.9215030689036,4.125,0.1875,5,16,3749.0,234.3125,30.0925,9,4
7c51de0ab286204ce75ff42bf7c10d92,SC,4,189.75,9.790217013888888,0.0,995.9299326398556,4.5,0.0,4,4,759.0,189.75,37.41,3,1
c1d1ebb4745cc43cb6f05e9c8a705c9a,SP,1,12.5,26.52927083333333,1.0,205.27066316283128,1.0,1.0,1,1,12.5,12.5,19.21,1,0
8def3db7f272735afb2ecd03aeca09a7,RJ,2,98.0,2.659195601851852,0.0,436.92969103508034,5.0,0.0,2,2,196.0,98.0,16.82,1,1
ff063b022a9a0aab91bad2c9088760b7,SP,94,128.47340425531914,9.388406348502759,0.031914893617021274,503.2924384822727,4.311827956989247,0.08602150537634409,15,96,12076.5,125.796875,20.6746875,9,3
82bd0703a4aefd6b599e5bfdaed378fb,SP,20,119.71400000000001,11.608380208333333,0.05,671.578145709312,4.0,0.2,7,23,2394.28,104.09913043478262,16.440434782608694,15,3
7fe21dd00d2f4943ae09525efa2fd674,RJ,2,84.9,7.602222222222222,0.0,13.958313760215061,5.0,0.0,1,2,169.8,84.9,9.605,2,1
7ab0dd5487bab2dc835337b244f689fb,SP,1,12.5,5.7457060185185185,0.0,55.181662746946756,5.0,0.0,1,1,12.5,12.5,10.96,1,1
12a8eb0f8d1cd3270695bf2a99f55966,SP,2,198.5,20.976712962962964,0.0,1271.9600428107883,3.5,0.5,2,2,397.0,198.5,19.835,2,1
beadbee30901a7f61d031b6b686095ad,SP,64,68.3434375,14.098720160590277,0.234375,539.3969561339018,3.90625,0.1875,13,68,4373.98,64.32323529411764,13.78735294117647,7,3
bc39d8938f90a3a2b98193723ed59774,SP,2,153.4,4.553125,0.0,39.0271553358488,4.0,0.0,1,2,306.8,153.4,11.155,1,1
fd312b6bf05efac6c3772d5b52205d8a,SP,2,59.349999999999994,6.378287037037037,0.0,84.52047411085896,5.0,0.0,1,4,118.69999999999999,29.674999999999997,11.405,2,1
df683dfda87bf71ac3fc63063fba369d,RS,1,39.9,189.86315972222224,1.0,829.1643751038215,1.0,1.0,1,1,39.9,39.9,16.05,1,1
25cf099de44674fde97473224f9d59ab,SP,50,33.087199999999996,9.392387962962964,0.04,504.58154629891555,4.326530612244898,0.10204081632653061,14,50,1654.36,33.087199999999996,14.103800000000001,30,1
7139dc5186aa238b006e066d8fbab2e4,SP,22,77.81818181818181,14.807957175925928,0.13636363636363635,449.40065124210673,4.0,0.19047619047619047,7,24,1712.0,71.33333333333333,22.330416666666665,11,3
d94a40fd42351c259927028d163af842,MG,100,136.748,13.938378356481483,0.03,490.1538514518117,4.214285714285714,0.10204081632653061,15,109,13674.8,125.45688073394494,30.71165137614679,16,2
406740ee611378a662d274c7d8c43c4a,ES,8,223.75,15.207686631944444,0.125,742.5132441927659,4.375,0.125,4,10,1790.0,179.0,18.208000000000002,2,2
6bd503a8230299c9316fb0f726933927,GO,4,81.07249999999999,9.820989583333333,0.25,399.10155811700906,4.75,0.0,4,5,324.28999999999996,64.85799999999999,25.919999999999998,5,2
0885aaf116795758dfeb5f1032487bcd,SP,27,95.30000000000001,5.9938160150891635,0.0,327.0781912665595,4.2592592592592595,0.1111111111111111,8,29,2573.1000000000004,88.72758620689656,17.208275862068966,19,2
6288c69c4ce638e59925e59193f98b16,SP,20,209.84,9.613747106481481,0.05,398.3075044662348,4.25,0.05,6,20,4196.8,209.84,13.510499999999999,6,3
dfc5fb7259bb2b599ca565e6e9448f0f,SP,33,185.59484848484848,13.264740109427608,0.030303030303030304,621.8630871237624,4.121212121212121,0.09090909090909091,14,34,6124.63,180.13617647058823,21.216176470588238,11,2
41958cbd3335433c8740300e8cd600d5,SP,1,32.99,4.842789351851851,0.0,25.408812939652528,5.0,0.0,1,1,32.99,32.99,7.39,1,1
3a3e46d10f74d8a6ca76e2b538f106a0,SP,2,149.95,19.48721064814815,0.0,621.0544092678243,4.5,0.0,2,5,299.9,59.98,13.334,2,1
2d2322d842118867781fc737e96d59a1,SP,8,22.05,8.09072193287037,0.125,291.51946656624034,4.875,0.0,2,10,176.4,17.64,10.497,5,1
e4fc40017a6d22c46a14ac2e17f87c3e,PR,1,129.0,10.291921296296296,0.0,420.74341830121483,5.0,0.0,1,1,129.0,129.0,41.29,1,1
5a9b3bcab695173c820e53934574ae80,SP,1,139.0,7.143958333333333,0.0,422.5471793698878,5.0,0.0,1,1,139.0,139.0,64.77,1,1
2bf6a2c1e71bbd29a4ad64e6d3c3629f,RJ,30,1687.63,13.650243055555556,0.06666666666666667,794.4623599668636,4.166666666666667,0.13333333333333333,11,31,50628.9,1633.1903225806452,32.27709677419355,28,2
7c4618c82226628831613e95e9c22f44,SP,13,25.686923076923073,11.065274216524216,0.07692307692307693,431.5244565470982,4.076923076923077,0.15384615384615385,5,13,333.92999999999995,25.686923076923073,12.733846153846153,5,1
06579cb253ecd5a3a12a9e6eb6bf8f47,SP,61,75.2032786885246,9.941688107164541,0.06557377049180328,386.68735619368414,4.131147540983607,0.14754098360655737,9,70,4587.400000000001,65.53428571428572,20.293857142857142,11,3
8ab42aa58097fd4668d60cc648225d5f,GO,20,130.8375,10.358764467592593,0.0,752.2253417990687,4.2,0.05,6,26,2616.75,100.64423076923077,22.83230769230769,15,2
4978a02ea9c8be7a9b5480680f40334e,SP,18,130.92277777777778,5.2844508744855965,0.0,188.55495482078945,3.5555555555555554,0.2777777777777778,4,19,2356.61,124.0321052631579,17.90684210526316,14,4
8e29d051f810eb22959ede205b462b9f,SP,2,299.9,31.752569444444443,0.5,698.4899665020356,4.0,0.0,2,2,599.8,299.9,106.74000000000001,1,1
ccb83a794700270fde70898fe9ff368b,SC,12,921.8333333333334,16.59214988425926,0.16666666666666666,857.5941775025026,4.333333333333333,0.08333333333333333,6,12,11062.0,921.8333333333334,143.64416666666668,2,1
612a743d294c27884fb7b80d2b19ba35,PR,2,1528.8500000000001,9.794849537037036,0.0,337.8679409552926,4.5,0.0,1,3,3057.7000000000003,1019.2333333333335,34.81666666666667,2,2
cb6c9f5888a7a090c75beaf615925792,ES,11,70.89909090909092,10.160455597643098,0.0,816.5003342431381,3.8181818181818183,0.18181818181818182,5,11,779.8900000000001,70.89909090909092,20.825454545454548,9,5
c12d7463a579237ffb9248bd7cff378b,SP,1,25.9,11.243993055555556,0.0,16.558743230924655,4.0,0.0,1,1,25.9,25.9,8.72,1,1
fe701d88b67eaca109dffd464d1be9f9,RJ,10,135.9,12.424614583333334,0.1,950.9349271280777,4.3,0.1,9,10,1359.0,135.9,21.902,3,1
46dc3b2cc0980fb8ec44634e21d2718e,RJ,503,244.15781312127237,11.927641281938001,0.05765407554671968,564.1313319596615,4.27364185110664,0.11066398390342053,21,523,122811.38,234.82099426386233,21.704588910133843,183,6
fedaedd3ca31d56ab33e92035e4b361c,RJ,1,39.9,8.62082175925926,0.0,177.22876462216306,4.0,0.0,1,1,39.9,39.9,10.96,1,1
dbc51f5e45d654ecc16cb68e6817ecea,SP,1,199.99,17.74240740740741,0.0,454.6002118350787,4.0,0.0,1,1,199.99,199.99,18.14,1,1
81f89e42267213cb94da7ddc301651da,SP,46,85.97826086956522,7.448632749597424,0.0,556.1469675113547,3.6739130434782608,0.21739130434782608,6,52,3955.0,76.0576923076923,14.734230769230768,4,3
630008e0f062605a415d694489f6f82e,SP,1,35.35,17.05988425925926,0.0,488.69230941385194,5.0,0.0,1,1,35.35,35.35,15.35,1,1
58f1a6197ed863543e0136bdedb3fce2,MG,42,156.07142857142858,10.302723489858906,0.023809523809523808,568.3224714722493,4.142857142857143,0.14285714285714285,9,43,6555.0,152.4418604651163,24.01279069767442,11,3
df56d7b40d437f88407c5f78b63bc328,PR,22,126.87636363636365,12.586075862794614,0.045454545454545456,704.2213824977961,4.090909090909091,0.13636363636363635,8,25,2791.28,111.6512,18.4088,8,1
165fc07beebdcb6190fba8a06db2a449,PR,50,349.62800000000004,12.976118981481482,0.08,826.2948085163857,3.8,0.22,15,64,17481.4,273.146875,25.00046875,27,2
0691148aee60ca47977c187804f935ae,PR,47,124.86191489361703,11.940049005122145,0.02127659574468085,639.5403958995986,4.180851063829787,0.14893617021276595,11,53,5868.51,110.72660377358491,28.130943396226417,37,6
cac876b37d3abcd6bd76caca30277996,PR,27,82.58407407407407,9.91142018175583,0.0,771.8507691087319,4.461538461538462,0.038461538461538464,6,33,2229.77,67.56878787878787,22.09151515151515,14,6
9ac4f14370b1e24ddc58be041b7f99df,GO,5,62.902,9.02382175925926,0.0,814.6555889295928,4.4,0.0,3,5,314.51,62.902,24.428,5,3
70eea00b476a314817cefde4aad4f89a,SP,106,296.45990566037733,13.39840539832285,0.0660377358490566,604.3753781685916,4.40952380952381,0.06666666666666667,18,112,31424.75,280.578125,24.32955357142857,30,6
282c7480173bb9c01dd41cc739fec010,SP,5,854.8399999999999,14.406465277777778,0.2,987.7710739979611,4.0,0.25,5,8,4274.2,534.275,24.01375,4,2
c840d3fdbba0790404fdae73d253b253,PR,9,502.4755555555556,12.156665380658435,0.0,839.2003985698594,3.5555555555555554,0.2222222222222222,6,14,4522.28,323.02,25.689285714285713,7,2
9cad4b68bb993ee401a3c5aaa2bc26dd,SP,5,129.86,18.695247685185187,0.2,855.7662874696689,2.8,0.4,3,7,649.3000000000001,92.75714285714287,16.29,4,1
dbbcfe2c8d026742134ac3e28ccde274,PR,4,77.14750000000001,8.287314814814815,0.0,255.27919838523314,4.0,0.25,2,4,308.59000000000003,77.14750000000001,13.594999999999999,4,1
2fdde51ad3e12f297da656d4fbd5d0b5,SC,9,644.7777777777778,15.266977880658438,0.0,709.2582638658533,4.777777777777778,0.0,5,9,5803.0,644.7777777777778,61.32444444444444,3,2
7040e82f899a04d1b434b795a43b4617,SP,208,44.29663461538462,10.512130074786324,0.07692307692307693,515.7691597610885,3.650485436893204,0.25728155339805825,18,223,9213.7,41.3170403587444,14.005650224215248,59,10
83a75eea11694e36e56dd0cb2240229a,SP,3,162.33333333333334,4.093989197530864,0.0,374.4159299678717,5.0,0.0,2,3,487.0,162.33333333333334,14.156666666666666,1,0
a1544b9ea0b2390e020537d4daa89049,SP,8,105.15,10.917319155092592,0.0,780.336381355012,3.875,0.125,6,8,841.2,105.15,13.41625,4,1
b8a0adc91af209270c2c725168eb00fd,SP,6,46.9,11.105634645061729,0.0,421.93869822730176,4.0,0.16666666666666666,3,6,281.4,46.9,17.848333333333333,6,1
20b54c376b794ed028df09a3cd88e8dc,SP,7,132.55285714285714,21.161888227513227,0.2857142857142857,660.8586997211816,3.7142857142857144,0.14285714285714285,6,7,927.87,132.55285714285714,16.314285714285713,5,3
5415337f1863452476d42d9f14a16a61,MG,1,44.9,16.04283564814815,0.0,1892.3883462498068,3.0,0.0,1,1,44.9,44.9,23.45,1,1
e0482f2c769468c3bbcd8a01e09d98c5,SP,1,189.0,5.906377314814815,0.0,530.1875990553929,4.0,0.0,1,1,189.0,189.0,45.4,1,1
3fe7120d6257285ac6a3ce7cb071ccec,MG,2,99.99,9.570578703703703,0.0,631.9478034975494,3.5,0.0,2,2,199.98,99.99,14.14,1,1
7daca0837f033a41a6f3428c18657533,SP,7,175.56857142857143,14.333244047619049,0.2857142857142857,519.6954559489579,3.5714285714285716,0.2857142857142857,3,7,1228.98,175.56857142857143,24.02285714285714,4,1
d66c305afaec317ebee552073a674429,MG,38,108.59447368421053,9.693951023391813,0.02631578947368421,625.7933587980573,4.473684210526316,0.05263157894736842,9,44,4126.59,93.78613636363637,25.2025,23,7
a5ff20ff766e7f50bd5066f33da14413,SP,2,33.295,5.640086805555555,0.0,797.6548372931278,3.0,0.5,2,4,66.59,16.6475,10.895,3,2
adbe70ab2c97442046d393988c8d1d27,SP,5,57.9,7.185418981481481,0.0,306.13737457734067,5.0,0.0,3,5,289.5,57.9,13.030000000000001,2,1
74c7dec0a384d8a05950e629bd23bde9,SP,4,24.445,11.539169560185185,0.0,281.5780114490559,4.25,0.25,2,4,97.78,24.445,13.0025,2,2
42bde9fef835393bb8a8849cb6b7f245,DF,34,222.76470588235293,10.372565359477123,0.029411764705882353,,4.352941176470588,0.058823529411764705,14,39,7574.0,194.2051282051282,19.676153846153845,15,3
89bc797e2e29667aa035d4368f9b7f92,SP,16,24.525,15.388719618055555,0.1875,283.3108684903529,3.875,0.1875,4,19,392.4,20.652631578947368,12.528421052631579,12,1
f9eedec3129e8cc6b6429c42d0808c5b,RJ,2,394.9,6.757737268518518,0.0,1115.8380140617423,4.5,0.0,2,2,789.8,394.9,21.675,2,1
66922902710d126a0e7d26b0e3805106,MG,150,95.11533333333333,11.31926913580247,0.07333333333333333,618.1784260924469,4.496644295302014,0.053691275167785234,16,155,14267.3,92.04709677419355,20.629870967741937,20,1
32f1bb9dfa65bc7df5c0d9d95a616be4,SP,4,61.6225,6.589253472222222,0.25,182.68962262682842,4.0,0.25,2,5,246.49,49.298,9.662,4,3
05f51e13da97139648b8125c31e5f51b,MG,57,229.82999999999998,12.507035209551658,0.15789473684210525,578.8824464827167,4.228070175438597,0.14035087719298245,13,60,13100.31,218.33849999999998,31.477500000000003,19,2
c43d924a0f1688ee9fae0efcd6f539d4,RJ,1,29.9,21.502858796296298,0.0,354.57728886554605,4.0,0.0,1,1,29.9,29.9,15.11,1,1
91543f9849d68d023e17194926598543,SC,4,208.5,12.869427083333333,0.0,1755.2395994290766,4.5,0.0,4,6,834.0,139.0,44.428333333333335,6,1
3ded4e2d5f135cb103e5949d7263d2dd,MG,1,49.9,5.149016203703703,0.0,458.27618574098574,5.0,0.0,1,1,49.9,49.9,12.48,1,1
7d456afc660226829370f3173d14520c,SP,55,147.60454545454544,8.502737584175083,0.03636363636363636,407.3036106427386,4.345454545454546,0.09090909090909091,11,89,8118.25,91.21629213483146,16.41887640449438,22,5
1900267e848ceeba8fa32d80c1a5f5a8,SP,406,60.6885960591133,13.152182482667397,0.0812807881773399,513.073458118446,3.8659147869674184,0.18796992481203006,20,523,24639.57,47.11198852772466,15.372791586998089,126,3
157c3e4b42f81ac4a44e8b1ca2fe9876,SP,23,110.80434782608695,10.97985809178744,0.08695652173913043,494.5982463647665,3.6956521739130435,0.21739130434782608,8,31,2548.5,82.20967741935483,18.81677419354839,13,2
9fbd5666d8618fa571c4230fafa09bd6,SP,1,79.9,13.122824074074074,0.0,347.4751582178124,5.0,0.0,1,1,79.9,79.9,16.81,1,1
eb9cd5b35d95206585e2185318cb5c61,SP,2,275.0,16.270862268518517,0.0,1036.0265796559768,3.0,0.5,2,3,550.0,183.33333333333334,20.516666666666666,1,1
08d2d642cf72b622b14dde1d2f5eb2f5,SP,16,56.8125,15.320594618055555,0.125,650.2676553272586,4.3125,0.0,6,20,909.0,45.45,15.307999999999998,7,4
525e75a6fb1454a2325ab1734bcec221,SP,9,67.46333333333332,6.366539351851852,0.0,274.9386979792474,3.888888888888889,0.1111111111111111,4,10,607.17,60.717,11.222,3,1
0e982cff76cc0579f632cea8a0e38c9d,SC,6,161.98333333333332,8.62933449074074,0.0,353.9117045048817,4.333333333333333,0.0,4,7,971.9,138.84285714285713,15.608571428571427,6,1
bc30de0d71bd6260b936a026b5cf7200,SP,3,130.79,12.237530864197531,0.0,389.999055531706,4.666666666666667,0.0,3,3,392.37,130.79,30.159999999999997,2,1
014c0679dd340a0e338872e7ec85666a,MG,14,504.14285714285717,19.763406084656083,0.14285714285714285,757.1621491456483,3.857142857142857,0.14285714285714285,8,15,7058.0,470.53333333333336,41.88733333333334,10,3
78ba5933c21686d1c2f64669c8c459e7,SP,2,95.9,6.5282175925925925,0.0,51.937981960932866,4.25,0.0,1,2,191.8,95.9,10.385000000000002,2,2
6ee85be3693ed79a8e80718743d80655,SP,5,29.5,29.121037037037034,0.4,1064.1729471569283,3.2,0.4,5,5,147.5,29.5,17.794,1,1
63272377184e969942f7fff221be858d,SP,2,74.85,12.299733796296296,0.0,228.43229290968074,5.0,0.0,2,2,149.7,74.85,33.265,2,1
d5ba419e26d246a0719437cf37d9b46d,SP,33,118.53030303030303,9.783186377665544,0.09090909090909091,491.473886125206,4.0,0.15625,11,34,3911.5,115.04411764705883,14.83235294117647,9,1
15aac934c58d886785ac1b17953ea898,ES,25,174.15599999999998,14.308052314814816,0.12,844.1342690357005,4.24,0.08,9,26,4353.9,167.4576923076923,25.603846153846156,20,11
0b36063d5818f81ccb94b54adfaebbf5,SC,1,765.0,14.543993055555555,0.0,1083.444463028085,5.0,0.0,1,15,765.0,51.0,1.2,1,1
f789d2c4f2c2eb38fc4373e7a4b35264,MG,44,110.55090909090909,10.94254734848485,0.045454545454545456,689.1420812323153,4.159090909090909,0.13636363636363635,14,49,4864.24,99.27020408163264,17.73469387755102,28,2
fcf16b7a8697e559f0123190bb30177d,SP,3,350.9333333333334,15.578668981481483,0.6666666666666666,302.1507880830501,3.3333333333333335,0.3333333333333333,2,7,1052.8,150.4,71.39571428571428,1,1
7f5e4d5efad7e44b91115dd1decb65f3,SP,3,59.96666666666667,7.696072530864197,0.0,327.49669136849855,5.0,0.0,2,9,179.9,19.98888888888889,8.602222222222222,2,1
299c89a525fee36c567f4fe72f038100,CE,1,189.0,9.31943287037037,0.0,2006.3769463786305,3.0,0.0,1,1,189.0,189.0,53.67,1,1
87b740daf17b5d1be335a64164ec6842,SP,11,1099.99,18.169685395622896,0.09090909090909091,495.0695890730891,3.727272727272727,0.18181818181818182,7,11,12099.89,1099.99,114.08545454545455,8,1
d4f91e8be86b38da2ee35bc489645a9d,SP,1,49.99,17.22824074074074,0.0,138.28570540161553,5.0,0.0,1,1,49.99,49.99,11.17,1,1
eb3071b9f0b0ddaa2df5ea130f09f26b,SP,9,692.2222222222222,9.65403677983539,0.1111111111111111,409.877113721499,4.555555555555555,0.0,5,11,6230.0,566.3636363636364,52.85636363636363,2,2
7b3f6ce5c6c22e9b96e7581ebf0df6e1,SP,1,29.8,10.947905092592592,0.0,90.45103371404504,3.0,0.0,1,1,29.8,29.8,12.69,1,0
31da954dc0855f2495c6310f70a2f931,SP,29,158.0344827586207,8.172798930395913,0.06896551724137931,398.936891190707,4.206896551724138,0.10344827586206896,7,30,4583.0,152.76666666666668,14.990333333333332,14,2
63b9ae557efed31d1f7687917d248a8d,SP,5,27.9,18.660875,0.0,884.421050519233,4.2,0.2,5,7,139.5,19.928571428571427,14.687142857142858,6,2
ef9952469137ff190bacafe117f51537,MG,5,200.53199999999998,10.250847222222223,0.0,554.1782235649558,4.8,0.0,5,5,1002.66,200.53199999999998,16.788,2,1
c18309219e789960add0b2255ca4b091,RJ,1,9.9,14.187407407407408,0.0,345.02869828732685,5.0,0.0,1,1,9.9,9.9,14.1,1,1
4a82168aaef173cbb6e46ae88728f919,PR,4,128.0,6.717989004629629,0.0,504.1423460291201,4.0,0.25,4,4,512.0,128.0,25.0975,2,2
17e34d8224d27a541263c4c64b11a56b,SP,247,220.40599190283402,14.273879142300196,0.07692307692307693,628.4629435972072,4.253061224489796,0.11020408163265306,23,260,54440.28,209.3856923076923,19.57773076923077,110,12
e2aee0892199b1d92530e371abd825bf,PR,36,149.79916666666668,15.507267554012344,0.1388888888888889,646.7217073630114,3.888888888888889,0.2222222222222222,8,39,5392.77,138.27615384615385,64.51564102564103,13,4
870d0118f7a9d85960f29ad89d5d989a,MG,45,70.16,14.461575874485597,0.044444444444444446,,4.044444444444444,0.08888888888888889,8,61,3157.2,51.75737704918033,20.83327868852459,18,2
eb9267cccc90f1b49c8d2f9887c7dd97,PE,1,319.9,7.810868055555556,0.0,2127.0969752942665,5.0,0.0,1,1,319.9,319.9,26.37,1,1
5de1c80811ce7007f62f00d971236c09,SC,2,38.4,8.073929398148149,0.0,437.0975018956706,5.0,0.0,2,2,76.8,38.4,15.475000000000001,2,1
ec8879960bd2221d5c32f8e12f7da711,SP,35,113.07142857142857,16.495119378306878,0.17142857142857143,594.4533768504136,4.294117647058823,0.11764705882352941,12,35,3957.5,113.07142857142857,22.821714285714286,9,1
586a871d4f1221763fddb6ceefdeb95e,RS,1,198.0,68.62114583333333,1.0,1628.6980702044484,1.0,1.0,1,2,198.0,99.0,20.74,1,1
a35124e2d763d7ca3fbe3b97d143200f,SP,4,102.875,10.707777777777778,0.0,472.2629323454379,4.75,0.0,2,7,411.5,58.785714285714285,11.27,2,1
9198786624eaeb375793215cad26cfa6,SC,8,106.8,12.971222511574075,0.0,461.06427235755757,4.0,0.25,5,9,854.4,94.93333333333334,22.033333333333335,6,3
fe1b067411b8c5066e962aa146ccee03,SP,8,105.9725,8.78437210648148,0.0,860.4861605167865,4.625,0.0,5,8,847.78,105.9725,17.8875,2,2
6b9b80d53ba3676eafe60268a810b5a1,SP,9,87.07777777777778,12.04213220164609,0.0,725.8045298411103,4.222222222222222,0.1111111111111111,7,9,783.7,87.07777777777778,17.501111111111115,3,1
a938325a4b357fd23a6a4d5bb126408e,RJ,24,134.625,13.239615162037039,0.041666666666666664,718.9841567419179,3.8333333333333335,0.20833333333333334,11,25,3231.0,129.24,22.432399999999998,20,1
f1b854361f4e15d5851b494df66f22b2,RJ,3,389.59999999999997,7.4041396604938265,0.0,613.5051405819444,3.3333333333333335,0.3333333333333333,2,4,1168.8,292.2,76.61,3,2
3d49bfdd1b43a7fe169b3740067acc61,MG,3,71.66666666666667,8.759347993827161,0.0,833.8260121093575,4.666666666666667,0.0,2,3,215.0,71.66666666666667,20.606666666666666,2,1
9df5750209b83567ec144eb299d7d634,RS,11,447.0,14.06586595117845,0.09090909090909091,1184.2048459666523,4.0,0.18181818181818182,7,11,4917.0,447.0,23.572727272727274,8,3
3d62f86afa7c73be2628a3be1423f5a0,SP,2,6.0,16.73105902777778,0.0,2008.8709574735453,4.0,0.0,2,2,12.0,6.0,21.21,1,1
497709c2976a8fa308730a2dec5b0726,SP,1,76.0,5.948032407407408,0.0,23.656912597636147,5.0,0.0,1,2,76.0,38.0,9.02,1,1
e73bf2cea7fe4b0b4d287a7568ed1099,SC,4,184.42499999999998,5.497410300925926,0.0,689.2624926621719,5.0,0.0,4,5,737.6999999999999,147.54,20.026000000000003,4,2
778323240ce2830d68aab11794e00bfb,SP,3,63.326666666666675,10.546203703703704,0.0,804.3175121252452,4.333333333333333,0.0,3,3,189.98000000000002,63.326666666666675,17.483333333333334,2,1
2493dc3f20131696a0ecdb9948051a8d,DF,4,126.095,9.174956597222222,0.0,997.364874043668,4.75,0.0,3,4,504.38,126.095,17.6725,3,1
a3dd39f583bc80bd8c5901c95878921e,BA,34,135.52382352941177,12.463181168300654,0.029411764705882353,1179.9315610217852,4.588235294117647,0.029411764705882353,13,37,4607.81,124.53540540540541,21.73918918918919,3,1
4342d4b2ba6b161468c63a7e7cfce593,RJ,2,264.45,15.676087962962963,0.5,952.7816229349709,1.0,1.0,2,2,528.9,264.45,17.27,2,1
06df0c10d34e459d9672bc77388742eb,PR,26,348.84615384615387,10.081905715811965,0.038461538461538464,546.490546413524,4.346153846153846,0.07692307692307693,6,30,9070.0,302.3333333333333,17.525666666666666,1,1
89757206b887aed36f3e18d858460fea,SP,2,60.25,9.605752314814815,0.0,1335.6308814437875,5.0,0.0,2,2,120.5,60.25,27.82,2,1
d8b8f2cf9ff6ba0389072541cb42498c,GO,1,149.0,12.159155092592593,0.0,81.64535798987373,5.0,0.0,1,1,149.0,149.0,20.01,1,1
3c03b12bab54d8b37d79d914bfdb1aa0,RJ,37,114.49567567567568,13.623107795295295,0.16216216216216217,552.1124128289031,3.8333333333333335,0.19444444444444445,11,43,4236.34,98.51953488372094,15.893720930232558,12,2
9d5a9018aee56acb367ba9c3f05d1d6a,GO,66,153.33303030303028,15.023560430695847,0.015151515151515152,910.1705175989778,4.454545454545454,0.10606060606060606,16,78,10119.98,129.74333333333334,21.428333333333335,22,5
f9244d45189d3a3605499abddeade7d5,SP,20,754.0719999999999,15.176920717592594,0.0,764.4943203291843,4.35,0.05,10,20,15081.439999999999,754.0719999999999,41.036,10,3
2b3b9ce054da76a7428df143a567b156,SP,5,60.2,8.186101851851852,0.0,425.9983475280562,3.6,0.2,4,6,301.0,50.166666666666664,10.38,3,1
198c7ea11960a9844b544d9bcdca860c,MG,25,69.35,14.513364814814816,0.08,630.0251605541346,3.88,0.24,11,25,1733.75,69.35,19.6652,4,2
a478c7961d6a992065b24e63b366f90b,SC,8,160.1875,9.856011284722221,0.0,550.6442945667102,4.875,0.0,4,9,1281.5,142.38888888888889,18.895555555555557,5,2
30c7f28fd3a5897b2c82d152bb760c17,RJ,6,308.23,20.652399691358024,0.16666666666666666,304.9724766818998,1.4,0.8,3,6,1849.38,308.23,51.848333333333336,4,4
66e0557ecc2b4dbea057e93f215f68d8,SP,30,404.7,31.725889660493827,0.2,572.5930952747435,4.033333333333333,0.13333333333333333,9,30,12141.0,404.7,16.247333333333334,18,1
be1e9e378700cecaa4ebf71433d7915c,SP,2,59.94500000000001,48.17583912037037,1.0,1109.3945517224395,3.0,0.5,2,2,119.89000000000001,59.94500000000001,18.81,1,0
21e83881401b92b49fb09a16d3852291,MG,12,259.0883333333333,10.948888888888888,0.0,588.5572000634721,4.833333333333333,0.0,5,13,3109.06,239.15846153846152,38.23307692307692,8,2
55c96925041a14097b6a7825554f4ad5,SP,5,34.0,11.164361111111111,0.2,152.9367518129506,4.6,0.0,1,6,170.0,28.333333333333332,7.648333333333333,5,1
918f6fbcf3ab724d805867303e593a1b,SP,2,39.849999999999994,4.872783564814815,0.0,70.31563860216346,4.0,0.0,1,3,79.69999999999999,26.566666666666663,10.96,2,2
daeb5653dd96c1b11860f72209795012,MG,38,49.055263157894736,11.650112694931773,0.07894736842105263,456.1955833183092,4.25,0.10526315789473684,9,39,1864.1,47.797435897435896,15.09974358974359,26,8
228e4c1a0be164f613d41c24345f9d2c,PR,5,107.94000000000001,11.118863425925927,0.0,929.8228645615557,5.0,0.0,4,5,539.7,107.94000000000001,45.948,3,1
5145090ab595c0d0b8557199f5701fbf,PR,4,364.9,15.680384837962961,0.0,994.1638601896736,4.25,0.0,3,4,1459.6,364.9,49.4625,4,1
87e24fc7052259b1f7f607d61c10d8be,SP,7,1010.5128571428571,15.341284722222223,0.14285714285714285,893.470085688062,3.857142857142857,0.14285714285714285,5,7,7073.59,1010.5128571428571,30.66571428571428,6,3
d66c11a9572221d92fbb8c4897db5f9b,RJ,16,48.535,8.548737702546296,0.0,595.9720409659645,4.5625,0.0,7,16,776.56,48.535,24.23875,9,3
e2c92f9c1c7746d899d18f2e158bbff7,SP,12,136.82500000000002,9.151562499999999,0.0,663.3278818916236,4.583333333333333,0.0,6,12,1641.9,136.82500000000002,26.2,8,1
ea67327e24487bdfac5fbfa37ea124df,SP,32,195.318125,8.721783130787037,0.03125,439.89683089534213,3.53125,0.25,6,34,6250.18,183.82882352941178,27.355882352941176,24,1
db6a4d4b5f1f5f98820ce6ce2619e2de,SP,1,135.99,3.113460648148148,0.0,36.54910689608465,5.0,0.0,1,1,135.99,135.99,12.16,1,1
1d1bbb8ac1581824986f582583fff01d,SC,4,41.72,9.16330439814815,0.25,406.81394039064094,3.5,0.25,3,4,166.88,41.72,14.897499999999999,3,2
f90f77ef2799a27f80d90c425ca944f7,PR,1,70.0,7.389560185185185,0.0,519.6753521498754,5.0,0.0,1,1,70.0,70.0,19.46,1,1
bbf4a892cac7b82422baa711dffb8997,PR,1,70.0,3.0054398148148147,0.0,168.71078905411576,5.0,0.0,1,1,70.0,70.0,35.34,1,1
39f776d2974049026ff531fc42ef2a3e,GO,3,361.34666666666664,16.382831790123458,0.0,863.1519796034027,3.6666666666666665,0.3333333333333333,2,4,1084.04,271.01,22.5925,3,1
c70c1b0d8ca86052f45a432a38b73958,SP,260,139.57365384615386,8.079231837606837,0.05384615384615385,323.7605115858555,4.368217054263566,0.08914728682170543,15,336,36289.15,108.00342261904763,11.611339285714285,65,1
9e6967d3cf386d284251784b18ccb485,SP,9,57.51888888888888,7.245511831275719,0.1111111111111111,382.9684948102039,3.888888888888889,0.2222222222222222,5,11,517.67,47.060909090909085,12.475454545454545,3,2
747e73c01a4593d4cf60dcf970fd2689,PE,3,739.3299999999999,10.688094135802467,0.0,2038.5832671031467,4.333333333333333,0.0,2,3,2217.99,739.3299999999999,41.25666666666667,3,1
63704069d9bd3a75c1cf59babe56004a,SP,1,59.3,18.27550925925926,1.0,58.27940752019954,1.0,1.0,1,1,59.3,59.3,7.39,1,1
4e2627090e6e5b9fabba883a37897683,MG,1,39.9,3.97537037037037,0.0,513.7001808742455,,,1,1,39.9,39.9,11.72,1,1
61b18775be84fb700a6b2d0ba097bf66,SP,4,83.625,10.575578703703703,0.0,448.6466167941962,4.75,0.0,3,5,334.5,66.9,20.302,4,1
95cca791657aabeff15a07eb152d7841,PR,1,9.99,3.7175,0.0,815.5125762298297,5.0,0.0,1,1,9.99,9.99,18.23,1,1
dde698c6d0bd24834c586e5111c2bba7,RJ,1,155.9,7.692013888888889,0.0,489.5146803396284,5.0,0.0,1,1,155.9,155.9,19.19,1,1
e94b64dc6979b302a5a5be1662c83bb6,SP,2,153.445,9.009612268518518,0.0,787.1703419706777,5.0,0.0,2,2,306.89,153.445,15.870000000000001,2,1
15ead3a5037a918ddb520dfe39a3d2b9,MG,6,42.416666666666664,17.651520061728394,0.16666666666666666,656.872275619747,4.833333333333333,0.0,4,7,254.5,36.357142857142854,20.03142857142857,7,1
9d489893ff6af05029671b785f54b998,SP,5,59.739999999999995,7.294662037037037,0.0,311.79828698067905,4.0,0.2,3,6,298.7,49.78333333333333,17.09,5,2
725af026f869236a8dd0ceb98564d156,MG,5,162.144,13.673094907407409,0.0,229.2070957449385,4.4,0.0,2,5,810.72,162.144,25.189999999999998,4,1
f00f5b35d0abcacbdd863672f4bb2c1a,SP,1,299.0,12.155833333333334,0.0,77.3146615245991,4.0,0.0,1,1,299.0,299.0,14.43,1,1
7bac63f6603d382cc8d0832eb6c100a8,SP,19,407.9973684210526,15.764658869395712,0.10526315789473684,548.1141335155269,4.0,0.10526315789473684,7,19,7751.95,407.9973684210526,19.086842105263155,11,4
f1fdf2d13186575751aa25876536d85c,SP,1,26.3,6.141400462962963,0.0,4.718021131602431,5.0,0.0,1,1,26.3,26.3,8.29,1,1
98dddbc4601dd4443ca174359b237166,PR,2,79.0,8.23082175925926,0.0,722.8657085487725,5.0,0.0,2,2,158.0,79.0,26.835,1,1
f8201cab383e484733266d1906e2fdfa,SC,10,88.9,13.045797453703704,0.1,1424.0771739443023,4.1,0.1,7,10,889.0,88.9,25.583,4,1
74871d19219c7d518d0090283e03c137,SP,6,91.67333333333333,3.870761959876543,0.0,116.86479449165756,5.0,0.0,2,7,550.04,78.57714285714285,12.552857142857144,6,3
e603cf3fec55f8697c9059638d6c8eb5,RS,7,38.57142857142857,6.320124007936507,0.0,1196.4121601027582,4.571428571428571,0.0,3,10,270.0,27.0,17.299,1,0
9e25199f6ef7e7c347120ff175652c3b,SP,1,12.5,8.199456018518518,0.0,537.9497457240519,4.0,0.0,1,1,12.5,12.5,14.52,1,1
